/* s2s1_dt_blob.h — СГЕНЕРИРОВАНО step_g7_gen_blob.py, НЕ ПРАВИТЬ ВРУЧНУЮ
 * S1 svc_SendTable(9) кадры: [varint 9][varint len][CSVCMsg_SendTable pb]
 * таблиц: 275, props: 2298, байт: 70473
 * Порядок: пустые base-таблицы, файловые (own+baseclass), embedded.
 * ClassInfo синтезируется рантаймом из S2 svc_ClassInfo + g_class_alias.
 */
#ifndef S2S1_DT_BLOB_H
#define S2S1_DT_BLOB_H

#define DT_BLOB_SIZE 70473
#define DT_BLOB_TABLES 275

static const unsigned char g_dt_blob[DT_BLOB_SIZE] = {
  0x09,0x0e,0x08,0x01,0x12,0x08,0x44,0x54,0x5f,0x45,0x6d,0x70,0x74,0x79,0x18,0x00,0x09,0x17,0x08,0x01,
  0x12,0x11,0x44,0x54,0x5f,0x42,0x61,0x73,0x65,0x54,0x65,0x6d,0x70,0x45,0x6e,0x74,0x69,0x74,0x79,0x18,
  0x00,0x09,0x17,0x08,0x01,0x12,0x11,0x44,0x54,0x5f,0x47,0x61,0x6d,0x65,0x52,0x75,0x6c,0x65,0x73,0x50,
  0x72,0x6f,0x78,0x79,0x18,0x00,0x09,0xe7,0x02,0x08,0x01,0x12,0x0d,0x44,0x54,0x5f,0x41,0x49,0x5f,0x42,
  0x61,0x73,0x65,0x4e,0x50,0x43,0x18,0x00,0x22,0x29,0x08,0x06,0x12,0x09,0x62,0x61,0x73,0x65,0x63,0x6c,
  0x61,0x73,0x73,0x18,0x00,0x20,0x40,0x2a,0x16,0x44,0x54,0x5f,0x42,0x61,0x73,0x65,0x43,0x6f,0x6d,0x62,
  0x61,0x74,0x43,0x68,0x61,0x72,0x61,0x63,0x74,0x65,0x72,0x22,0x15,0x08,0x00,0x12,0x0b,0x6d,0x5f,0x6c,
  0x69,0x66,0x65,0x53,0x74,0x61,0x74,0x65,0x18,0x00,0x20,0x40,0x48,0x20,0x22,0x1d,0x08,0x00,0x12,0x13,
  0x6d,0x5f,0x62,0x50,0x65,0x72,0x66,0x6f,0x72,0x6d,0x41,0x76,0x6f,0x69,0x64,0x61,0x6e,0x63,0x65,0x18,
  0x00,0x20,0x40,0x48,0x20,0x22,0x15,0x08,0x00,0x12,0x0b,0x6d,0x5f,0x62,0x49,0x73,0x4d,0x6f,0x76,0x69,
  0x6e,0x67,0x18,0x00,0x20,0x40,0x48,0x20,0x22,0x17,0x08,0x00,0x12,0x0d,0x6d,0x5f,0x62,0x46,0x61,0x64,
  0x65,0x43,0x6f,0x72,0x70,0x73,0x65,0x18,0x00,0x20,0x40,0x48,0x20,0x22,0x16,0x08,0x00,0x12,0x0c,0x6d,
  0x5f,0x69,0x44,0x65,0x61,0x74,0x68,0x50,0x6f,0x73,0x65,0x18,0x00,0x20,0x40,0x48,0x20,0x22,0x17,0x08,
  0x00,0x12,0x0d,0x6d,0x5f,0x69,0x44,0x65,0x61,0x74,0x68,0x46,0x72,0x61,0x6d,0x65,0x18,0x00,0x20,0x40,
  0x48,0x20,0x22,0x1b,0x08,0x00,0x12,0x11,0x6d,0x5f,0x69,0x53,0x70,0x65,0x65,0x64,0x4d,0x6f,0x64,0x52,
  0x61,0x64,0x69,0x75,0x73,0x18,0x00,0x20,0x40,0x48,0x20,0x22,0x1a,0x08,0x00,0x12,0x10,0x6d,0x5f,0x69,
  0x53,0x70,0x65,0x65,0x64,0x4d,0x6f,0x64,0x53,0x70,0x65,0x65,0x64,0x18,0x00,0x20,0x40,0x48,0x20,0x22,
  0x1b,0x08,0x00,0x12,0x11,0x6d,0x5f,0x62,0x53,0x70,0x65,0x65,0x64,0x4d,0x6f,0x64,0x41,0x63,0x74,0x69,
  0x76,0x65,0x18,0x00,0x20,0x40,0x48,0x20,0x22,0x1c,0x08,0x00,0x12,0x12,0x6d,0x5f,0x62,0x49,0x6d,0x70,
  0x6f,0x72,0x74,0x61,0x6e,0x52,0x61,0x67,0x64,0x6f,0x6c,0x6c,0x18,0x00,0x20,0x40,0x48,0x20,0x22,0x1c,
  0x08,0x01,0x12,0x12,0x6d,0x5f,0x66,0x6c,0x54,0x69,0x6d,0x65,0x50,0x69,0x6e,0x67,0x45,0x66,0x66,0x65,
  0x63,0x74,0x18,0x04,0x20,0x40,0x48,0x20,0x09,0xc1,0x05,0x08,0x01,0x12,0x10,0x44,0x54,0x5f,0x42,0x61,
  0x73,0x65,0x41,0x6e,0x69,0x6d,0x61,0x74,0x69,0x6e,0x67,0x18,0x00,0x22,0x20,0x08,0x06,0x12,0x09,0x62,
  0x61,0x73,0x65,0x63,0x6c,0x61,0x73,0x73,0x18,0x00,0x20,0x40,0x2a,0x0d,0x44,0x54,0x5f,0x42,0x61,0x73,
  0x65,0x45,0x6e,0x74,0x69,0x74,0x79,0x22,0x15,0x08,0x00,0x12,0x0b,0x6d,0x5f,0x6e,0x53,0x65,0x71,0x75,
  0x65,0x6e,0x63,0x65,0x18,0x00,0x20,0x40,0x48,0x20,0x22,0x16,0x08,0x00,0x12,0x0c,0x6d,0x5f,0x6e,0x46,
  0x6f,0x72,0x63,0x65,0x42,0x6f,0x6e,0x65,0x18,0x00,0x20,0x40,0x48,0x20,0x22,0x14,0x08,0x02,0x12,0x0a,
  0x6d,0x5f,0x76,0x65,0x63,0x46,0x6f,0x72,0x63,0x65,0x18,0x04,0x20,0x40,0x48,0x00,0x22,0x11,0x08,0x00,
  0x12,0x07,0x6d,0x5f,0x6e,0x53,0x6b,0x69,0x6e,0x18,0x00,0x20,0x40,0x48,0x20,0x22,0x11,0x08,0x00,0x12,
  0x07,0x6d,0x5f,0x6e,0x42,0x6f,0x64,0x79,0x18,0x00,0x20,0x40,0x48,0x20,0x22,0x16,0x08,0x00,0x12,0x0c,
  0x6d,0x5f,0x6e,0x48,0x69,0x74,0x62,0x6f,0x78,0x53,0x65,0x74,0x18,0x00,0x20,0x40,0x48,0x20,0x22,0x18,
  0x08,0x01,0x12,0x0e,0x6d,0x5f,0x66,0x6c,0x4d,0x6f,0x64,0x65,0x6c,0x53,0x63,0x61,0x6c,0x65,0x18,0x04,
  0x20,0x40,0x48,0x20,0x22,0x0f,0x08,0x01,0x12,0x04,0x30,0x30,0x30,0x30,0x18,0x84,0x02,0x20,0x40,0x48,
  0x20,0x22,0x1b,0x08,0x05,0x12,0x11,0x6d,0x5f,0x66,0x6c,0x50,0x6f,0x73,0x65,0x50,0x61,0x72,0x61,0x6d,
  0x65,0x74,0x65,0x72,0x18,0x00,0x20,0x40,0x30,0x18,0x22,0x1a,0x08,0x01,0x12,0x10,0x6d,0x5f,0x66,0x6c,
  0x50,0x6c,0x61,0x79,0x62,0x61,0x63,0x6b,0x52,0x61,0x74,0x65,0x18,0x04,0x20,0x40,0x48,0x20,0x22,0x0f,
  0x08,0x00,0x12,0x04,0x30,0x30,0x30,0x30,0x18,0x80,0x02,0x20,0x40,0x48,0x20,0x22,0x1f,0x08,0x05,0x12,
  0x15,0x6d,0x5f,0x66,0x6c,0x45,0x6e,0x63,0x6f,0x64,0x65,0x64,0x43,0x6f,0x6e,0x74,0x72,0x6f,0x6c,0x6c,
  0x65,0x72,0x18,0x00,0x20,0x40,0x30,0x18,0x22,0x20,0x08,0x00,0x12,0x16,0x6d,0x5f,0x62,0x43,0x6c,0x69,
  0x65,0x6e,0x74,0x53,0x69,0x64,0x65,0x41,0x6e,0x69,0x6d,0x61,0x74,0x69,0x6f,0x6e,0x18,0x00,0x20,0x40,
  0x48,0x20,0x22,0x21,0x08,0x00,0x12,0x17,0x6d,0x5f,0x62,0x43,0x6c,0x69,0x65,0x6e,0x74,0x53,0x69,0x64,
  0x65,0x46,0x72,0x61,0x6d,0x65,0x52,0x65,0x73,0x65,0x74,0x18,0x00,0x20,0x40,0x48,0x20,0x22,0x1e,0x08,
  0x00,0x12,0x14,0x6d,0x5f,0x62,0x43,0x6c,0x69,0x65,0x6e,0x74,0x53,0x69,0x64,0x65,0x52,0x61,0x67,0x64,
  0x6f,0x6c,0x6c,0x18,0x00,0x20,0x40,0x48,0x20,0x22,0x1e,0x08,0x00,0x12,0x14,0x6d,0x5f,0x6e,0x4e,0x65,
  0x77,0x53,0x65,0x71,0x75,0x65,0x6e,0x63,0x65,0x50,0x61,0x72,0x69,0x74,0x79,0x18,0x00,0x20,0x40,0x48,
  0x20,0x22,0x1e,0x08,0x00,0x12,0x14,0x6d,0x5f,0x6e,0x52,0x65,0x73,0x65,0x74,0x45,0x76,0x65,0x6e,0x74,
  0x73,0x50,0x61,0x72,0x69,0x74,0x79,0x18,0x00,0x20,0x40,0x48,0x20,0x22,0x1e,0x08,0x00,0x12,0x14,0x6d,
  0x5f,0x6e,0x4d,0x75,0x7a,0x7a,0x6c,0x65,0x46,0x6c,0x61,0x73,0x68,0x50,0x61,0x72,0x69,0x74,0x79,0x18,
  0x00,0x20,0x40,0x48,0x20,0x22,0x1b,0x08,0x00,0x12,0x11,0x6d,0x5f,0x68,0x4c,0x69,0x67,0x68,0x74,0x69,
  0x6e,0x67,0x4f,0x72,0x69,0x67,0x69,0x6e,0x18,0x00,0x20,0x40,0x48,0x20,0x22,0x0f,0x08,0x01,0x12,0x04,
  0x30,0x30,0x30,0x30,0x18,0x84,0x02,0x20,0x40,0x48,0x20,0x22,0x18,0x08,0x05,0x12,0x0e,0x73,0x65,0x72,
  0x76,0x65,0x72,0x61,0x6e,0x69,0x6d,0x64,0x61,0x74,0x61,0x18,0x00,0x20,0x40,0x30,0x04,0x22,0x13,0x08,
  0x01,0x12,0x09,0x6d,0x5f,0x66,0x6c,0x43,0x79,0x63,0x6c,0x65,0x18,0x04,0x20,0x40,0x48,0x20,0x22,0x14,
  0x08,0x01,0x12,0x0a,0x6d,0x5f,0x66,0x6c,0x46,0x72,0x6f,0x7a,0x65,0x6e,0x18,0x04,0x20,0x40,0x48,0x20,
  0x22,0x15,0x08,0x00,0x12,0x0b,0x6d,0x5f,0x53,0x63,0x61,0x6c,0x65,0x54,0x79,0x70,0x65,0x18,0x00,0x20,
  0x40,0x48,0x20,0x22,0x1f,0x08,0x00,0x12,0x15,0x6d,0x5f,0x62,0x53,0x75,0x70,0x70,0x72,0x65,0x73,0x73,
  0x41,0x6e,0x69,0x6d,0x53,0x6f,0x75,0x6e,0x64,0x73,0x18,0x00,0x20,0x40,0x48,0x20,0x09,0x57,0x08,0x01,
  0x12,0x11,0x44,0x54,0x5f,0x41,0x6e,0x69,0x6d,0x61,0x74,0x69,0x6f,0x6e,0x6c,0x61,0x79,0x65,0x72,0x18,
  0x00,0x22,0x0f,0x08,0x00,0x12,0x04,0x30,0x30,0x30,0x30,0x18,0x80,0x02,0x20,0x40,0x48,0x20,0x22,0x15,
  0x08,0x05,0x12,0x0b,0x6c,0x65,0x6e,0x67,0x74,0x68,0x70,0x72,0x6f,0x78,0x79,0x18,0x00,0x20,0x40,0x30,
  0x01,0x22,0x16,0x08,0x00,0x12,0x0c,0x6c,0x65,0x6e,0x67,0x74,0x68,0x70,0x72,0x6f,0x70,0x31,0x35,0x18,
  0x00,0x20,0x40,0x48,0x20,0x09,0x7e,0x08,0x01,0x12,0x0e,0x44,0x54,0x5f,0x4f,0x76,0x65,0x72,0x6c,0x61,
  0x79,0x56,0x61,0x72,0x73,0x18,0x00,0x22,0x28,0x08,0x06,0x12,0x0d,0x6d,0x5f,0x41,0x6e,0x69,0x6d,0x4f,
  0x76,0x65,0x72,0x6c,0x61,0x79,0x18,0x00,0x20,0x40,0x2a,0x11,0x44,0x54,0x5f,0x41,0x6e,0x69,0x6d,0x61,
  0x74,0x69,0x6f,0x6e,0x6c,0x61,0x79,0x65,0x72,0x22,0x0f,0x08,0x00,0x12,0x04,0x30,0x30,0x30,0x30,0x18,
  0x80,0x02,0x20,0x40,0x48,0x20,0x22,0x15,0x08,0x05,0x12,0x0b,0x6c,0x65,0x6e,0x67,0x74,0x68,0x70,0x72,
  0x6f,0x78,0x79,0x18,0x00,0x20,0x40,0x30,0x01,0x22,0x16,0x08,0x00,0x12,0x0c,0x6c,0x65,0x6e,0x67,0x74,
  0x68,0x70,0x72,0x6f,0x70,0x31,0x35,0x18,0x00,0x20,0x40,0x48,0x20,0x09,0x68,0x08,0x01,0x12,0x17,0x44,
  0x54,0x5f,0x42,0x61,0x73,0x65,0x41,0x6e,0x69,0x6d,0x61,0x74,0x69,0x6e,0x67,0x4f,0x76,0x65,0x72,0x6c,
  0x61,0x79,0x18,0x00,0x22,0x23,0x08,0x06,0x12,0x09,0x62,0x61,0x73,0x65,0x63,0x6c,0x61,0x73,0x73,0x18,
  0x00,0x20,0x40,0x2a,0x10,0x44,0x54,0x5f,0x42,0x61,0x73,0x65,0x41,0x6e,0x69,0x6d,0x61,0x74,0x69,0x6e,
  0x67,0x22,0x24,0x08,0x06,0x12,0x0c,0x6f,0x76,0x65,0x72,0x6c,0x61,0x79,0x5f,0x76,0x61,0x72,0x73,0x18,
  0x00,0x20,0x40,0x2a,0x0e,0x44,0x54,0x5f,0x4f,0x76,0x65,0x72,0x6c,0x61,0x79,0x56,0x61,0x72,0x73,0x09,
  0x5f,0x08,0x01,0x12,0x19,0x44,0x54,0x5f,0x53,0x63,0x72,0x69,0x70,0x74,0x43,0x72,0x65,0x61,0x74,0x65,
  0x64,0x41,0x74,0x74,0x72,0x69,0x62,0x75,0x74,0x65,0x18,0x00,0x22,0x0f,0x08,0x00,0x12,0x04,0x30,0x30,
  0x30,0x30,0x18,0x80,0x02,0x20,0x40,0x48,0x20,0x22,0x15,0x08,0x05,0x12,0x0b,0x6c,0x65,0x6e,0x67,0x74,
  0x68,0x70,0x72,0x6f,0x78,0x79,0x18,0x00,0x20,0x40,0x30,0x01,0x22,0x16,0x08,0x00,0x12,0x0c,0x6c,0x65,
  0x6e,0x67,0x74,0x68,0x70,0x72,0x6f,0x70,0x33,0x32,0x18,0x00,0x20,0x40,0x48,0x20,0x09,0xa1,0x03,0x08,
  0x01,0x12,0x14,0x44,0x54,0x5f,0x53,0x63,0x72,0x69,0x70,0x74,0x43,0x72,0x65,0x61,0x74,0x65,0x64,0x49,
  0x74,0x65,0x6d,0x18,0x00,0x22,0x20,0x08,0x00,0x12,0x16,0x6d,0x5f,0x69,0x49,0x74,0x65,0x6d,0x44,0x65,
  0x66,0x69,0x6e,0x69,0x74,0x69,0x6f,0x6e,0x49,0x6e,0x64,0x65,0x78,0x18,0x00,0x20,0x40,0x48,0x20,0x22,
  0x18,0x08,0x00,0x12,0x0e,0x6d,0x5f,0x69,0x45,0x6e,0x74,0x69,0x74,0x79,0x4c,0x65,0x76,0x65,0x6c,0x18,
  0x00,0x20,0x40,0x48,0x20,0x22,0x17,0x08,0x00,0x12,0x0d,0x6d,0x5f,0x69,0x49,0x74,0x65,0x6d,0x49,0x44,
  0x48,0x69,0x67,0x68,0x18,0x00,0x20,0x40,0x48,0x20,0x22,0x16,0x08,0x00,0x12,0x0c,0x6d,0x5f,0x69,0x49,
  0x74,0x65,0x6d,0x49,0x44,0x4c,0x6f,0x77,0x18,0x00,0x20,0x40,0x48,0x20,0x22,0x16,0x08,0x00,0x12,0x0c,
  0x6d,0x5f,0x69,0x41,0x63,0x63,0x6f,0x75,0x6e,0x74,0x49,0x44,0x18,0x00,0x20,0x40,0x48,0x20,0x22,0x1a,
  0x08,0x00,0x12,0x10,0x6d,0x5f,0x69,0x45,0x6e,0x74,0x69,0x74,0x79,0x51,0x75,0x61,0x6c,0x69,0x74,0x79,
  0x18,0x00,0x20,0x40,0x48,0x20,0x22,0x18,0x08,0x00,0x12,0x0e,0x6d,0x5f,0x62,0x49,0x6e,0x69,0x74,0x69,
  0x61,0x6c,0x69,0x7a,0x65,0x64,0x18,0x00,0x20,0x40,0x48,0x20,0x22,0x18,0x08,0x04,0x12,0x0e,0x6d,0x5f,
  0x73,0x7a,0x43,0x75,0x73,0x74,0x6f,0x6d,0x4e,0x61,0x6d,0x65,0x18,0x00,0x20,0x40,0x48,0x00,0x22,0x0f,
  0x08,0x00,0x12,0x04,0x30,0x30,0x30,0x30,0x18,0x80,0x02,0x20,0x40,0x48,0x20,0x22,0x2e,0x08,0x05,0x12,
  0x24,0x6d,0x5f,0x4e,0x65,0x74,0x77,0x6f,0x72,0x6b,0x65,0x64,0x44,0x79,0x6e,0x61,0x6d,0x69,0x63,0x41,
  0x74,0x74,0x72,0x69,0x62,0x75,0x74,0x65,0x73,0x46,0x6f,0x72,0x44,0x65,0x6d,0x6f,0x73,0x18,0x00,0x20,
  0x40,0x30,0x40,0x22,0x2f,0x08,0x06,0x12,0x0c,0x6d,0x5f,0x41,0x74,0x74,0x72,0x69,0x62,0x75,0x74,0x65,
  0x73,0x18,0x00,0x20,0x40,0x2a,0x19,0x44,0x54,0x5f,0x53,0x63,0x72,0x69,0x70,0x74,0x43,0x72,0x65,0x61,
  0x74,0x65,0x64,0x41,0x74,0x74,0x72,0x69,0x62,0x75,0x74,0x65,0x22,0x0f,0x08,0x00,0x12,0x04,0x30,0x30,
  0x30,0x30,0x18,0x80,0x02,0x20,0x40,0x48,0x20,0x22,0x15,0x08,0x05,0x12,0x0b,0x6c,0x65,0x6e,0x67,0x74,
  0x68,0x70,0x72,0x6f,0x78,0x79,0x18,0x00,0x20,0x40,0x30,0x01,0x22,0x16,0x08,0x00,0x12,0x0c,0x6c,0x65,
  0x6e,0x67,0x74,0x68,0x70,0x72,0x6f,0x70,0x33,0x32,0x18,0x00,0x20,0x40,0x48,0x20,0x09,0xd3,0x05,0x08,
  0x01,0x12,0x13,0x44,0x54,0x5f,0x41,0x74,0x74,0x72,0x69,0x62,0x75,0x74,0x65,0x4d,0x61,0x6e,0x61,0x67,
  0x65,0x72,0x18,0x00,0x22,0x12,0x08,0x00,0x12,0x08,0x6d,0x5f,0x68,0x4f,0x75,0x74,0x65,0x72,0x18,0x00,
  0x20,0x40,0x48,0x20,0x22,0x18,0x08,0x00,0x12,0x0e,0x6d,0x5f,0x50,0x72,0x6f,0x76,0x69,0x64,0x65,0x72,
  0x54,0x79,0x70,0x65,0x18,0x00,0x20,0x40,0x48,0x20,0x22,0x23,0x08,0x00,0x12,0x19,0x6d,0x5f,0x69,0x52,
  0x65,0x61,0x70,0x70,0x6c,0x79,0x50,0x72,0x6f,0x76,0x69,0x73,0x69,0x6f,0x6e,0x50,0x61,0x72,0x69,0x74,
  0x79,0x18,0x00,0x20,0x40,0x48,0x20,0x22,0x24,0x08,0x06,0x12,0x06,0x6d,0x5f,0x49,0x74,0x65,0x6d,0x18,
  0x00,0x20,0x40,0x2a,0x14,0x44,0x54,0x5f,0x53,0x63,0x72,0x69,0x70,0x74,0x43,0x72,0x65,0x61,0x74,0x65,
  0x64,0x49,0x74,0x65,0x6d,0x22,0x20,0x08,0x00,0x12,0x16,0x6d,0x5f,0x69,0x49,0x74,0x65,0x6d,0x44,0x65,
  0x66,0x69,0x6e,0x69,0x74,0x69,0x6f,0x6e,0x49,0x6e,0x64,0x65,0x78,0x18,0x00,0x20,0x40,0x48,0x20,0x22,
  0x18,0x08,0x00,0x12,0x0e,0x6d,0x5f,0x69,0x45,0x6e,0x74,0x69,0x74,0x79,0x4c,0x65,0x76,0x65,0x6c,0x18,
  0x00,0x20,0x40,0x48,0x20,0x22,0x17,0x08,0x00,0x12,0x0d,0x6d,0x5f,0x69,0x49,0x74,0x65,0x6d,0x49,0x44,
  0x48,0x69,0x67,0x68,0x18,0x00,0x20,0x40,0x48,0x20,0x22,0x16,0x08,0x00,0x12,0x0c,0x6d,0x5f,0x69,0x49,
  0x74,0x65,0x6d,0x49,0x44,0x4c,0x6f,0x77,0x18,0x00,0x20,0x40,0x48,0x20,0x22,0x16,0x08,0x00,0x12,0x0c,
  0x6d,0x5f,0x69,0x41,0x63,0x63,0x6f,0x75,0x6e,0x74,0x49,0x44,0x18,0x00,0x20,0x40,0x48,0x20,0x22,0x1a,
  0x08,0x00,0x12,0x10,0x6d,0x5f,0x69,0x45,0x6e,0x74,0x69,0x74,0x79,0x51,0x75,0x61,0x6c,0x69,0x74,0x79,
  0x18,0x00,0x20,0x40,0x48,0x20,0x22,0x18,0x08,0x00,0x12,0x0e,0x6d,0x5f,0x62,0x49,0x6e,0x69,0x74,0x69,
  0x61,0x6c,0x69,0x7a,0x65,0x64,0x18,0x00,0x20,0x40,0x48,0x20,0x22,0x18,0x08,0x04,0x12,0x0e,0x6d,0x5f,
  0x73,0x7a,0x43,0x75,0x73,0x74,0x6f,0x6d,0x4e,0x61,0x6d,0x65,0x18,0x00,0x20,0x40,0x48,0x00,0x22,0x0f,
  0x08,0x00,0x12,0x04,0x30,0x30,0x30,0x30,0x18,0x80,0x02,0x20,0x40,0x48,0x20,0x22,0x2e,0x08,0x05,0x12,
  0x24,0x6d,0x5f,0x4e,0x65,0x74,0x77,0x6f,0x72,0x6b,0x65,0x64,0x44,0x79,0x6e,0x61,0x6d,0x69,0x63,0x41,
  0x74,0x74,0x72,0x69,0x62,0x75,0x74,0x65,0x73,0x46,0x6f,0x72,0x44,0x65,0x6d,0x6f,0x73,0x18,0x00,0x20,
  0x40,0x30,0x40,0x22,0x2f,0x08,0x06,0x12,0x0c,0x6d,0x5f,0x41,0x74,0x74,0x72,0x69,0x62,0x75,0x74,0x65,
  0x73,0x18,0x00,0x20,0x40,0x2a,0x19,0x44,0x54,0x5f,0x53,0x63,0x72,0x69,0x70,0x74,0x43,0x72,0x65,0x61,
  0x74,0x65,0x64,0x41,0x74,0x74,0x72,0x69,0x62,0x75,0x74,0x65,0x22,0x0f,0x08,0x00,0x12,0x04,0x30,0x30,
  0x30,0x30,0x18,0x80,0x02,0x20,0x40,0x48,0x20,0x22,0x15,0x08,0x05,0x12,0x0b,0x6c,0x65,0x6e,0x67,0x74,
  0x68,0x70,0x72,0x6f,0x78,0x79,0x18,0x00,0x20,0x40,0x30,0x01,0x22,0x16,0x08,0x00,0x12,0x0c,0x6c,0x65,
  0x6e,0x67,0x74,0x68,0x70,0x72,0x6f,0x70,0x33,0x32,0x18,0x00,0x20,0x40,0x48,0x20,0x22,0x20,0x08,0x00,
  0x12,0x16,0x6d,0x5f,0x4f,0x72,0x69,0x67,0x69,0x6e,0x61,0x6c,0x4f,0x77,0x6e,0x65,0x72,0x58,0x75,0x69,
  0x64,0x4c,0x6f,0x77,0x18,0x00,0x20,0x40,0x48,0x20,0x22,0x21,0x08,0x00,0x12,0x17,0x6d,0x5f,0x4f,0x72,
  0x69,0x67,0x69,0x6e,0x61,0x6c,0x4f,0x77,0x6e,0x65,0x72,0x58,0x75,0x69,0x64,0x48,0x69,0x67,0x68,0x18,
  0x00,0x20,0x40,0x48,0x20,0x22,0x1d,0x08,0x00,0x12,0x13,0x6d,0x5f,0x6e,0x46,0x61,0x6c,0x6c,0x62,0x61,
  0x63,0x6b,0x50,0x61,0x69,0x6e,0x74,0x4b,0x69,0x74,0x18,0x00,0x20,0x40,0x48,0x20,0x22,0x19,0x08,0x00,
  0x12,0x0f,0x6d,0x5f,0x6e,0x46,0x61,0x6c,0x6c,0x62,0x61,0x63,0x6b,0x53,0x65,0x65,0x64,0x18,0x00,0x20,
  0x40,0x48,0x20,0x22,0x1a,0x08,0x01,0x12,0x10,0x6d,0x5f,0x66,0x6c,0x46,0x61,0x6c,0x6c,0x62,0x61,0x63,
  0x6b,0x57,0x65,0x61,0x72,0x18,0x04,0x20,0x40,0x48,0x20,0x22,0x1d,0x08,0x00,0x12,0x13,0x6d,0x5f,0x6e,
  0x46,0x61,0x6c,0x6c,0x62,0x61,0x63,0x6b,0x53,0x74,0x61,0x74,0x54,0x72,0x61,0x6b,0x18,0x00,0x20,0x40,
  0x48,0x20,0x09,0x73,0x08,0x01,0x12,0x17,0x44,0x54,0x5f,0x42,0x61,0x73,0x65,0x41,0x74,0x74,0x72,0x69,
  0x62,0x75,0x74,0x61,0x62,0x6c,0x65,0x49,0x74,0x65,0x6d,0x18,0x00,0x22,0x23,0x08,0x06,0x12,0x09,0x62,
  0x61,0x73,0x65,0x63,0x6c,0x61,0x73,0x73,0x18,0x00,0x20,0x40,0x2a,0x10,0x44,0x54,0x5f,0x42,0x61,0x73,
  0x65,0x41,0x6e,0x69,0x6d,0x61,0x74,0x69,0x6e,0x67,0x22,0x2f,0x08,0x06,0x12,0x12,0x6d,0x5f,0x41,0x74,
  0x74,0x72,0x69,0x62,0x75,0x74,0x65,0x4d,0x61,0x6e,0x61,0x67,0x65,0x72,0x18,0x00,0x20,0x40,0x2a,0x13,
  0x44,0x54,0x5f,0x41,0x74,0x74,0x72,0x69,0x62,0x75,0x74,0x65,0x4d,0x61,0x6e,0x61,0x67,0x65,0x72,0x09,
  0xbe,0x02,0x08,0x01,0x12,0x0b,0x44,0x54,0x5f,0x42,0x61,0x73,0x65,0x42,0x65,0x61,0x6d,0x18,0x00,0x22,
  0x17,0x08,0x00,0x12,0x0d,0x6d,0x5f,0x6e,0x4d,0x6f,0x64,0x65,0x6c,0x49,0x6e,0x64,0x65,0x78,0x18,0x00,
  0x20,0x40,0x48,0x20,0x22,0x16,0x08,0x00,0x12,0x0c,0x6d,0x5f,0x6e,0x48,0x61,0x6c,0x6f,0x49,0x6e,0x64,
  0x65,0x78,0x18,0x00,0x20,0x40,0x48,0x20,0x22,0x17,0x08,0x00,0x12,0x0d,0x6d,0x5f,0x6e,0x53,0x74,0x61,
  0x72,0x74,0x46,0x72,0x61,0x6d,0x65,0x18,0x00,0x20,0x40,0x48,0x20,0x22,0x16,0x08,0x00,0x12,0x0c,0x6d,
  0x5f,0x6e,0x46,0x72,0x61,0x6d,0x65,0x52,0x61,0x74,0x65,0x18,0x00,0x20,0x40,0x48,0x20,0x22,0x11,0x08,
  0x01,0x12,0x07,0x6d,0x5f,0x66,0x4c,0x69,0x66,0x65,0x18,0x04,0x20,0x40,0x48,0x20,0x22,0x12,0x08,0x01,
  0x12,0x08,0x6d,0x5f,0x66,0x57,0x69,0x64,0x74,0x68,0x18,0x04,0x20,0x40,0x48,0x20,0x22,0x15,0x08,0x01,
  0x12,0x0b,0x6d,0x5f,0x66,0x45,0x6e,0x64,0x57,0x69,0x64,0x74,0x68,0x18,0x04,0x20,0x40,0x48,0x20,0x22,
  0x17,0x08,0x00,0x12,0x0d,0x6d,0x5f,0x6e,0x46,0x61,0x64,0x65,0x4c,0x65,0x6e,0x67,0x74,0x68,0x18,0x00,
  0x20,0x40,0x48,0x20,0x22,0x16,0x08,0x01,0x12,0x0c,0x6d,0x5f,0x66,0x41,0x6d,0x70,0x6c,0x69,0x74,0x75,
  0x64,0x65,0x18,0x04,0x20,0x40,0x48,0x20,0x22,0x12,0x08,0x00,0x12,0x08,0x6d,0x5f,0x6e,0x53,0x70,0x65,
  0x65,0x64,0x18,0x00,0x20,0x40,0x48,0x20,0x22,0x0b,0x08,0x00,0x12,0x01,0x72,0x18,0x00,0x20,0x40,0x48,
  0x20,0x22,0x0b,0x08,0x00,0x12,0x01,0x67,0x18,0x00,0x20,0x40,0x48,0x20,0x22,0x0b,0x08,0x00,0x12,0x01,
  0x62,0x18,0x00,0x20,0x40,0x48,0x20,0x22,0x0b,0x08,0x00,0x12,0x01,0x61,0x18,0x00,0x20,0x40,0x48,0x20,
  0x22,0x12,0x08,0x00,0x12,0x08,0x6d,0x5f,0x6e,0x46,0x6c,0x61,0x67,0x73,0x18,0x00,0x20,0x40,0x48,0x20,
  0x09,0x49,0x08,0x01,0x12,0x0d,0x44,0x54,0x5f,0x42,0x61,0x73,0x65,0x42,0x75,0x74,0x74,0x6f,0x6e,0x18,
  0x00,0x22,0x20,0x08,0x06,0x12,0x09,0x62,0x61,0x73,0x65,0x63,0x6c,0x61,0x73,0x73,0x18,0x00,0x20,0x40,
  0x2a,0x0d,0x44,0x54,0x5f,0x42,0x61,0x73,0x65,0x54,0x6f,0x67,0x67,0x6c,0x65,0x22,0x12,0x08,0x00,0x12,
  0x08,0x6d,0x5f,0x75,0x73,0x61,0x62,0x6c,0x65,0x18,0x00,0x20,0x40,0x48,0x20,0x09,0xdb,0x01,0x08,0x01,
  0x12,0x10,0x44,0x54,0x5f,0x42,0x61,0x73,0x65,0x43,0x53,0x47,0x72,0x65,0x6e,0x61,0x64,0x65,0x18,0x00,
  0x22,0x22,0x08,0x06,0x12,0x09,0x62,0x61,0x73,0x65,0x63,0x6c,0x61,0x73,0x73,0x18,0x00,0x20,0x40,0x2a,
  0x0f,0x44,0x54,0x5f,0x57,0x65,0x61,0x70,0x6f,0x6e,0x43,0x53,0x42,0x61,0x73,0x65,0x22,0x13,0x08,0x00,
  0x12,0x09,0x6d,0x5f,0x62,0x52,0x65,0x64,0x72,0x61,0x77,0x18,0x00,0x20,0x40,0x48,0x20,0x22,0x1b,0x08,
  0x00,0x12,0x11,0x6d,0x5f,0x62,0x49,0x73,0x48,0x65,0x6c,0x64,0x42,0x79,0x50,0x6c,0x61,0x79,0x65,0x72,
  0x18,0x00,0x20,0x40,0x48,0x20,0x22,0x16,0x08,0x00,0x12,0x0c,0x6d,0x5f,0x62,0x50,0x69,0x6e,0x50,0x75,
  0x6c,0x6c,0x65,0x64,0x18,0x00,0x20,0x40,0x48,0x20,0x22,0x16,0x08,0x01,0x12,0x0c,0x6d,0x5f,0x66,0x54,
  0x68,0x72,0x6f,0x77,0x54,0x69,0x6d,0x65,0x18,0x04,0x20,0x40,0x48,0x20,0x22,0x20,0x08,0x00,0x12,0x16,
  0x6d,0x5f,0x62,0x4c,0x6f,0x6f,0x70,0x69,0x6e,0x67,0x53,0x6f,0x75,0x6e,0x64,0x50,0x6c,0x61,0x79,0x69,
  0x6e,0x67,0x18,0x00,0x20,0x40,0x48,0x20,0x22,0x1b,0x08,0x01,0x12,0x11,0x6d,0x5f,0x66,0x6c,0x54,0x68,
  0x72,0x6f,0x77,0x53,0x74,0x72,0x65,0x6e,0x67,0x74,0x68,0x18,0x04,0x20,0x40,0x48,0x20,0x09,0x77,0x08,
  0x01,0x12,0x1a,0x44,0x54,0x5f,0x42,0x61,0x73,0x65,0x43,0x53,0x47,0x72,0x65,0x6e,0x61,0x64,0x65,0x50,
  0x72,0x6f,0x6a,0x65,0x63,0x74,0x69,0x6c,0x65,0x18,0x00,0x22,0x21,0x08,0x06,0x12,0x09,0x62,0x61,0x73,
  0x65,0x63,0x6c,0x61,0x73,0x73,0x18,0x00,0x20,0x40,0x2a,0x0e,0x44,0x54,0x5f,0x42,0x61,0x73,0x65,0x47,
  0x72,0x65,0x6e,0x61,0x64,0x65,0x22,0x1c,0x08,0x02,0x12,0x12,0x6d,0x5f,0x76,0x49,0x6e,0x69,0x74,0x69,
  0x61,0x6c,0x56,0x65,0x6c,0x6f,0x63,0x69,0x74,0x79,0x18,0x04,0x20,0x40,0x48,0x00,0x22,0x14,0x08,0x00,
  0x12,0x0a,0x6d,0x5f,0x6e,0x42,0x6f,0x75,0x6e,0x63,0x65,0x73,0x18,0x00,0x20,0x40,0x48,0x20,0x09,0xf8,
  0x01,0x08,0x01,0x12,0x1d,0x44,0x54,0x5f,0x42,0x43,0x43,0x4e,0x6f,0x6e,0x4c,0x6f,0x63,0x61,0x6c,0x50,
  0x6c,0x61,0x79,0x65,0x72,0x45,0x78,0x63,0x6c,0x75,0x73,0x69,0x76,0x65,0x18,0x00,0x22,0x0f,0x08,0x00,
  0x12,0x04,0x30,0x30,0x30,0x30,0x18,0x80,0x02,0x20,0x40,0x48,0x20,0x22,0x16,0x08,0x05,0x12,0x0c,0x6d,
  0x5f,0x68,0x4d,0x79,0x57,0x65,0x61,0x70,0x6f,0x6e,0x73,0x18,0x00,0x20,0x40,0x30,0x40,0x22,0x18,0x08,
  0x00,0x12,0x0e,0x6d,0x5f,0x4c,0x61,0x73,0x74,0x48,0x69,0x74,0x47,0x72,0x6f,0x75,0x70,0x18,0x00,0x20,
  0x40,0x48,0x20,0x22,0x19,0x08,0x00,0x12,0x0f,0x6d,0x5f,0x68,0x41,0x63,0x74,0x69,0x76,0x65,0x57,0x65,
  0x61,0x70,0x6f,0x6e,0x18,0x00,0x20,0x40,0x48,0x20,0x22,0x1e,0x08,0x01,0x12,0x14,0x6d,0x5f,0x66,0x6c,
  0x54,0x69,0x6d,0x65,0x4f,0x66,0x4c,0x61,0x73,0x74,0x49,0x6e,0x6a,0x75,0x72,0x79,0x18,0x04,0x20,0x40,
  0x48,0x20,0x22,0x2a,0x08,0x00,0x12,0x20,0x6d,0x5f,0x6e,0x52,0x65,0x6c,0x61,0x74,0x69,0x76,0x65,0x44,
  0x69,0x72,0x65,0x63,0x74,0x69,0x6f,0x6e,0x4f,0x66,0x4c,0x61,0x73,0x74,0x49,0x6e,0x6a,0x75,0x72,0x79,
  0x18,0x00,0x20,0x40,0x48,0x20,0x22,0x0f,0x08,0x00,0x12,0x04,0x30,0x30,0x30,0x30,0x18,0x80,0x02,0x20,
  0x40,0x48,0x20,0x22,0x18,0x08,0x05,0x12,0x0e,0x6d,0x5f,0x68,0x4d,0x79,0x57,0x65,0x61,0x72,0x61,0x62,
  0x6c,0x65,0x73,0x18,0x00,0x20,0x40,0x30,0x20,0x09,0xc8,0x02,0x08,0x01,0x12,0x1a,0x44,0x54,0x5f,0x42,
  0x43,0x43,0x4c,0x6f,0x63,0x61,0x6c,0x50,0x6c,0x61,0x79,0x65,0x72,0x45,0x78,0x63,0x6c,0x75,0x73,0x69,
  0x76,0x65,0x18,0x00,0x22,0x18,0x08,0x01,0x12,0x0e,0x6d,0x5f,0x66,0x6c,0x4e,0x65,0x78,0x74,0x41,0x74,
  0x74,0x61,0x63,0x6b,0x18,0x04,0x20,0x40,0x48,0x20,0x22,0x37,0x08,0x06,0x12,0x10,0x62,0x63,0x63,0x5f,
  0x6e,0x6f,0x6e,0x6c,0x6f,0x63,0x61,0x6c,0x64,0x61,0x74,0x61,0x18,0x00,0x20,0x40,0x2a,0x1d,0x44,0x54,
  0x5f,0x42,0x43,0x43,0x4e,0x6f,0x6e,0x4c,0x6f,0x63,0x61,0x6c,0x50,0x6c,0x61,0x79,0x65,0x72,0x45,0x78,
  0x63,0x6c,0x75,0x73,0x69,0x76,0x65,0x22,0x0f,0x08,0x00,0x12,0x04,0x30,0x30,0x30,0x30,0x18,0x80,0x02,
  0x20,0x40,0x48,0x20,0x22,0x16,0x08,0x05,0x12,0x0c,0x6d,0x5f,0x68,0x4d,0x79,0x57,0x65,0x61,0x70,0x6f,
  0x6e,0x73,0x18,0x00,0x20,0x40,0x30,0x40,0x22,0x18,0x08,0x00,0x12,0x0e,0x6d,0x5f,0x4c,0x61,0x73,0x74,
  0x48,0x69,0x74,0x47,0x72,0x6f,0x75,0x70,0x18,0x00,0x20,0x40,0x48,0x20,0x22,0x19,0x08,0x00,0x12,0x0f,
  0x6d,0x5f,0x68,0x41,0x63,0x74,0x69,0x76,0x65,0x57,0x65,0x61,0x70,0x6f,0x6e,0x18,0x00,0x20,0x40,0x48,
  0x20,0x22,0x1e,0x08,0x01,0x12,0x14,0x6d,0x5f,0x66,0x6c,0x54,0x69,0x6d,0x65,0x4f,0x66,0x4c,0x61,0x73,
  0x74,0x49,0x6e,0x6a,0x75,0x72,0x79,0x18,0x04,0x20,0x40,0x48,0x20,0x22,0x2a,0x08,0x00,0x12,0x20,0x6d,
  0x5f,0x6e,0x52,0x65,0x6c,0x61,0x74,0x69,0x76,0x65,0x44,0x69,0x72,0x65,0x63,0x74,0x69,0x6f,0x6e,0x4f,
  0x66,0x4c,0x61,0x73,0x74,0x49,0x6e,0x6a,0x75,0x72,0x79,0x18,0x00,0x20,0x40,0x48,0x20,0x22,0x0f,0x08,
  0x00,0x12,0x04,0x30,0x30,0x30,0x30,0x18,0x80,0x02,0x20,0x40,0x48,0x20,0x22,0x18,0x08,0x05,0x12,0x0e,
  0x6d,0x5f,0x68,0x4d,0x79,0x57,0x65,0x61,0x72,0x61,0x62,0x6c,0x65,0x73,0x18,0x00,0x20,0x40,0x30,0x20,
  0x09,0x6f,0x08,0x01,0x12,0x16,0x44,0x54,0x5f,0x42,0x61,0x73,0x65,0x43,0x6f,0x6d,0x62,0x61,0x74,0x43,
  0x68,0x61,0x72,0x61,0x63,0x74,0x65,0x72,0x18,0x00,0x22,0x1e,0x08,0x06,0x12,0x09,0x62,0x61,0x73,0x65,
  0x63,0x6c,0x61,0x73,0x73,0x18,0x00,0x20,0x40,0x2a,0x0b,0x44,0x54,0x5f,0x42,0x61,0x73,0x65,0x46,0x6c,
  0x65,0x78,0x22,0x31,0x08,0x06,0x12,0x0d,0x62,0x63,0x63,0x5f,0x6c,0x6f,0x63,0x61,0x6c,0x64,0x61,0x74,
  0x61,0x18,0x00,0x20,0x40,0x2a,0x1a,0x44,0x54,0x5f,0x42,0x43,0x43,0x4c,0x6f,0x63,0x61,0x6c,0x50,0x6c,
  0x61,0x79,0x65,0x72,0x45,0x78,0x63,0x6c,0x75,0x73,0x69,0x76,0x65,0x09,0xb0,0x05,0x08,0x01,0x12,0x12,
  0x44,0x54,0x5f,0x4c,0x6f,0x63,0x61,0x6c,0x57,0x65,0x61,0x70,0x6f,0x6e,0x44,0x61,0x74,0x61,0x18,0x00,
  0x22,0x1c,0x08,0x00,0x12,0x12,0x6d,0x5f,0x69,0x50,0x72,0x69,0x6d,0x61,0x72,0x79,0x41,0x6d,0x6d,0x6f,
  0x54,0x79,0x70,0x65,0x18,0x00,0x20,0x40,0x48,0x20,0x22,0x1e,0x08,0x00,0x12,0x14,0x6d,0x5f,0x69,0x53,
  0x65,0x63,0x6f,0x6e,0x64,0x61,0x72,0x79,0x41,0x6d,0x6d,0x6f,0x54,0x79,0x70,0x65,0x18,0x00,0x20,0x40,
  0x48,0x20,0x22,0x1b,0x08,0x00,0x12,0x11,0x6d,0x5f,0x6e,0x56,0x69,0x65,0x77,0x4d,0x6f,0x64,0x65,0x6c,
  0x49,0x6e,0x64,0x65,0x78,0x18,0x00,0x20,0x40,0x48,0x20,0x22,0x1a,0x08,0x00,0x12,0x10,0x6d,0x5f,0x62,
  0x46,0x6c,0x69,0x70,0x56,0x69,0x65,0x77,0x4d,0x6f,0x64,0x65,0x6c,0x18,0x00,0x20,0x40,0x48,0x20,0x22,
  0x19,0x08,0x00,0x12,0x0f,0x6d,0x5f,0x69,0x57,0x65,0x61,0x70,0x6f,0x6e,0x4f,0x72,0x69,0x67,0x69,0x6e,
  0x18,0x00,0x20,0x40,0x48,0x20,0x22,0x19,0x08,0x00,0x12,0x0f,0x6d,0x5f,0x69,0x57,0x65,0x61,0x70,0x6f,
  0x6e,0x4d,0x6f,0x64,0x75,0x6c,0x65,0x18,0x00,0x20,0x40,0x48,0x20,0x22,0x0f,0x08,0x01,0x12,0x04,0x30,
  0x30,0x30,0x30,0x18,0x84,0x02,0x20,0x40,0x48,0x20,0x22,0x1f,0x08,0x05,0x12,0x15,0x4c,0x6f,0x63,0x61,
  0x6c,0x41,0x63,0x74,0x69,0x76,0x65,0x57,0x65,0x61,0x70,0x6f,0x6e,0x44,0x61,0x74,0x61,0x18,0x00,0x20,
  0x40,0x30,0x0f,0x22,0x1f,0x08,0x01,0x12,0x15,0x6d,0x5f,0x66,0x6c,0x4e,0x65,0x78,0x74,0x50,0x72,0x69,
  0x6d,0x61,0x72,0x79,0x41,0x74,0x74,0x61,0x63,0x6b,0x18,0x04,0x20,0x40,0x48,0x20,0x22,0x21,0x08,0x01,
  0x12,0x17,0x6d,0x5f,0x66,0x6c,0x4e,0x65,0x78,0x74,0x53,0x65,0x63,0x6f,0x6e,0x64,0x61,0x72,0x79,0x41,
  0x74,0x74,0x61,0x63,0x6b,0x18,0x04,0x20,0x40,0x48,0x20,0x22,0x1a,0x08,0x00,0x12,0x10,0x6d,0x5f,0x6e,
  0x4e,0x65,0x78,0x74,0x54,0x68,0x69,0x6e,0x6b,0x54,0x69,0x63,0x6b,0x18,0x00,0x20,0x40,0x48,0x20,0x22,
  0x1c,0x08,0x01,0x12,0x12,0x6d,0x5f,0x66,0x6c,0x54,0x69,0x6d,0x65,0x57,0x65,0x61,0x70,0x6f,0x6e,0x49,
  0x64,0x6c,0x65,0x18,0x04,0x20,0x40,0x48,0x20,0x22,0x1b,0x08,0x00,0x12,0x11,0x6d,0x5f,0x69,0x56,0x69,
  0x65,0x77,0x4d,0x6f,0x64,0x65,0x6c,0x49,0x6e,0x64,0x65,0x78,0x18,0x00,0x20,0x40,0x48,0x20,0x22,0x1c,
  0x08,0x00,0x12,0x12,0x6d,0x5f,0x69,0x57,0x6f,0x72,0x6c,0x64,0x4d,0x6f,0x64,0x65,0x6c,0x49,0x6e,0x64,
  0x65,0x78,0x18,0x00,0x20,0x40,0x48,0x20,0x22,0x23,0x08,0x00,0x12,0x19,0x6d,0x5f,0x69,0x57,0x6f,0x72,
  0x6c,0x64,0x44,0x72,0x6f,0x70,0x70,0x65,0x64,0x4d,0x6f,0x64,0x65,0x6c,0x49,0x6e,0x64,0x65,0x78,0x18,
  0x00,0x20,0x40,0x48,0x20,0x22,0x12,0x08,0x00,0x12,0x08,0x6d,0x5f,0x69,0x53,0x74,0x61,0x74,0x65,0x18,
  0x00,0x20,0x40,0x48,0x20,0x22,0x12,0x08,0x00,0x12,0x08,0x6d,0x5f,0x68,0x4f,0x77,0x6e,0x65,0x72,0x18,
  0x00,0x20,0x40,0x48,0x20,0x22,0x12,0x08,0x00,0x12,0x08,0x6d,0x5f,0x69,0x43,0x6c,0x69,0x70,0x31,0x18,
  0x00,0x20,0x40,0x48,0x20,0x22,0x12,0x08,0x00,0x12,0x08,0x6d,0x5f,0x69,0x43,0x6c,0x69,0x70,0x32,0x18,
  0x00,0x20,0x40,0x48,0x20,0x22,0x24,0x08,0x00,0x12,0x1a,0x6d,0x5f,0x69,0x50,0x72,0x69,0x6d,0x61,0x72,
  0x79,0x52,0x65,0x73,0x65,0x72,0x76,0x65,0x41,0x6d,0x6d,0x6f,0x43,0x6f,0x75,0x6e,0x74,0x18,0x00,0x20,
  0x40,0x48,0x20,0x22,0x26,0x08,0x00,0x12,0x1c,0x6d,0x5f,0x69,0x53,0x65,0x63,0x6f,0x6e,0x64,0x61,0x72,
  0x79,0x52,0x65,0x73,0x65,0x72,0x76,0x65,0x41,0x6d,0x6d,0x6f,0x43,0x6f,0x75,0x6e,0x74,0x18,0x00,0x20,
  0x40,0x48,0x20,0x22,0x1d,0x08,0x00,0x12,0x13,0x6d,0x5f,0x68,0x57,0x65,0x61,0x70,0x6f,0x6e,0x57,0x6f,
  0x72,0x6c,0x64,0x4d,0x6f,0x64,0x65,0x6c,0x18,0x00,0x20,0x40,0x48,0x20,0x22,0x1c,0x08,0x00,0x12,0x12,
  0x6d,0x5f,0x69,0x4e,0x75,0x6d,0x45,0x6d,0x70,0x74,0x79,0x41,0x74,0x74,0x61,0x63,0x6b,0x73,0x18,0x00,
  0x20,0x40,0x48,0x20,0x09,0x68,0x08,0x01,0x12,0x13,0x44,0x54,0x5f,0x42,0x61,0x73,0x65,0x43,0x6f,0x6d,
  0x62,0x61,0x74,0x57,0x65,0x61,0x70,0x6f,0x6e,0x18,0x00,0x22,0x20,0x08,0x06,0x12,0x09,0x62,0x61,0x73,
  0x65,0x63,0x6c,0x61,0x73,0x73,0x18,0x00,0x20,0x40,0x2a,0x0d,0x44,0x54,0x5f,0x45,0x63,0x6f,0x6e,0x45,
  0x6e,0x74,0x69,0x74,0x79,0x22,0x2b,0x08,0x06,0x12,0x0f,0x4c,0x6f,0x63,0x61,0x6c,0x57,0x65,0x61,0x70,
  0x6f,0x6e,0x44,0x61,0x74,0x61,0x18,0x00,0x20,0x40,0x2a,0x12,0x44,0x54,0x5f,0x4c,0x6f,0x63,0x61,0x6c,
  0x57,0x65,0x61,0x70,0x6f,0x6e,0x44,0x61,0x74,0x61,0x09,0x4d,0x08,0x01,0x12,0x0b,0x44,0x54,0x5f,0x42,
  0x61,0x73,0x65,0x44,0x6f,0x6f,0x72,0x18,0x00,0x22,0x20,0x08,0x06,0x12,0x09,0x62,0x61,0x73,0x65,0x63,
  0x6c,0x61,0x73,0x73,0x18,0x00,0x20,0x40,0x2a,0x0d,0x44,0x54,0x5f,0x42,0x61,0x73,0x65,0x54,0x6f,0x67,
  0x67,0x6c,0x65,0x22,0x18,0x08,0x01,0x12,0x0e,0x6d,0x5f,0x66,0x6c,0x57,0x61,0x76,0x65,0x48,0x65,0x69,
  0x67,0x68,0x74,0x18,0x04,0x20,0x40,0x48,0x20,0x09,0xf9,0x05,0x08,0x01,0x12,0x14,0x44,0x54,0x5f,0x43,
  0x6f,0x6c,0x6c,0x69,0x73,0x69,0x6f,0x6e,0x50,0x72,0x6f,0x70,0x65,0x72,0x74,0x79,0x18,0x00,0x22,0x13,
  0x08,0x02,0x12,0x09,0x6d,0x5f,0x76,0x65,0x63,0x4d,0x69,0x6e,0x73,0x18,0x04,0x20,0x40,0x48,0x00,0x22,
  0x13,0x08,0x02,0x12,0x09,0x6d,0x5f,0x76,0x65,0x63,0x4d,0x61,0x78,0x73,0x18,0x04,0x20,0x40,0x48,0x00,
  0x22,0x16,0x08,0x00,0x12,0x0c,0x6d,0x5f,0x6e,0x53,0x6f,0x6c,0x69,0x64,0x54,0x79,0x70,0x65,0x18,0x00,
  0x20,0x40,0x48,0x20,0x22,0x18,0x08,0x00,0x12,0x0e,0x6d,0x5f,0x75,0x73,0x53,0x6f,0x6c,0x69,0x64,0x46,
  0x6c,0x61,0x67,0x73,0x18,0x00,0x20,0x40,0x48,0x20,0x22,0x19,0x08,0x00,0x12,0x0f,0x6d,0x5f,0x6e,0x53,
  0x75,0x72,0x72,0x6f,0x75,0x6e,0x64,0x54,0x79,0x70,0x65,0x18,0x00,0x20,0x40,0x48,0x20,0x22,0x18,0x08,
  0x00,0x12,0x0e,0x6d,0x5f,0x74,0x72,0x69,0x67,0x67,0x65,0x72,0x42,0x6c,0x6f,0x61,0x74,0x18,0x00,0x20,
  0x40,0x48,0x20,0x22,0x27,0x08,0x02,0x12,0x1d,0x6d,0x5f,0x76,0x65,0x63,0x53,0x70,0x65,0x63,0x69,0x66,
  0x69,0x65,0x64,0x53,0x75,0x72,0x72,0x6f,0x75,0x6e,0x64,0x69,0x6e,0x67,0x4d,0x69,0x6e,0x73,0x18,0x04,
  0x20,0x40,0x48,0x00,0x22,0x27,0x08,0x02,0x12,0x1d,0x6d,0x5f,0x76,0x65,0x63,0x53,0x70,0x65,0x63,0x69,
  0x66,0x69,0x65,0x64,0x53,0x75,0x72,0x72,0x6f,0x75,0x6e,0x64,0x69,0x6e,0x67,0x4d,0x61,0x78,0x73,0x18,
  0x04,0x20,0x40,0x48,0x00,0x22,0x1e,0x08,0x00,0x12,0x14,0x6d,0x5f,0x69,0x54,0x65,0x78,0x74,0x75,0x72,
  0x65,0x46,0x72,0x61,0x6d,0x65,0x49,0x6e,0x64,0x65,0x78,0x18,0x00,0x20,0x40,0x48,0x20,0x22,0x1f,0x08,
  0x00,0x12,0x15,0x6d,0x5f,0x62,0x53,0x69,0x6d,0x75,0x6c,0x61,0x74,0x65,0x64,0x45,0x76,0x65,0x72,0x79,
  0x54,0x69,0x63,0x6b,0x18,0x00,0x20,0x40,0x48,0x20,0x22,0x1e,0x08,0x00,0x12,0x14,0x6d,0x5f,0x62,0x41,
  0x6e,0x69,0x6d,0x61,0x74,0x65,0x64,0x45,0x76,0x65,0x72,0x79,0x54,0x69,0x63,0x6b,0x18,0x00,0x20,0x40,
  0x48,0x20,0x22,0x1d,0x08,0x00,0x12,0x13,0x6d,0x5f,0x62,0x41,0x6c,0x74,0x65,0x72,0x6e,0x61,0x74,0x65,
  0x53,0x6f,0x72,0x74,0x69,0x6e,0x67,0x18,0x00,0x20,0x40,0x48,0x20,0x22,0x14,0x08,0x00,0x12,0x0a,0x6d,
  0x5f,0x62,0x53,0x70,0x6f,0x74,0x74,0x65,0x64,0x18,0x00,0x20,0x40,0x48,0x20,0x22,0x0f,0x08,0x00,0x12,
  0x04,0x30,0x30,0x30,0x30,0x18,0x80,0x02,0x20,0x40,0x48,0x20,0x22,0x16,0x08,0x05,0x12,0x0c,0x6d,0x5f,
  0x62,0x53,0x70,0x6f,0x74,0x74,0x65,0x64,0x42,0x79,0x18,0x00,0x20,0x40,0x30,0x64,0x22,0x0f,0x08,0x00,
  0x12,0x04,0x30,0x30,0x30,0x30,0x18,0x80,0x02,0x20,0x40,0x48,0x20,0x22,0x1a,0x08,0x05,0x12,0x10,0x6d,
  0x5f,0x62,0x53,0x70,0x6f,0x74,0x74,0x65,0x64,0x42,0x79,0x4d,0x61,0x73,0x6b,0x18,0x00,0x20,0x40,0x30,
  0x02,0x22,0x1c,0x08,0x00,0x12,0x12,0x6d,0x5f,0x62,0x49,0x73,0x41,0x75,0x74,0x6f,0x61,0x69,0x6d,0x54,
  0x61,0x72,0x67,0x65,0x74,0x18,0x00,0x20,0x40,0x48,0x20,0x22,0x17,0x08,0x01,0x12,0x0d,0x6d,0x5f,0x66,
  0x61,0x64,0x65,0x4d,0x69,0x6e,0x44,0x69,0x73,0x74,0x18,0x04,0x20,0x40,0x48,0x20,0x22,0x17,0x08,0x01,
  0x12,0x0d,0x6d,0x5f,0x66,0x61,0x64,0x65,0x4d,0x61,0x78,0x44,0x69,0x73,0x74,0x18,0x04,0x20,0x40,0x48,
  0x20,0x22,0x17,0x08,0x01,0x12,0x0d,0x6d,0x5f,0x66,0x6c,0x46,0x61,0x64,0x65,0x53,0x63,0x61,0x6c,0x65,
  0x18,0x04,0x20,0x40,0x48,0x20,0x22,0x18,0x08,0x00,0x12,0x0e,0x6d,0x5f,0x6e,0x4d,0x69,0x6e,0x43,0x50,
  0x55,0x4c,0x65,0x76,0x65,0x6c,0x18,0x00,0x20,0x40,0x48,0x20,0x22,0x18,0x08,0x00,0x12,0x0e,0x6d,0x5f,
  0x6e,0x4d,0x61,0x78,0x43,0x50,0x55,0x4c,0x65,0x76,0x65,0x6c,0x18,0x00,0x20,0x40,0x48,0x20,0x22,0x18,
  0x08,0x00,0x12,0x0e,0x6d,0x5f,0x6e,0x4d,0x69,0x6e,0x47,0x50,0x55,0x4c,0x65,0x76,0x65,0x6c,0x18,0x00,
  0x20,0x40,0x48,0x20,0x22,0x18,0x08,0x00,0x12,0x0e,0x6d,0x5f,0x6e,0x4d,0x61,0x78,0x47,0x50,0x55,0x4c,
  0x65,0x76,0x65,0x6c,0x18,0x00,0x20,0x40,0x48,0x20,0x22,0x1c,0x08,0x01,0x12,0x12,0x6d,0x5f,0x66,0x6c,
  0x55,0x73,0x65,0x4c,0x6f,0x6f,0x6b,0x41,0x74,0x41,0x6e,0x67,0x6c,0x65,0x18,0x04,0x20,0x40,0x48,0x20,
  0x22,0x1f,0x08,0x01,0x12,0x15,0x6d,0x5f,0x66,0x6c,0x4c,0x61,0x73,0x74,0x4d,0x61,0x64,0x65,0x4e,0x6f,
  0x69,0x73,0x65,0x54,0x69,0x6d,0x65,0x18,0x04,0x20,0x40,0x48,0x20,0x09,0x84,0x0b,0x08,0x01,0x12,0x16,
  0x44,0x54,0x5f,0x41,0x6e,0x69,0x6d,0x54,0x69,0x6d,0x65,0x4d,0x75,0x73,0x74,0x42,0x65,0x46,0x69,0x72,
  0x73,0x74,0x18,0x00,0x22,0x16,0x08,0x00,0x12,0x0c,0x6d,0x5f,0x66,0x6c,0x41,0x6e,0x69,0x6d,0x54,0x69,
  0x6d,0x65,0x18,0x00,0x20,0x40,0x48,0x20,0x22,0x1c,0x08,0x00,0x12,0x12,0x6d,0x5f,0x66,0x6c,0x53,0x69,
  0x6d,0x75,0x6c,0x61,0x74,0x69,0x6f,0x6e,0x54,0x69,0x6d,0x65,0x18,0x00,0x20,0x40,0x48,0x20,0x22,0x14,
  0x08,0x00,0x12,0x0a,0x6d,0x5f,0x63,0x65,0x6c,0x6c,0x62,0x69,0x74,0x73,0x18,0x00,0x20,0x40,0x48,0x20,
  0x22,0x11,0x08,0x00,0x12,0x07,0x6d,0x5f,0x63,0x65,0x6c,0x6c,0x58,0x18,0x00,0x20,0x40,0x48,0x20,0x22,
  0x11,0x08,0x00,0x12,0x07,0x6d,0x5f,0x63,0x65,0x6c,0x6c,0x59,0x18,0x00,0x20,0x40,0x48,0x20,0x22,0x11,
  0x08,0x00,0x12,0x07,0x6d,0x5f,0x63,0x65,0x6c,0x6c,0x5a,0x18,0x00,0x20,0x40,0x48,0x20,0x22,0x15,0x08,
  0x02,0x12,0x0b,0x6d,0x5f,0x76,0x65,0x63,0x4f,0x72,0x69,0x67,0x69,0x6e,0x18,0x04,0x20,0x40,0x48,0x00,
  0x22,0x17,0x08,0x02,0x12,0x0d,0x6d,0x5f,0x61,0x6e,0x67,0x52,0x6f,0x74,0x61,0x74,0x69,0x6f,0x6e,0x18,
  0x04,0x20,0x40,0x48,0x00,0x22,0x17,0x08,0x00,0x12,0x0d,0x6d,0x5f,0x6e,0x4d,0x6f,0x64,0x65,0x6c,0x49,
  0x6e,0x64,0x65,0x78,0x18,0x00,0x20,0x40,0x48,0x20,0x22,0x14,0x08,0x00,0x12,0x0a,0x6d,0x5f,0x66,0x45,
  0x66,0x66,0x65,0x63,0x74,0x73,0x18,0x00,0x20,0x40,0x48,0x20,0x22,0x17,0x08,0x00,0x12,0x0d,0x6d,0x5f,
  0x6e,0x52,0x65,0x6e,0x64,0x65,0x72,0x4d,0x6f,0x64,0x65,0x18,0x00,0x20,0x40,0x48,0x20,0x22,0x15,0x08,
  0x00,0x12,0x0b,0x6d,0x5f,0x6e,0x52,0x65,0x6e,0x64,0x65,0x72,0x46,0x58,0x18,0x00,0x20,0x40,0x48,0x20,
  0x22,0x15,0x08,0x00,0x12,0x0b,0x6d,0x5f,0x63,0x6c,0x72,0x52,0x65,0x6e,0x64,0x65,0x72,0x18,0x00,0x20,
  0x40,0x48,0x20,0x22,0x14,0x08,0x00,0x12,0x0a,0x6d,0x5f,0x69,0x54,0x65,0x61,0x6d,0x4e,0x75,0x6d,0x18,
  0x00,0x20,0x40,0x48,0x20,0x22,0x1b,0x08,0x00,0x12,0x11,0x6d,0x5f,0x69,0x50,0x65,0x6e,0x64,0x69,0x6e,
  0x67,0x54,0x65,0x61,0x6d,0x4e,0x75,0x6d,0x18,0x00,0x20,0x40,0x48,0x20,0x22,0x1a,0x08,0x00,0x12,0x10,
  0x6d,0x5f,0x43,0x6f,0x6c,0x6c,0x69,0x73,0x69,0x6f,0x6e,0x47,0x72,0x6f,0x75,0x70,0x18,0x00,0x20,0x40,
  0x48,0x20,0x22,0x18,0x08,0x01,0x12,0x0e,0x6d,0x5f,0x66,0x6c,0x45,0x6c,0x61,0x73,0x74,0x69,0x63,0x69,
  0x74,0x79,0x18,0x04,0x20,0x40,0x48,0x20,0x22,0x20,0x08,0x01,0x12,0x16,0x6d,0x5f,0x66,0x6c,0x53,0x68,
  0x61,0x64,0x6f,0x77,0x43,0x61,0x73,0x74,0x44,0x69,0x73,0x74,0x61,0x6e,0x63,0x65,0x18,0x04,0x20,0x40,
  0x48,0x20,0x22,0x18,0x08,0x00,0x12,0x0e,0x6d,0x5f,0x68,0x4f,0x77,0x6e,0x65,0x72,0x45,0x6e,0x74,0x69,
  0x74,0x79,0x18,0x00,0x20,0x40,0x48,0x20,0x22,0x19,0x08,0x00,0x12,0x0f,0x6d,0x5f,0x68,0x45,0x66,0x66,
  0x65,0x63,0x74,0x45,0x6e,0x74,0x69,0x74,0x79,0x18,0x00,0x20,0x40,0x48,0x20,0x22,0x14,0x08,0x00,0x12,
  0x0a,0x6d,0x6f,0x76,0x65,0x70,0x61,0x72,0x65,0x6e,0x74,0x18,0x00,0x20,0x40,0x48,0x20,0x22,0x1d,0x08,
  0x00,0x12,0x13,0x6d,0x5f,0x69,0x50,0x61,0x72,0x65,0x6e,0x74,0x41,0x74,0x74,0x61,0x63,0x68,0x6d,0x65,
  0x6e,0x74,0x18,0x00,0x20,0x40,0x48,0x20,0x22,0x11,0x08,0x04,0x12,0x07,0x6d,0x5f,0x69,0x4e,0x61,0x6d,
  0x65,0x18,0x00,0x20,0x40,0x48,0x00,0x22,0x12,0x08,0x00,0x12,0x08,0x6d,0x6f,0x76,0x65,0x74,0x79,0x70,
  0x65,0x18,0x00,0x20,0x40,0x48,0x20,0x22,0x15,0x08,0x00,0x12,0x0b,0x6d,0x6f,0x76,0x65,0x63,0x6f,0x6c,
  0x6c,0x69,0x64,0x65,0x18,0x00,0x20,0x40,0x48,0x20,0x22,0x29,0x08,0x06,0x12,0x0b,0x6d,0x5f,0x43,0x6f,
  0x6c,0x6c,0x69,0x73,0x69,0x6f,0x6e,0x18,0x00,0x20,0x40,0x2a,0x14,0x44,0x54,0x5f,0x43,0x6f,0x6c,0x6c,
  0x69,0x73,0x69,0x6f,0x6e,0x50,0x72,0x6f,0x70,0x65,0x72,0x74,0x79,0x22,0x13,0x08,0x02,0x12,0x09,0x6d,
  0x5f,0x76,0x65,0x63,0x4d,0x69,0x6e,0x73,0x18,0x04,0x20,0x40,0x48,0x00,0x22,0x13,0x08,0x02,0x12,0x09,
  0x6d,0x5f,0x76,0x65,0x63,0x4d,0x61,0x78,0x73,0x18,0x04,0x20,0x40,0x48,0x00,0x22,0x16,0x08,0x00,0x12,
  0x0c,0x6d,0x5f,0x6e,0x53,0x6f,0x6c,0x69,0x64,0x54,0x79,0x70,0x65,0x18,0x00,0x20,0x40,0x48,0x20,0x22,
  0x18,0x08,0x00,0x12,0x0e,0x6d,0x5f,0x75,0x73,0x53,0x6f,0x6c,0x69,0x64,0x46,0x6c,0x61,0x67,0x73,0x18,
  0x00,0x20,0x40,0x48,0x20,0x22,0x19,0x08,0x00,0x12,0x0f,0x6d,0x5f,0x6e,0x53,0x75,0x72,0x72,0x6f,0x75,
  0x6e,0x64,0x54,0x79,0x70,0x65,0x18,0x00,0x20,0x40,0x48,0x20,0x22,0x18,0x08,0x00,0x12,0x0e,0x6d,0x5f,
  0x74,0x72,0x69,0x67,0x67,0x65,0x72,0x42,0x6c,0x6f,0x61,0x74,0x18,0x00,0x20,0x40,0x48,0x20,0x22,0x27,
  0x08,0x02,0x12,0x1d,0x6d,0x5f,0x76,0x65,0x63,0x53,0x70,0x65,0x63,0x69,0x66,0x69,0x65,0x64,0x53,0x75,
  0x72,0x72,0x6f,0x75,0x6e,0x64,0x69,0x6e,0x67,0x4d,0x69,0x6e,0x73,0x18,0x04,0x20,0x40,0x48,0x00,0x22,
  0x27,0x08,0x02,0x12,0x1d,0x6d,0x5f,0x76,0x65,0x63,0x53,0x70,0x65,0x63,0x69,0x66,0x69,0x65,0x64,0x53,
  0x75,0x72,0x72,0x6f,0x75,0x6e,0x64,0x69,0x6e,0x67,0x4d,0x61,0x78,0x73,0x18,0x04,0x20,0x40,0x48,0x00,
  0x22,0x1e,0x08,0x00,0x12,0x14,0x6d,0x5f,0x69,0x54,0x65,0x78,0x74,0x75,0x72,0x65,0x46,0x72,0x61,0x6d,
  0x65,0x49,0x6e,0x64,0x65,0x78,0x18,0x00,0x20,0x40,0x48,0x20,0x22,0x1f,0x08,0x00,0x12,0x15,0x6d,0x5f,
  0x62,0x53,0x69,0x6d,0x75,0x6c,0x61,0x74,0x65,0x64,0x45,0x76,0x65,0x72,0x79,0x54,0x69,0x63,0x6b,0x18,
  0x00,0x20,0x40,0x48,0x20,0x22,0x1e,0x08,0x00,0x12,0x14,0x6d,0x5f,0x62,0x41,0x6e,0x69,0x6d,0x61,0x74,
  0x65,0x64,0x45,0x76,0x65,0x72,0x79,0x54,0x69,0x63,0x6b,0x18,0x00,0x20,0x40,0x48,0x20,0x22,0x1d,0x08,
  0x00,0x12,0x13,0x6d,0x5f,0x62,0x41,0x6c,0x74,0x65,0x72,0x6e,0x61,0x74,0x65,0x53,0x6f,0x72,0x74,0x69,
  0x6e,0x67,0x18,0x00,0x20,0x40,0x48,0x20,0x22,0x14,0x08,0x00,0x12,0x0a,0x6d,0x5f,0x62,0x53,0x70,0x6f,
  0x74,0x74,0x65,0x64,0x18,0x00,0x20,0x40,0x48,0x20,0x22,0x0f,0x08,0x00,0x12,0x04,0x30,0x30,0x30,0x30,
  0x18,0x80,0x02,0x20,0x40,0x48,0x20,0x22,0x16,0x08,0x05,0x12,0x0c,0x6d,0x5f,0x62,0x53,0x70,0x6f,0x74,
  0x74,0x65,0x64,0x42,0x79,0x18,0x00,0x20,0x40,0x30,0x64,0x22,0x0f,0x08,0x00,0x12,0x04,0x30,0x30,0x30,
  0x30,0x18,0x80,0x02,0x20,0x40,0x48,0x20,0x22,0x1a,0x08,0x05,0x12,0x10,0x6d,0x5f,0x62,0x53,0x70,0x6f,
  0x74,0x74,0x65,0x64,0x42,0x79,0x4d,0x61,0x73,0x6b,0x18,0x00,0x20,0x40,0x30,0x02,0x22,0x1c,0x08,0x00,
  0x12,0x12,0x6d,0x5f,0x62,0x49,0x73,0x41,0x75,0x74,0x6f,0x61,0x69,0x6d,0x54,0x61,0x72,0x67,0x65,0x74,
  0x18,0x00,0x20,0x40,0x48,0x20,0x22,0x17,0x08,0x01,0x12,0x0d,0x6d,0x5f,0x66,0x61,0x64,0x65,0x4d,0x69,
  0x6e,0x44,0x69,0x73,0x74,0x18,0x04,0x20,0x40,0x48,0x20,0x22,0x17,0x08,0x01,0x12,0x0d,0x6d,0x5f,0x66,
  0x61,0x64,0x65,0x4d,0x61,0x78,0x44,0x69,0x73,0x74,0x18,0x04,0x20,0x40,0x48,0x20,0x22,0x17,0x08,0x01,
  0x12,0x0d,0x6d,0x5f,0x66,0x6c,0x46,0x61,0x64,0x65,0x53,0x63,0x61,0x6c,0x65,0x18,0x04,0x20,0x40,0x48,
  0x20,0x22,0x18,0x08,0x00,0x12,0x0e,0x6d,0x5f,0x6e,0x4d,0x69,0x6e,0x43,0x50,0x55,0x4c,0x65,0x76,0x65,
  0x6c,0x18,0x00,0x20,0x40,0x48,0x20,0x22,0x18,0x08,0x00,0x12,0x0e,0x6d,0x5f,0x6e,0x4d,0x61,0x78,0x43,
  0x50,0x55,0x4c,0x65,0x76,0x65,0x6c,0x18,0x00,0x20,0x40,0x48,0x20,0x22,0x18,0x08,0x00,0x12,0x0e,0x6d,
  0x5f,0x6e,0x4d,0x69,0x6e,0x47,0x50,0x55,0x4c,0x65,0x76,0x65,0x6c,0x18,0x00,0x20,0x40,0x48,0x20,0x22,
  0x18,0x08,0x00,0x12,0x0e,0x6d,0x5f,0x6e,0x4d,0x61,0x78,0x47,0x50,0x55,0x4c,0x65,0x76,0x65,0x6c,0x18,
  0x00,0x20,0x40,0x48,0x20,0x22,0x1c,0x08,0x01,0x12,0x12,0x6d,0x5f,0x66,0x6c,0x55,0x73,0x65,0x4c,0x6f,
  0x6f,0x6b,0x41,0x74,0x41,0x6e,0x67,0x6c,0x65,0x18,0x04,0x20,0x40,0x48,0x20,0x22,0x1f,0x08,0x01,0x12,
  0x15,0x6d,0x5f,0x66,0x6c,0x4c,0x61,0x73,0x74,0x4d,0x61,0x64,0x65,0x4e,0x6f,0x69,0x73,0x65,0x54,0x69,
  0x6d,0x65,0x18,0x04,0x20,0x40,0x48,0x20,0x09,0x48,0x08,0x01,0x12,0x0d,0x44,0x54,0x5f,0x42,0x61,0x73,
  0x65,0x45,0x6e,0x74,0x69,0x74,0x79,0x18,0x00,0x22,0x33,0x08,0x06,0x12,0x13,0x41,0x6e,0x69,0x6d,0x54,
  0x69,0x6d,0x65,0x4d,0x75,0x73,0x74,0x42,0x65,0x46,0x69,0x72,0x73,0x74,0x18,0x00,0x20,0x40,0x2a,0x16,
  0x44,0x54,0x5f,0x41,0x6e,0x69,0x6d,0x54,0x69,0x6d,0x65,0x4d,0x75,0x73,0x74,0x42,0x65,0x46,0x69,0x72,
  0x73,0x74,0x09,0x97,0x01,0x08,0x01,0x12,0x0b,0x44,0x54,0x5f,0x42,0x61,0x73,0x65,0x46,0x6c,0x65,0x78,
  0x18,0x00,0x22,0x2a,0x08,0x06,0x12,0x09,0x62,0x61,0x73,0x65,0x63,0x6c,0x61,0x73,0x73,0x18,0x00,0x20,
  0x40,0x2a,0x17,0x44,0x54,0x5f,0x42,0x61,0x73,0x65,0x41,0x6e,0x69,0x6d,0x61,0x74,0x69,0x6e,0x67,0x4f,
  0x76,0x65,0x72,0x6c,0x61,0x79,0x22,0x0f,0x08,0x00,0x12,0x04,0x30,0x30,0x30,0x30,0x18,0x80,0x02,0x20,
  0x40,0x48,0x20,0x22,0x16,0x08,0x05,0x12,0x0c,0x6d,0x5f,0x66,0x6c,0x65,0x78,0x57,0x65,0x69,0x67,0x68,
  0x74,0x18,0x00,0x20,0x40,0x30,0x5e,0x22,0x17,0x08,0x00,0x12,0x0d,0x6d,0x5f,0x62,0x6c,0x69,0x6e,0x6b,
  0x74,0x6f,0x67,0x67,0x6c,0x65,0x18,0x00,0x20,0x40,0x48,0x20,0x22,0x16,0x08,0x02,0x12,0x0c,0x6d,0x5f,
  0x76,0x69,0x65,0x77,0x74,0x61,0x72,0x67,0x65,0x74,0x18,0x04,0x20,0x40,0x48,0x00,0x09,0xbe,0x01,0x08,
  0x01,0x12,0x0e,0x44,0x54,0x5f,0x42,0x61,0x73,0x65,0x47,0x72,0x65,0x6e,0x61,0x64,0x65,0x18,0x00,0x22,
  0x23,0x08,0x06,0x12,0x09,0x62,0x61,0x73,0x65,0x63,0x6c,0x61,0x73,0x73,0x18,0x00,0x20,0x40,0x2a,0x10,
  0x44,0x54,0x5f,0x42,0x61,0x73,0x65,0x41,0x6e,0x69,0x6d,0x61,0x74,0x69,0x6e,0x67,0x22,0x14,0x08,0x01,
  0x12,0x0a,0x6d,0x5f,0x66,0x6c,0x44,0x61,0x6d,0x61,0x67,0x65,0x18,0x04,0x20,0x40,0x48,0x20,0x22,0x15,
  0x08,0x01,0x12,0x0b,0x6d,0x5f,0x44,0x6d,0x67,0x52,0x61,0x64,0x69,0x75,0x73,0x18,0x04,0x20,0x40,0x48,
  0x20,0x22,0x13,0x08,0x00,0x12,0x09,0x6d,0x5f,0x62,0x49,0x73,0x4c,0x69,0x76,0x65,0x18,0x00,0x20,0x40,
  0x48,0x20,0x22,0x14,0x08,0x00,0x12,0x0a,0x6d,0x5f,0x68,0x54,0x68,0x72,0x6f,0x77,0x65,0x72,0x18,0x00,
  0x20,0x40,0x48,0x20,0x22,0x17,0x08,0x02,0x12,0x0d,0x6d,0x5f,0x76,0x65,0x63,0x56,0x65,0x6c,0x6f,0x63,
  0x69,0x74,0x79,0x18,0x04,0x20,0x40,0x48,0x00,0x22,0x12,0x08,0x00,0x12,0x08,0x6d,0x5f,0x66,0x46,0x6c,
  0x61,0x67,0x73,0x18,0x00,0x20,0x40,0x48,0x20,0x09,0x3d,0x08,0x01,0x12,0x15,0x44,0x54,0x5f,0x42,0x61,
  0x73,0x65,0x50,0x61,0x72,0x74,0x69,0x63,0x6c,0x65,0x45,0x6e,0x74,0x69,0x74,0x79,0x18,0x00,0x22,0x20,
  0x08,0x06,0x12,0x09,0x62,0x61,0x73,0x65,0x63,0x6c,0x61,0x73,0x73,0x18,0x00,0x20,0x40,0x2a,0x0d,0x44,
  0x54,0x5f,0x42,0x61,0x73,0x65,0x45,0x6e,0x74,0x69,0x74,0x79,0x09,0xf1,0x0f,0x08,0x01,0x12,0x08,0x44,
  0x54,0x5f,0x4c,0x6f,0x63,0x61,0x6c,0x18,0x00,0x22,0x0f,0x08,0x00,0x12,0x04,0x30,0x30,0x30,0x30,0x18,
  0x80,0x02,0x20,0x40,0x48,0x20,0x22,0x16,0x08,0x05,0x12,0x0c,0x6d,0x5f,0x63,0x68,0x41,0x72,0x65,0x61,
  0x42,0x69,0x74,0x73,0x18,0x00,0x20,0x40,0x30,0x20,0x22,0x0f,0x08,0x00,0x12,0x04,0x30,0x30,0x30,0x30,
  0x18,0x80,0x02,0x20,0x40,0x48,0x20,0x22,0x1c,0x08,0x05,0x12,0x12,0x6d,0x5f,0x63,0x68,0x41,0x72,0x65,
  0x61,0x50,0x6f,0x72,0x74,0x61,0x6c,0x42,0x69,0x74,0x73,0x18,0x00,0x20,0x40,0x30,0x20,0x22,0x14,0x08,
  0x00,0x12,0x0a,0x6d,0x5f,0x69,0x48,0x69,0x64,0x65,0x48,0x55,0x44,0x18,0x00,0x20,0x40,0x48,0x20,0x22,
  0x15,0x08,0x01,0x12,0x0b,0x6d,0x5f,0x66,0x6c,0x46,0x4f,0x56,0x52,0x61,0x74,0x65,0x18,0x04,0x20,0x40,
  0x48,0x20,0x22,0x13,0x08,0x00,0x12,0x09,0x6d,0x5f,0x62,0x44,0x75,0x63,0x6b,0x65,0x64,0x18,0x00,0x20,
  0x40,0x48,0x20,0x22,0x14,0x08,0x00,0x12,0x0a,0x6d,0x5f,0x62,0x44,0x75,0x63,0x6b,0x69,0x6e,0x67,0x18,
  0x00,0x20,0x40,0x48,0x20,0x22,0x1a,0x08,0x01,0x12,0x10,0x6d,0x5f,0x66,0x6c,0x4c,0x61,0x73,0x74,0x44,
  0x75,0x63,0x6b,0x54,0x69,0x6d,0x65,0x18,0x04,0x20,0x40,0x48,0x20,0x22,0x17,0x08,0x00,0x12,0x0d,0x6d,
  0x5f,0x62,0x49,0x6e,0x44,0x75,0x63,0x6b,0x4a,0x75,0x6d,0x70,0x18,0x00,0x20,0x40,0x48,0x20,0x22,0x1a,
  0x08,0x00,0x12,0x10,0x6d,0x5f,0x6e,0x44,0x75,0x63,0x6b,0x54,0x69,0x6d,0x65,0x4d,0x73,0x65,0x63,0x73,
  0x18,0x00,0x20,0x40,0x48,0x20,0x22,0x1e,0x08,0x00,0x12,0x14,0x6d,0x5f,0x6e,0x44,0x75,0x63,0x6b,0x4a,
  0x75,0x6d,0x70,0x54,0x69,0x6d,0x65,0x4d,0x73,0x65,0x63,0x73,0x18,0x00,0x20,0x40,0x48,0x20,0x22,0x1a,
  0x08,0x00,0x12,0x10,0x6d,0x5f,0x6e,0x4a,0x75,0x6d,0x70,0x54,0x69,0x6d,0x65,0x4d,0x73,0x65,0x63,0x73,
  0x18,0x00,0x20,0x40,0x48,0x20,0x22,0x1a,0x08,0x01,0x12,0x10,0x6d,0x5f,0x66,0x6c,0x46,0x61,0x6c,0x6c,
  0x56,0x65,0x6c,0x6f,0x63,0x69,0x74,0x79,0x18,0x04,0x20,0x40,0x48,0x20,0x22,0x1a,0x08,0x02,0x12,0x10,
  0x6d,0x5f,0x76,0x69,0x65,0x77,0x50,0x75,0x6e,0x63,0x68,0x41,0x6e,0x67,0x6c,0x65,0x18,0x04,0x20,0x40,
  0x48,0x00,0x22,0x19,0x08,0x02,0x12,0x0f,0x6d,0x5f,0x61,0x69,0x6d,0x50,0x75,0x6e,0x63,0x68,0x41,0x6e,
  0x67,0x6c,0x65,0x18,0x04,0x20,0x40,0x48,0x00,0x22,0x1c,0x08,0x02,0x12,0x12,0x6d,0x5f,0x61,0x69,0x6d,
  0x50,0x75,0x6e,0x63,0x68,0x41,0x6e,0x67,0x6c,0x65,0x56,0x65,0x6c,0x18,0x04,0x20,0x40,0x48,0x00,0x22,
  0x1a,0x08,0x00,0x12,0x10,0x6d,0x5f,0x62,0x44,0x72,0x61,0x77,0x56,0x69,0x65,0x77,0x6d,0x6f,0x64,0x65,
  0x6c,0x18,0x00,0x20,0x40,0x48,0x20,0x22,0x18,0x08,0x00,0x12,0x0e,0x6d,0x5f,0x62,0x57,0x65,0x61,0x72,
  0x69,0x6e,0x67,0x53,0x75,0x69,0x74,0x18,0x00,0x20,0x40,0x48,0x20,0x22,0x15,0x08,0x00,0x12,0x0b,0x6d,
  0x5f,0x62,0x50,0x6f,0x69,0x73,0x6f,0x6e,0x65,0x64,0x18,0x00,0x20,0x40,0x48,0x20,0x22,0x16,0x08,0x01,
  0x12,0x0c,0x6d,0x5f,0x66,0x6c,0x53,0x74,0x65,0x70,0x53,0x69,0x7a,0x65,0x18,0x04,0x20,0x40,0x48,0x20,
  0x22,0x1e,0x08,0x00,0x12,0x14,0x6d,0x5f,0x62,0x41,0x6c,0x6c,0x6f,0x77,0x41,0x75,0x74,0x6f,0x4d,0x6f,
  0x76,0x65,0x6d,0x65,0x6e,0x74,0x18,0x00,0x20,0x40,0x48,0x20,0x22,0x1a,0x08,0x00,0x12,0x10,0x6d,0x5f,
  0x73,0x6b,0x79,0x62,0x6f,0x78,0x33,0x64,0x2e,0x73,0x63,0x61,0x6c,0x65,0x18,0x00,0x20,0x40,0x48,0x20,
  0x22,0x1b,0x08,0x02,0x12,0x11,0x6d,0x5f,0x73,0x6b,0x79,0x62,0x6f,0x78,0x33,0x64,0x2e,0x6f,0x72,0x69,
  0x67,0x69,0x6e,0x18,0x04,0x20,0x40,0x48,0x00,0x22,0x19,0x08,0x00,0x12,0x0f,0x6d,0x5f,0x73,0x6b,0x79,
  0x62,0x6f,0x78,0x33,0x64,0x2e,0x61,0x72,0x65,0x61,0x18,0x00,0x20,0x40,0x48,0x20,0x22,0x1f,0x08,0x00,
  0x12,0x15,0x6d,0x5f,0x73,0x6b,0x79,0x62,0x6f,0x78,0x33,0x64,0x2e,0x66,0x6f,0x67,0x2e,0x65,0x6e,0x61,
  0x62,0x6c,0x65,0x18,0x00,0x20,0x40,0x48,0x20,0x22,0x1e,0x08,0x00,0x12,0x14,0x6d,0x5f,0x73,0x6b,0x79,
  0x62,0x6f,0x78,0x33,0x64,0x2e,0x66,0x6f,0x67,0x2e,0x62,0x6c,0x65,0x6e,0x64,0x18,0x00,0x20,0x40,0x48,
  0x20,0x22,0x23,0x08,0x02,0x12,0x19,0x6d,0x5f,0x73,0x6b,0x79,0x62,0x6f,0x78,0x33,0x64,0x2e,0x66,0x6f,
  0x67,0x2e,0x64,0x69,0x72,0x50,0x72,0x69,0x6d,0x61,0x72,0x79,0x18,0x04,0x20,0x40,0x48,0x00,0x22,0x25,
  0x08,0x00,0x12,0x1b,0x6d,0x5f,0x73,0x6b,0x79,0x62,0x6f,0x78,0x33,0x64,0x2e,0x66,0x6f,0x67,0x2e,0x63,
  0x6f,0x6c,0x6f,0x72,0x50,0x72,0x69,0x6d,0x61,0x72,0x79,0x18,0x00,0x20,0x40,0x48,0x20,0x22,0x27,0x08,
  0x00,0x12,0x1d,0x6d,0x5f,0x73,0x6b,0x79,0x62,0x6f,0x78,0x33,0x64,0x2e,0x66,0x6f,0x67,0x2e,0x63,0x6f,
  0x6c,0x6f,0x72,0x53,0x65,0x63,0x6f,0x6e,0x64,0x61,0x72,0x79,0x18,0x00,0x20,0x40,0x48,0x20,0x22,0x1e,
  0x08,0x01,0x12,0x14,0x6d,0x5f,0x73,0x6b,0x79,0x62,0x6f,0x78,0x33,0x64,0x2e,0x66,0x6f,0x67,0x2e,0x73,
  0x74,0x61,0x72,0x74,0x18,0x04,0x20,0x40,0x48,0x20,0x22,0x1c,0x08,0x01,0x12,0x12,0x6d,0x5f,0x73,0x6b,
  0x79,0x62,0x6f,0x78,0x33,0x64,0x2e,0x66,0x6f,0x67,0x2e,0x65,0x6e,0x64,0x18,0x04,0x20,0x40,0x48,0x20,
  0x22,0x23,0x08,0x01,0x12,0x19,0x6d,0x5f,0x73,0x6b,0x79,0x62,0x6f,0x78,0x33,0x64,0x2e,0x66,0x6f,0x67,
  0x2e,0x6d,0x61,0x78,0x64,0x65,0x6e,0x73,0x69,0x74,0x79,0x18,0x04,0x20,0x40,0x48,0x20,0x22,0x26,0x08,
  0x01,0x12,0x1c,0x6d,0x5f,0x73,0x6b,0x79,0x62,0x6f,0x78,0x33,0x64,0x2e,0x66,0x6f,0x67,0x2e,0x48,0x44,
  0x52,0x43,0x6f,0x6c,0x6f,0x72,0x53,0x63,0x61,0x6c,0x65,0x18,0x04,0x20,0x40,0x48,0x20,0x22,0x1f,0x08,
  0x02,0x12,0x15,0x6d,0x5f,0x61,0x75,0x64,0x69,0x6f,0x2e,0x6c,0x6f,0x63,0x61,0x6c,0x53,0x6f,0x75,0x6e,
  0x64,0x5b,0x30,0x5d,0x18,0x04,0x20,0x40,0x48,0x00,0x22,0x1f,0x08,0x02,0x12,0x15,0x6d,0x5f,0x61,0x75,
  0x64,0x69,0x6f,0x2e,0x6c,0x6f,0x63,0x61,0x6c,0x53,0x6f,0x75,0x6e,0x64,0x5b,0x31,0x5d,0x18,0x04,0x20,
  0x40,0x48,0x00,0x22,0x1f,0x08,0x02,0x12,0x15,0x6d,0x5f,0x61,0x75,0x64,0x69,0x6f,0x2e,0x6c,0x6f,0x63,
  0x61,0x6c,0x53,0x6f,0x75,0x6e,0x64,0x5b,0x32,0x5d,0x18,0x04,0x20,0x40,0x48,0x00,0x22,0x1f,0x08,0x02,
  0x12,0x15,0x6d,0x5f,0x61,0x75,0x64,0x69,0x6f,0x2e,0x6c,0x6f,0x63,0x61,0x6c,0x53,0x6f,0x75,0x6e,0x64,
  0x5b,0x33,0x5d,0x18,0x04,0x20,0x40,0x48,0x00,0x22,0x1f,0x08,0x02,0x12,0x15,0x6d,0x5f,0x61,0x75,0x64,
  0x69,0x6f,0x2e,0x6c,0x6f,0x63,0x61,0x6c,0x53,0x6f,0x75,0x6e,0x64,0x5b,0x34,0x5d,0x18,0x04,0x20,0x40,
  0x48,0x00,0x22,0x1f,0x08,0x02,0x12,0x15,0x6d,0x5f,0x61,0x75,0x64,0x69,0x6f,0x2e,0x6c,0x6f,0x63,0x61,
  0x6c,0x53,0x6f,0x75,0x6e,0x64,0x5b,0x35,0x5d,0x18,0x04,0x20,0x40,0x48,0x00,0x22,0x1f,0x08,0x02,0x12,
  0x15,0x6d,0x5f,0x61,0x75,0x64,0x69,0x6f,0x2e,0x6c,0x6f,0x63,0x61,0x6c,0x53,0x6f,0x75,0x6e,0x64,0x5b,
  0x36,0x5d,0x18,0x04,0x20,0x40,0x48,0x00,0x22,0x1f,0x08,0x02,0x12,0x15,0x6d,0x5f,0x61,0x75,0x64,0x69,
  0x6f,0x2e,0x6c,0x6f,0x63,0x61,0x6c,0x53,0x6f,0x75,0x6e,0x64,0x5b,0x37,0x5d,0x18,0x04,0x20,0x40,0x48,
  0x00,0x22,0x21,0x08,0x00,0x12,0x17,0x6d,0x5f,0x61,0x75,0x64,0x69,0x6f,0x2e,0x73,0x6f,0x75,0x6e,0x64,
  0x73,0x63,0x61,0x70,0x65,0x49,0x6e,0x64,0x65,0x78,0x18,0x00,0x20,0x40,0x48,0x20,0x22,0x1b,0x08,0x00,
  0x12,0x11,0x6d,0x5f,0x61,0x75,0x64,0x69,0x6f,0x2e,0x6c,0x6f,0x63,0x61,0x6c,0x42,0x69,0x74,0x73,0x18,
  0x00,0x20,0x40,0x48,0x20,0x22,0x1a,0x08,0x00,0x12,0x10,0x6d,0x5f,0x61,0x75,0x64,0x69,0x6f,0x2e,0x65,
  0x6e,0x74,0x49,0x6e,0x64,0x65,0x78,0x18,0x00,0x20,0x40,0x48,0x20,0x22,0x1c,0x08,0x01,0x12,0x12,0x6d,
  0x5f,0x76,0x65,0x63,0x56,0x69,0x65,0x77,0x4f,0x66,0x66,0x73,0x65,0x74,0x5b,0x30,0x5d,0x18,0x04,0x20,
  0x40,0x48,0x20,0x22,0x1c,0x08,0x01,0x12,0x12,0x6d,0x5f,0x76,0x65,0x63,0x56,0x69,0x65,0x77,0x4f,0x66,
  0x66,0x73,0x65,0x74,0x5b,0x31,0x5d,0x18,0x04,0x20,0x40,0x48,0x20,0x22,0x1c,0x08,0x01,0x12,0x12,0x6d,
  0x5f,0x76,0x65,0x63,0x56,0x69,0x65,0x77,0x4f,0x66,0x66,0x73,0x65,0x74,0x5b,0x32,0x5d,0x18,0x04,0x20,
  0x40,0x48,0x20,0x22,0x16,0x08,0x01,0x12,0x0c,0x6d,0x5f,0x66,0x6c,0x46,0x72,0x69,0x63,0x74,0x69,0x6f,
  0x6e,0x18,0x04,0x20,0x40,0x48,0x20,0x22,0x15,0x08,0x00,0x12,0x0b,0x6d,0x5f,0x66,0x4f,0x6e,0x54,0x61,
  0x72,0x67,0x65,0x74,0x18,0x00,0x20,0x40,0x48,0x20,0x22,0x15,0x08,0x00,0x12,0x0b,0x6d,0x5f,0x6e,0x54,
  0x69,0x63,0x6b,0x42,0x61,0x73,0x65,0x18,0x00,0x20,0x40,0x48,0x20,0x22,0x1a,0x08,0x00,0x12,0x10,0x6d,
  0x5f,0x6e,0x4e,0x65,0x78,0x74,0x54,0x68,0x69,0x6e,0x6b,0x54,0x69,0x63,0x6b,0x18,0x00,0x20,0x40,0x48,
  0x20,0x22,0x17,0x08,0x00,0x12,0x0d,0x6d,0x5f,0x68,0x4c,0x61,0x73,0x74,0x57,0x65,0x61,0x70,0x6f,0x6e,
  0x18,0x00,0x20,0x40,0x48,0x20,0x22,0x1a,0x08,0x01,0x12,0x10,0x6d,0x5f,0x76,0x65,0x63,0x56,0x65,0x6c,
  0x6f,0x63,0x69,0x74,0x79,0x5b,0x30,0x5d,0x18,0x04,0x20,0x40,0x48,0x20,0x22,0x1a,0x08,0x01,0x12,0x10,
  0x6d,0x5f,0x76,0x65,0x63,0x56,0x65,0x6c,0x6f,0x63,0x69,0x74,0x79,0x5b,0x31,0x5d,0x18,0x04,0x20,0x40,
  0x48,0x20,0x22,0x1a,0x08,0x01,0x12,0x10,0x6d,0x5f,0x76,0x65,0x63,0x56,0x65,0x6c,0x6f,0x63,0x69,0x74,
  0x79,0x5b,0x32,0x5d,0x18,0x04,0x20,0x40,0x48,0x20,0x22,0x1b,0x08,0x02,0x12,0x11,0x6d,0x5f,0x76,0x65,
  0x63,0x42,0x61,0x73,0x65,0x56,0x65,0x6c,0x6f,0x63,0x69,0x74,0x79,0x18,0x04,0x20,0x40,0x48,0x00,0x22,
  0x1d,0x08,0x00,0x12,0x13,0x6d,0x5f,0x68,0x43,0x6f,0x6e,0x73,0x74,0x72,0x61,0x69,0x6e,0x74,0x45,0x6e,
  0x74,0x69,0x74,0x79,0x18,0x00,0x20,0x40,0x48,0x20,0x22,0x1f,0x08,0x02,0x12,0x15,0x6d,0x5f,0x76,0x65,
  0x63,0x43,0x6f,0x6e,0x73,0x74,0x72,0x61,0x69,0x6e,0x74,0x43,0x65,0x6e,0x74,0x65,0x72,0x18,0x04,0x20,
  0x40,0x48,0x00,0x22,0x1e,0x08,0x01,0x12,0x14,0x6d,0x5f,0x66,0x6c,0x43,0x6f,0x6e,0x73,0x74,0x72,0x61,
  0x69,0x6e,0x74,0x52,0x61,0x64,0x69,0x75,0x73,0x18,0x04,0x20,0x40,0x48,0x20,0x22,0x1d,0x08,0x01,0x12,
  0x13,0x6d,0x5f,0x66,0x6c,0x43,0x6f,0x6e,0x73,0x74,0x72,0x61,0x69,0x6e,0x74,0x57,0x69,0x64,0x74,0x68,
  0x18,0x04,0x20,0x40,0x48,0x20,0x22,0x23,0x08,0x01,0x12,0x19,0x6d,0x5f,0x66,0x6c,0x43,0x6f,0x6e,0x73,
  0x74,0x72,0x61,0x69,0x6e,0x74,0x53,0x70,0x65,0x65,0x64,0x46,0x61,0x63,0x74,0x6f,0x72,0x18,0x04,0x20,
  0x40,0x48,0x20,0x22,0x21,0x08,0x00,0x12,0x17,0x6d,0x5f,0x62,0x43,0x6f,0x6e,0x73,0x74,0x72,0x61,0x69,
  0x6e,0x74,0x50,0x61,0x73,0x74,0x52,0x61,0x64,0x69,0x75,0x73,0x18,0x00,0x20,0x40,0x48,0x20,0x22,0x17,
  0x08,0x01,0x12,0x0d,0x6d,0x5f,0x66,0x6c,0x44,0x65,0x61,0x74,0x68,0x54,0x69,0x6d,0x65,0x18,0x04,0x20,
  0x40,0x48,0x20,0x22,0x1b,0x08,0x01,0x12,0x11,0x6d,0x5f,0x66,0x6c,0x4e,0x65,0x78,0x74,0x44,0x65,0x63,
  0x61,0x6c,0x54,0x69,0x6d,0x65,0x18,0x04,0x20,0x40,0x48,0x20,0x22,0x16,0x08,0x01,0x12,0x0c,0x6d,0x5f,
  0x66,0x46,0x6f,0x72,0x63,0x65,0x54,0x65,0x61,0x6d,0x18,0x04,0x20,0x40,0x48,0x20,0x22,0x17,0x08,0x00,
  0x12,0x0d,0x6d,0x5f,0x6e,0x57,0x61,0x74,0x65,0x72,0x4c,0x65,0x76,0x65,0x6c,0x18,0x00,0x20,0x40,0x48,
  0x20,0x22,0x21,0x08,0x01,0x12,0x17,0x6d,0x5f,0x66,0x6c,0x4c,0x61,0x67,0x67,0x65,0x64,0x4d,0x6f,0x76,
  0x65,0x6d,0x65,0x6e,0x74,0x56,0x61,0x6c,0x75,0x65,0x18,0x04,0x20,0x40,0x48,0x20,0x22,0x1e,0x08,0x00,
  0x12,0x14,0x6d,0x5f,0x68,0x54,0x6f,0x6e,0x65,0x6d,0x61,0x70,0x43,0x6f,0x6e,0x74,0x72,0x6f,0x6c,0x6c,
  0x65,0x72,0x18,0x00,0x20,0x40,0x48,0x20,0x09,0xed,0x08,0x08,0x01,0x12,0x0e,0x44,0x54,0x5f,0x50,0x6c,
  0x61,0x79,0x65,0x72,0x53,0x74,0x61,0x74,0x65,0x18,0x00,0x22,0x12,0x08,0x00,0x12,0x08,0x64,0x65,0x61,
  0x64,0x66,0x6c,0x61,0x67,0x18,0x00,0x20,0x40,0x48,0x20,0x22,0x10,0x08,0x00,0x12,0x06,0x6d,0x5f,0x69,
  0x46,0x4f,0x56,0x18,0x00,0x20,0x40,0x48,0x20,0x22,0x15,0x08,0x00,0x12,0x0b,0x6d,0x5f,0x69,0x46,0x4f,
  0x56,0x53,0x74,0x61,0x72,0x74,0x18,0x00,0x20,0x40,0x48,0x20,0x22,0x15,0x08,0x01,0x12,0x0b,0x6d,0x5f,
  0x66,0x6c,0x46,0x4f,0x56,0x54,0x69,0x6d,0x65,0x18,0x04,0x20,0x40,0x48,0x20,0x22,0x17,0x08,0x00,0x12,
  0x0d,0x6d,0x5f,0x69,0x44,0x65,0x66,0x61,0x75,0x6c,0x74,0x46,0x4f,0x56,0x18,0x00,0x20,0x40,0x48,0x20,
  0x22,0x16,0x08,0x00,0x12,0x0c,0x6d,0x5f,0x68,0x5a,0x6f,0x6f,0x6d,0x4f,0x77,0x6e,0x65,0x72,0x18,0x00,
  0x20,0x40,0x48,0x20,0x22,0x1a,0x08,0x00,0x12,0x10,0x6d,0x5f,0x61,0x66,0x50,0x68,0x79,0x73,0x69,0x63,
  0x73,0x46,0x6c,0x61,0x67,0x73,0x18,0x00,0x20,0x40,0x48,0x20,0x22,0x14,0x08,0x00,0x12,0x0a,0x6d,0x5f,
  0x68,0x56,0x65,0x68,0x69,0x63,0x6c,0x65,0x18,0x00,0x20,0x40,0x48,0x20,0x22,0x16,0x08,0x00,0x12,0x0c,
  0x6d,0x5f,0x68,0x55,0x73,0x65,0x45,0x6e,0x74,0x69,0x74,0x79,0x18,0x00,0x20,0x40,0x48,0x20,0x22,0x19,
  0x08,0x00,0x12,0x0f,0x6d,0x5f,0x68,0x47,0x72,0x6f,0x75,0x6e,0x64,0x45,0x6e,0x74,0x69,0x74,0x79,0x18,
  0x00,0x20,0x40,0x48,0x20,0x22,0x13,0x08,0x00,0x12,0x09,0x6d,0x5f,0x69,0x48,0x65,0x61,0x6c,0x74,0x68,
  0x18,0x00,0x20,0x40,0x48,0x20,0x22,0x15,0x08,0x00,0x12,0x0b,0x6d,0x5f,0x6c,0x69,0x66,0x65,0x53,0x74,
  0x61,0x74,0x65,0x18,0x00,0x20,0x40,0x48,0x20,0x22,0x0f,0x08,0x00,0x12,0x04,0x30,0x30,0x30,0x30,0x18,
  0x80,0x02,0x20,0x40,0x48,0x20,0x22,0x11,0x08,0x05,0x12,0x07,0x6d,0x5f,0x69,0x41,0x6d,0x6d,0x6f,0x18,
  0x00,0x20,0x40,0x30,0x20,0x22,0x1a,0x08,0x00,0x12,0x10,0x6d,0x5f,0x69,0x42,0x6f,0x6e,0x75,0x73,0x50,
  0x72,0x6f,0x67,0x72,0x65,0x73,0x73,0x18,0x00,0x20,0x40,0x48,0x20,0x22,0x1b,0x08,0x00,0x12,0x11,0x6d,
  0x5f,0x69,0x42,0x6f,0x6e,0x75,0x73,0x43,0x68,0x61,0x6c,0x6c,0x65,0x6e,0x67,0x65,0x18,0x00,0x20,0x40,
  0x48,0x20,0x22,0x16,0x08,0x01,0x12,0x0c,0x6d,0x5f,0x66,0x6c,0x4d,0x61,0x78,0x73,0x70,0x65,0x65,0x64,
  0x18,0x04,0x20,0x40,0x48,0x20,0x22,0x12,0x08,0x00,0x12,0x08,0x6d,0x5f,0x66,0x46,0x6c,0x61,0x67,0x73,
  0x18,0x00,0x20,0x40,0x48,0x20,0x22,0x19,0x08,0x00,0x12,0x0f,0x6d,0x5f,0x69,0x4f,0x62,0x73,0x65,0x72,
  0x76,0x65,0x72,0x4d,0x6f,0x64,0x65,0x18,0x00,0x20,0x40,0x48,0x20,0x22,0x1c,0x08,0x00,0x12,0x12,0x6d,
  0x5f,0x62,0x41,0x63,0x74,0x69,0x76,0x65,0x43,0x61,0x6d,0x65,0x72,0x61,0x4d,0x61,0x6e,0x18,0x00,0x20,
  0x40,0x48,0x20,0x22,0x1a,0x08,0x00,0x12,0x10,0x6d,0x5f,0x62,0x43,0x61,0x6d,0x65,0x72,0x61,0x4d,0x61,
  0x6e,0x58,0x52,0x61,0x79,0x18,0x00,0x20,0x40,0x48,0x20,0x22,0x1e,0x08,0x00,0x12,0x14,0x6d,0x5f,0x62,
  0x43,0x61,0x6d,0x65,0x72,0x61,0x4d,0x61,0x6e,0x4f,0x76,0x65,0x72,0x76,0x69,0x65,0x77,0x18,0x00,0x20,
  0x40,0x48,0x20,0x22,0x20,0x08,0x00,0x12,0x16,0x6d,0x5f,0x62,0x43,0x61,0x6d,0x65,0x72,0x61,0x4d,0x61,
  0x6e,0x53,0x63,0x6f,0x72,0x65,0x42,0x6f,0x61,0x72,0x64,0x18,0x00,0x20,0x40,0x48,0x20,0x22,0x1c,0x08,
  0x00,0x12,0x12,0x6d,0x5f,0x75,0x43,0x61,0x6d,0x65,0x72,0x61,0x4d,0x61,0x6e,0x47,0x72,0x61,0x70,0x68,
  0x73,0x18,0x00,0x20,0x40,0x48,0x20,0x22,0x1c,0x08,0x00,0x12,0x12,0x6d,0x5f,0x69,0x44,0x65,0x61,0x74,
  0x68,0x50,0x6f,0x73,0x74,0x45,0x66,0x66,0x65,0x63,0x74,0x18,0x00,0x20,0x40,0x48,0x20,0x22,0x1b,0x08,
  0x00,0x12,0x11,0x6d,0x5f,0x68,0x4f,0x62,0x73,0x65,0x72,0x76,0x65,0x72,0x54,0x61,0x72,0x67,0x65,0x74,
  0x18,0x00,0x20,0x40,0x48,0x20,0x22,0x19,0x08,0x00,0x12,0x0f,0x6d,0x5f,0x68,0x56,0x69,0x65,0x77,0x4d,
  0x6f,0x64,0x65,0x6c,0x5b,0x30,0x5d,0x18,0x00,0x20,0x40,0x48,0x20,0x22,0x16,0x08,0x04,0x12,0x0c,0x6d,
  0x5f,0x68,0x56,0x69,0x65,0x77,0x4d,0x6f,0x64,0x65,0x6c,0x18,0x00,0x20,0x40,0x48,0x00,0x22,0x19,0x08,
  0x00,0x12,0x0f,0x6d,0x5f,0x69,0x43,0x6f,0x61,0x63,0x68,0x69,0x6e,0x67,0x54,0x65,0x61,0x6d,0x18,0x00,
  0x20,0x40,0x48,0x20,0x22,0x1b,0x08,0x04,0x12,0x11,0x6d,0x5f,0x73,0x7a,0x4c,0x61,0x73,0x74,0x50,0x6c,
  0x61,0x63,0x65,0x4e,0x61,0x6d,0x65,0x18,0x00,0x20,0x40,0x48,0x00,0x22,0x1b,0x08,0x02,0x12,0x11,0x6d,
  0x5f,0x76,0x65,0x63,0x4c,0x61,0x64,0x64,0x65,0x72,0x4e,0x6f,0x72,0x6d,0x61,0x6c,0x18,0x04,0x20,0x40,
  0x48,0x00,0x22,0x1e,0x08,0x00,0x12,0x14,0x6d,0x5f,0x6c,0x61,0x64,0x64,0x65,0x72,0x53,0x75,0x72,0x66,
  0x61,0x63,0x65,0x50,0x72,0x6f,0x70,0x73,0x18,0x00,0x20,0x40,0x48,0x20,0x22,0x1e,0x08,0x00,0x12,0x14,
  0x6d,0x5f,0x75,0x62,0x45,0x46,0x4e,0x6f,0x49,0x6e,0x74,0x65,0x72,0x70,0x50,0x61,0x72,0x69,0x74,0x79,
  0x18,0x00,0x20,0x40,0x48,0x20,0x22,0x1c,0x08,0x00,0x12,0x12,0x6d,0x5f,0x68,0x50,0x6f,0x73,0x74,0x50,
  0x72,0x6f,0x63,0x65,0x73,0x73,0x43,0x74,0x72,0x6c,0x18,0x00,0x20,0x40,0x48,0x20,0x22,0x20,0x08,0x00,
  0x12,0x16,0x6d,0x5f,0x68,0x43,0x6f,0x6c,0x6f,0x72,0x43,0x6f,0x72,0x72,0x65,0x63,0x74,0x69,0x6f,0x6e,
  0x43,0x74,0x72,0x6c,0x18,0x00,0x20,0x40,0x48,0x20,0x22,0x1d,0x08,0x00,0x12,0x13,0x6d,0x5f,0x50,0x6c,
  0x61,0x79,0x65,0x72,0x46,0x6f,0x67,0x2e,0x6d,0x5f,0x68,0x43,0x74,0x72,0x6c,0x18,0x00,0x20,0x40,0x48,
  0x20,0x22,0x22,0x08,0x00,0x12,0x18,0x6d,0x5f,0x76,0x70,0x68,0x79,0x73,0x69,0x63,0x73,0x43,0x6f,0x6c,
  0x6c,0x69,0x73,0x69,0x6f,0x6e,0x53,0x74,0x61,0x74,0x65,0x18,0x00,0x20,0x40,0x48,0x20,0x22,0x17,0x08,
  0x00,0x12,0x0d,0x6d,0x5f,0x68,0x56,0x69,0x65,0x77,0x45,0x6e,0x74,0x69,0x74,0x79,0x18,0x00,0x20,0x40,
  0x48,0x20,0x22,0x31,0x08,0x00,0x12,0x27,0x6d,0x5f,0x62,0x53,0x68,0x6f,0x75,0x6c,0x64,0x44,0x72,0x61,
  0x77,0x50,0x6c,0x61,0x79,0x65,0x72,0x57,0x68,0x69,0x6c,0x65,0x55,0x73,0x69,0x6e,0x67,0x56,0x69,0x65,
  0x77,0x45,0x6e,0x74,0x69,0x74,0x79,0x18,0x00,0x20,0x40,0x48,0x20,0x22,0x18,0x08,0x01,0x12,0x0e,0x6d,
  0x5f,0x66,0x6c,0x44,0x75,0x63,0x6b,0x41,0x6d,0x6f,0x75,0x6e,0x74,0x18,0x04,0x20,0x40,0x48,0x20,0x22,
  0x17,0x08,0x01,0x12,0x0d,0x6d,0x5f,0x66,0x6c,0x44,0x75,0x63,0x6b,0x53,0x70,0x65,0x65,0x64,0x18,0x04,
  0x20,0x40,0x48,0x20,0x09,0x90,0x19,0x08,0x01,0x12,0x17,0x44,0x54,0x5f,0x4c,0x6f,0x63,0x61,0x6c,0x50,
  0x6c,0x61,0x79,0x65,0x72,0x45,0x78,0x63,0x6c,0x75,0x73,0x69,0x76,0x65,0x18,0x00,0x22,0x19,0x08,0x06,
  0x12,0x07,0x6d,0x5f,0x4c,0x6f,0x63,0x61,0x6c,0x18,0x00,0x20,0x40,0x2a,0x08,0x44,0x54,0x5f,0x4c,0x6f,
  0x63,0x61,0x6c,0x22,0x0f,0x08,0x00,0x12,0x04,0x30,0x30,0x30,0x30,0x18,0x80,0x02,0x20,0x40,0x48,0x20,
  0x22,0x16,0x08,0x05,0x12,0x0c,0x6d,0x5f,0x63,0x68,0x41,0x72,0x65,0x61,0x42,0x69,0x74,0x73,0x18,0x00,
  0x20,0x40,0x30,0x20,0x22,0x0f,0x08,0x00,0x12,0x04,0x30,0x30,0x30,0x30,0x18,0x80,0x02,0x20,0x40,0x48,
  0x20,0x22,0x1c,0x08,0x05,0x12,0x12,0x6d,0x5f,0x63,0x68,0x41,0x72,0x65,0x61,0x50,0x6f,0x72,0x74,0x61,
  0x6c,0x42,0x69,0x74,0x73,0x18,0x00,0x20,0x40,0x30,0x20,0x22,0x14,0x08,0x00,0x12,0x0a,0x6d,0x5f,0x69,
  0x48,0x69,0x64,0x65,0x48,0x55,0x44,0x18,0x00,0x20,0x40,0x48,0x20,0x22,0x15,0x08,0x01,0x12,0x0b,0x6d,
  0x5f,0x66,0x6c,0x46,0x4f,0x56,0x52,0x61,0x74,0x65,0x18,0x04,0x20,0x40,0x48,0x20,0x22,0x13,0x08,0x00,
  0x12,0x09,0x6d,0x5f,0x62,0x44,0x75,0x63,0x6b,0x65,0x64,0x18,0x00,0x20,0x40,0x48,0x20,0x22,0x14,0x08,
  0x00,0x12,0x0a,0x6d,0x5f,0x62,0x44,0x75,0x63,0x6b,0x69,0x6e,0x67,0x18,0x00,0x20,0x40,0x48,0x20,0x22,
  0x1a,0x08,0x01,0x12,0x10,0x6d,0x5f,0x66,0x6c,0x4c,0x61,0x73,0x74,0x44,0x75,0x63,0x6b,0x54,0x69,0x6d,
  0x65,0x18,0x04,0x20,0x40,0x48,0x20,0x22,0x17,0x08,0x00,0x12,0x0d,0x6d,0x5f,0x62,0x49,0x6e,0x44,0x75,
  0x63,0x6b,0x4a,0x75,0x6d,0x70,0x18,0x00,0x20,0x40,0x48,0x20,0x22,0x1a,0x08,0x00,0x12,0x10,0x6d,0x5f,
  0x6e,0x44,0x75,0x63,0x6b,0x54,0x69,0x6d,0x65,0x4d,0x73,0x65,0x63,0x73,0x18,0x00,0x20,0x40,0x48,0x20,
  0x22,0x1e,0x08,0x00,0x12,0x14,0x6d,0x5f,0x6e,0x44,0x75,0x63,0x6b,0x4a,0x75,0x6d,0x70,0x54,0x69,0x6d,
  0x65,0x4d,0x73,0x65,0x63,0x73,0x18,0x00,0x20,0x40,0x48,0x20,0x22,0x1a,0x08,0x00,0x12,0x10,0x6d,0x5f,
  0x6e,0x4a,0x75,0x6d,0x70,0x54,0x69,0x6d,0x65,0x4d,0x73,0x65,0x63,0x73,0x18,0x00,0x20,0x40,0x48,0x20,
  0x22,0x1a,0x08,0x01,0x12,0x10,0x6d,0x5f,0x66,0x6c,0x46,0x61,0x6c,0x6c,0x56,0x65,0x6c,0x6f,0x63,0x69,
  0x74,0x79,0x18,0x04,0x20,0x40,0x48,0x20,0x22,0x1a,0x08,0x02,0x12,0x10,0x6d,0x5f,0x76,0x69,0x65,0x77,
  0x50,0x75,0x6e,0x63,0x68,0x41,0x6e,0x67,0x6c,0x65,0x18,0x04,0x20,0x40,0x48,0x00,0x22,0x19,0x08,0x02,
  0x12,0x0f,0x6d,0x5f,0x61,0x69,0x6d,0x50,0x75,0x6e,0x63,0x68,0x41,0x6e,0x67,0x6c,0x65,0x18,0x04,0x20,
  0x40,0x48,0x00,0x22,0x1c,0x08,0x02,0x12,0x12,0x6d,0x5f,0x61,0x69,0x6d,0x50,0x75,0x6e,0x63,0x68,0x41,
  0x6e,0x67,0x6c,0x65,0x56,0x65,0x6c,0x18,0x04,0x20,0x40,0x48,0x00,0x22,0x1a,0x08,0x00,0x12,0x10,0x6d,
  0x5f,0x62,0x44,0x72,0x61,0x77,0x56,0x69,0x65,0x77,0x6d,0x6f,0x64,0x65,0x6c,0x18,0x00,0x20,0x40,0x48,
  0x20,0x22,0x18,0x08,0x00,0x12,0x0e,0x6d,0x5f,0x62,0x57,0x65,0x61,0x72,0x69,0x6e,0x67,0x53,0x75,0x69,
  0x74,0x18,0x00,0x20,0x40,0x48,0x20,0x22,0x15,0x08,0x00,0x12,0x0b,0x6d,0x5f,0x62,0x50,0x6f,0x69,0x73,
  0x6f,0x6e,0x65,0x64,0x18,0x00,0x20,0x40,0x48,0x20,0x22,0x16,0x08,0x01,0x12,0x0c,0x6d,0x5f,0x66,0x6c,
  0x53,0x74,0x65,0x70,0x53,0x69,0x7a,0x65,0x18,0x04,0x20,0x40,0x48,0x20,0x22,0x1e,0x08,0x00,0x12,0x14,
  0x6d,0x5f,0x62,0x41,0x6c,0x6c,0x6f,0x77,0x41,0x75,0x74,0x6f,0x4d,0x6f,0x76,0x65,0x6d,0x65,0x6e,0x74,
  0x18,0x00,0x20,0x40,0x48,0x20,0x22,0x1a,0x08,0x00,0x12,0x10,0x6d,0x5f,0x73,0x6b,0x79,0x62,0x6f,0x78,
  0x33,0x64,0x2e,0x73,0x63,0x61,0x6c,0x65,0x18,0x00,0x20,0x40,0x48,0x20,0x22,0x1b,0x08,0x02,0x12,0x11,
  0x6d,0x5f,0x73,0x6b,0x79,0x62,0x6f,0x78,0x33,0x64,0x2e,0x6f,0x72,0x69,0x67,0x69,0x6e,0x18,0x04,0x20,
  0x40,0x48,0x00,0x22,0x19,0x08,0x00,0x12,0x0f,0x6d,0x5f,0x73,0x6b,0x79,0x62,0x6f,0x78,0x33,0x64,0x2e,
  0x61,0x72,0x65,0x61,0x18,0x00,0x20,0x40,0x48,0x20,0x22,0x1f,0x08,0x00,0x12,0x15,0x6d,0x5f,0x73,0x6b,
  0x79,0x62,0x6f,0x78,0x33,0x64,0x2e,0x66,0x6f,0x67,0x2e,0x65,0x6e,0x61,0x62,0x6c,0x65,0x18,0x00,0x20,
  0x40,0x48,0x20,0x22,0x1e,0x08,0x00,0x12,0x14,0x6d,0x5f,0x73,0x6b,0x79,0x62,0x6f,0x78,0x33,0x64,0x2e,
  0x66,0x6f,0x67,0x2e,0x62,0x6c,0x65,0x6e,0x64,0x18,0x00,0x20,0x40,0x48,0x20,0x22,0x23,0x08,0x02,0x12,
  0x19,0x6d,0x5f,0x73,0x6b,0x79,0x62,0x6f,0x78,0x33,0x64,0x2e,0x66,0x6f,0x67,0x2e,0x64,0x69,0x72,0x50,
  0x72,0x69,0x6d,0x61,0x72,0x79,0x18,0x04,0x20,0x40,0x48,0x00,0x22,0x25,0x08,0x00,0x12,0x1b,0x6d,0x5f,
  0x73,0x6b,0x79,0x62,0x6f,0x78,0x33,0x64,0x2e,0x66,0x6f,0x67,0x2e,0x63,0x6f,0x6c,0x6f,0x72,0x50,0x72,
  0x69,0x6d,0x61,0x72,0x79,0x18,0x00,0x20,0x40,0x48,0x20,0x22,0x27,0x08,0x00,0x12,0x1d,0x6d,0x5f,0x73,
  0x6b,0x79,0x62,0x6f,0x78,0x33,0x64,0x2e,0x66,0x6f,0x67,0x2e,0x63,0x6f,0x6c,0x6f,0x72,0x53,0x65,0x63,
  0x6f,0x6e,0x64,0x61,0x72,0x79,0x18,0x00,0x20,0x40,0x48,0x20,0x22,0x1e,0x08,0x01,0x12,0x14,0x6d,0x5f,
  0x73,0x6b,0x79,0x62,0x6f,0x78,0x33,0x64,0x2e,0x66,0x6f,0x67,0x2e,0x73,0x74,0x61,0x72,0x74,0x18,0x04,
  0x20,0x40,0x48,0x20,0x22,0x1c,0x08,0x01,0x12,0x12,0x6d,0x5f,0x73,0x6b,0x79,0x62,0x6f,0x78,0x33,0x64,
  0x2e,0x66,0x6f,0x67,0x2e,0x65,0x6e,0x64,0x18,0x04,0x20,0x40,0x48,0x20,0x22,0x23,0x08,0x01,0x12,0x19,
  0x6d,0x5f,0x73,0x6b,0x79,0x62,0x6f,0x78,0x33,0x64,0x2e,0x66,0x6f,0x67,0x2e,0x6d,0x61,0x78,0x64,0x65,
  0x6e,0x73,0x69,0x74,0x79,0x18,0x04,0x20,0x40,0x48,0x20,0x22,0x26,0x08,0x01,0x12,0x1c,0x6d,0x5f,0x73,
  0x6b,0x79,0x62,0x6f,0x78,0x33,0x64,0x2e,0x66,0x6f,0x67,0x2e,0x48,0x44,0x52,0x43,0x6f,0x6c,0x6f,0x72,
  0x53,0x63,0x61,0x6c,0x65,0x18,0x04,0x20,0x40,0x48,0x20,0x22,0x1f,0x08,0x02,0x12,0x15,0x6d,0x5f,0x61,
  0x75,0x64,0x69,0x6f,0x2e,0x6c,0x6f,0x63,0x61,0x6c,0x53,0x6f,0x75,0x6e,0x64,0x5b,0x30,0x5d,0x18,0x04,
  0x20,0x40,0x48,0x00,0x22,0x1f,0x08,0x02,0x12,0x15,0x6d,0x5f,0x61,0x75,0x64,0x69,0x6f,0x2e,0x6c,0x6f,
  0x63,0x61,0x6c,0x53,0x6f,0x75,0x6e,0x64,0x5b,0x31,0x5d,0x18,0x04,0x20,0x40,0x48,0x00,0x22,0x1f,0x08,
  0x02,0x12,0x15,0x6d,0x5f,0x61,0x75,0x64,0x69,0x6f,0x2e,0x6c,0x6f,0x63,0x61,0x6c,0x53,0x6f,0x75,0x6e,
  0x64,0x5b,0x32,0x5d,0x18,0x04,0x20,0x40,0x48,0x00,0x22,0x1f,0x08,0x02,0x12,0x15,0x6d,0x5f,0x61,0x75,
  0x64,0x69,0x6f,0x2e,0x6c,0x6f,0x63,0x61,0x6c,0x53,0x6f,0x75,0x6e,0x64,0x5b,0x33,0x5d,0x18,0x04,0x20,
  0x40,0x48,0x00,0x22,0x1f,0x08,0x02,0x12,0x15,0x6d,0x5f,0x61,0x75,0x64,0x69,0x6f,0x2e,0x6c,0x6f,0x63,
  0x61,0x6c,0x53,0x6f,0x75,0x6e,0x64,0x5b,0x34,0x5d,0x18,0x04,0x20,0x40,0x48,0x00,0x22,0x1f,0x08,0x02,
  0x12,0x15,0x6d,0x5f,0x61,0x75,0x64,0x69,0x6f,0x2e,0x6c,0x6f,0x63,0x61,0x6c,0x53,0x6f,0x75,0x6e,0x64,
  0x5b,0x35,0x5d,0x18,0x04,0x20,0x40,0x48,0x00,0x22,0x1f,0x08,0x02,0x12,0x15,0x6d,0x5f,0x61,0x75,0x64,
  0x69,0x6f,0x2e,0x6c,0x6f,0x63,0x61,0x6c,0x53,0x6f,0x75,0x6e,0x64,0x5b,0x36,0x5d,0x18,0x04,0x20,0x40,
  0x48,0x00,0x22,0x1f,0x08,0x02,0x12,0x15,0x6d,0x5f,0x61,0x75,0x64,0x69,0x6f,0x2e,0x6c,0x6f,0x63,0x61,
  0x6c,0x53,0x6f,0x75,0x6e,0x64,0x5b,0x37,0x5d,0x18,0x04,0x20,0x40,0x48,0x00,0x22,0x21,0x08,0x00,0x12,
  0x17,0x6d,0x5f,0x61,0x75,0x64,0x69,0x6f,0x2e,0x73,0x6f,0x75,0x6e,0x64,0x73,0x63,0x61,0x70,0x65,0x49,
  0x6e,0x64,0x65,0x78,0x18,0x00,0x20,0x40,0x48,0x20,0x22,0x1b,0x08,0x00,0x12,0x11,0x6d,0x5f,0x61,0x75,
  0x64,0x69,0x6f,0x2e,0x6c,0x6f,0x63,0x61,0x6c,0x42,0x69,0x74,0x73,0x18,0x00,0x20,0x40,0x48,0x20,0x22,
  0x1a,0x08,0x00,0x12,0x10,0x6d,0x5f,0x61,0x75,0x64,0x69,0x6f,0x2e,0x65,0x6e,0x74,0x49,0x6e,0x64,0x65,
  0x78,0x18,0x00,0x20,0x40,0x48,0x20,0x22,0x1c,0x08,0x01,0x12,0x12,0x6d,0x5f,0x76,0x65,0x63,0x56,0x69,
  0x65,0x77,0x4f,0x66,0x66,0x73,0x65,0x74,0x5b,0x30,0x5d,0x18,0x04,0x20,0x40,0x48,0x20,0x22,0x1c,0x08,
  0x01,0x12,0x12,0x6d,0x5f,0x76,0x65,0x63,0x56,0x69,0x65,0x77,0x4f,0x66,0x66,0x73,0x65,0x74,0x5b,0x31,
  0x5d,0x18,0x04,0x20,0x40,0x48,0x20,0x22,0x1c,0x08,0x01,0x12,0x12,0x6d,0x5f,0x76,0x65,0x63,0x56,0x69,
  0x65,0x77,0x4f,0x66,0x66,0x73,0x65,0x74,0x5b,0x32,0x5d,0x18,0x04,0x20,0x40,0x48,0x20,0x22,0x16,0x08,
  0x01,0x12,0x0c,0x6d,0x5f,0x66,0x6c,0x46,0x72,0x69,0x63,0x74,0x69,0x6f,0x6e,0x18,0x04,0x20,0x40,0x48,
  0x20,0x22,0x15,0x08,0x00,0x12,0x0b,0x6d,0x5f,0x66,0x4f,0x6e,0x54,0x61,0x72,0x67,0x65,0x74,0x18,0x00,
  0x20,0x40,0x48,0x20,0x22,0x15,0x08,0x00,0x12,0x0b,0x6d,0x5f,0x6e,0x54,0x69,0x63,0x6b,0x42,0x61,0x73,
  0x65,0x18,0x00,0x20,0x40,0x48,0x20,0x22,0x1a,0x08,0x00,0x12,0x10,0x6d,0x5f,0x6e,0x4e,0x65,0x78,0x74,
  0x54,0x68,0x69,0x6e,0x6b,0x54,0x69,0x63,0x6b,0x18,0x00,0x20,0x40,0x48,0x20,0x22,0x17,0x08,0x00,0x12,
  0x0d,0x6d,0x5f,0x68,0x4c,0x61,0x73,0x74,0x57,0x65,0x61,0x70,0x6f,0x6e,0x18,0x00,0x20,0x40,0x48,0x20,
  0x22,0x1a,0x08,0x01,0x12,0x10,0x6d,0x5f,0x76,0x65,0x63,0x56,0x65,0x6c,0x6f,0x63,0x69,0x74,0x79,0x5b,
  0x30,0x5d,0x18,0x04,0x20,0x40,0x48,0x20,0x22,0x1a,0x08,0x01,0x12,0x10,0x6d,0x5f,0x76,0x65,0x63,0x56,
  0x65,0x6c,0x6f,0x63,0x69,0x74,0x79,0x5b,0x31,0x5d,0x18,0x04,0x20,0x40,0x48,0x20,0x22,0x1a,0x08,0x01,
  0x12,0x10,0x6d,0x5f,0x76,0x65,0x63,0x56,0x65,0x6c,0x6f,0x63,0x69,0x74,0x79,0x5b,0x32,0x5d,0x18,0x04,
  0x20,0x40,0x48,0x20,0x22,0x1b,0x08,0x02,0x12,0x11,0x6d,0x5f,0x76,0x65,0x63,0x42,0x61,0x73,0x65,0x56,
  0x65,0x6c,0x6f,0x63,0x69,0x74,0x79,0x18,0x04,0x20,0x40,0x48,0x00,0x22,0x1d,0x08,0x00,0x12,0x13,0x6d,
  0x5f,0x68,0x43,0x6f,0x6e,0x73,0x74,0x72,0x61,0x69,0x6e,0x74,0x45,0x6e,0x74,0x69,0x74,0x79,0x18,0x00,
  0x20,0x40,0x48,0x20,0x22,0x1f,0x08,0x02,0x12,0x15,0x6d,0x5f,0x76,0x65,0x63,0x43,0x6f,0x6e,0x73,0x74,
  0x72,0x61,0x69,0x6e,0x74,0x43,0x65,0x6e,0x74,0x65,0x72,0x18,0x04,0x20,0x40,0x48,0x00,0x22,0x1e,0x08,
  0x01,0x12,0x14,0x6d,0x5f,0x66,0x6c,0x43,0x6f,0x6e,0x73,0x74,0x72,0x61,0x69,0x6e,0x74,0x52,0x61,0x64,
  0x69,0x75,0x73,0x18,0x04,0x20,0x40,0x48,0x20,0x22,0x1d,0x08,0x01,0x12,0x13,0x6d,0x5f,0x66,0x6c,0x43,
  0x6f,0x6e,0x73,0x74,0x72,0x61,0x69,0x6e,0x74,0x57,0x69,0x64,0x74,0x68,0x18,0x04,0x20,0x40,0x48,0x20,
  0x22,0x23,0x08,0x01,0x12,0x19,0x6d,0x5f,0x66,0x6c,0x43,0x6f,0x6e,0x73,0x74,0x72,0x61,0x69,0x6e,0x74,
  0x53,0x70,0x65,0x65,0x64,0x46,0x61,0x63,0x74,0x6f,0x72,0x18,0x04,0x20,0x40,0x48,0x20,0x22,0x21,0x08,
  0x00,0x12,0x17,0x6d,0x5f,0x62,0x43,0x6f,0x6e,0x73,0x74,0x72,0x61,0x69,0x6e,0x74,0x50,0x61,0x73,0x74,
  0x52,0x61,0x64,0x69,0x75,0x73,0x18,0x00,0x20,0x40,0x48,0x20,0x22,0x17,0x08,0x01,0x12,0x0d,0x6d,0x5f,
  0x66,0x6c,0x44,0x65,0x61,0x74,0x68,0x54,0x69,0x6d,0x65,0x18,0x04,0x20,0x40,0x48,0x20,0x22,0x1b,0x08,
  0x01,0x12,0x11,0x6d,0x5f,0x66,0x6c,0x4e,0x65,0x78,0x74,0x44,0x65,0x63,0x61,0x6c,0x54,0x69,0x6d,0x65,
  0x18,0x04,0x20,0x40,0x48,0x20,0x22,0x16,0x08,0x01,0x12,0x0c,0x6d,0x5f,0x66,0x46,0x6f,0x72,0x63,0x65,
  0x54,0x65,0x61,0x6d,0x18,0x04,0x20,0x40,0x48,0x20,0x22,0x17,0x08,0x00,0x12,0x0d,0x6d,0x5f,0x6e,0x57,
  0x61,0x74,0x65,0x72,0x4c,0x65,0x76,0x65,0x6c,0x18,0x00,0x20,0x40,0x48,0x20,0x22,0x21,0x08,0x01,0x12,
  0x17,0x6d,0x5f,0x66,0x6c,0x4c,0x61,0x67,0x67,0x65,0x64,0x4d,0x6f,0x76,0x65,0x6d,0x65,0x6e,0x74,0x56,
  0x61,0x6c,0x75,0x65,0x18,0x04,0x20,0x40,0x48,0x20,0x22,0x1e,0x08,0x00,0x12,0x14,0x6d,0x5f,0x68,0x54,
  0x6f,0x6e,0x65,0x6d,0x61,0x70,0x43,0x6f,0x6e,0x74,0x72,0x6f,0x6c,0x6c,0x65,0x72,0x18,0x00,0x20,0x40,
  0x48,0x20,0x22,0x1a,0x08,0x06,0x12,0x02,0x70,0x6c,0x18,0x00,0x20,0x40,0x2a,0x0e,0x44,0x54,0x5f,0x50,
  0x6c,0x61,0x79,0x65,0x72,0x53,0x74,0x61,0x74,0x65,0x22,0x12,0x08,0x00,0x12,0x08,0x64,0x65,0x61,0x64,
  0x66,0x6c,0x61,0x67,0x18,0x00,0x20,0x40,0x48,0x20,0x22,0x10,0x08,0x00,0x12,0x06,0x6d,0x5f,0x69,0x46,
  0x4f,0x56,0x18,0x00,0x20,0x40,0x48,0x20,0x22,0x15,0x08,0x00,0x12,0x0b,0x6d,0x5f,0x69,0x46,0x4f,0x56,
  0x53,0x74,0x61,0x72,0x74,0x18,0x00,0x20,0x40,0x48,0x20,0x22,0x15,0x08,0x01,0x12,0x0b,0x6d,0x5f,0x66,
  0x6c,0x46,0x4f,0x56,0x54,0x69,0x6d,0x65,0x18,0x04,0x20,0x40,0x48,0x20,0x22,0x17,0x08,0x00,0x12,0x0d,
  0x6d,0x5f,0x69,0x44,0x65,0x66,0x61,0x75,0x6c,0x74,0x46,0x4f,0x56,0x18,0x00,0x20,0x40,0x48,0x20,0x22,
  0x16,0x08,0x00,0x12,0x0c,0x6d,0x5f,0x68,0x5a,0x6f,0x6f,0x6d,0x4f,0x77,0x6e,0x65,0x72,0x18,0x00,0x20,
  0x40,0x48,0x20,0x22,0x1a,0x08,0x00,0x12,0x10,0x6d,0x5f,0x61,0x66,0x50,0x68,0x79,0x73,0x69,0x63,0x73,
  0x46,0x6c,0x61,0x67,0x73,0x18,0x00,0x20,0x40,0x48,0x20,0x22,0x14,0x08,0x00,0x12,0x0a,0x6d,0x5f,0x68,
  0x56,0x65,0x68,0x69,0x63,0x6c,0x65,0x18,0x00,0x20,0x40,0x48,0x20,0x22,0x16,0x08,0x00,0x12,0x0c,0x6d,
  0x5f,0x68,0x55,0x73,0x65,0x45,0x6e,0x74,0x69,0x74,0x79,0x18,0x00,0x20,0x40,0x48,0x20,0x22,0x19,0x08,
  0x00,0x12,0x0f,0x6d,0x5f,0x68,0x47,0x72,0x6f,0x75,0x6e,0x64,0x45,0x6e,0x74,0x69,0x74,0x79,0x18,0x00,
  0x20,0x40,0x48,0x20,0x22,0x13,0x08,0x00,0x12,0x09,0x6d,0x5f,0x69,0x48,0x65,0x61,0x6c,0x74,0x68,0x18,
  0x00,0x20,0x40,0x48,0x20,0x22,0x15,0x08,0x00,0x12,0x0b,0x6d,0x5f,0x6c,0x69,0x66,0x65,0x53,0x74,0x61,
  0x74,0x65,0x18,0x00,0x20,0x40,0x48,0x20,0x22,0x0f,0x08,0x00,0x12,0x04,0x30,0x30,0x30,0x30,0x18,0x80,
  0x02,0x20,0x40,0x48,0x20,0x22,0x11,0x08,0x05,0x12,0x07,0x6d,0x5f,0x69,0x41,0x6d,0x6d,0x6f,0x18,0x00,
  0x20,0x40,0x30,0x20,0x22,0x1a,0x08,0x00,0x12,0x10,0x6d,0x5f,0x69,0x42,0x6f,0x6e,0x75,0x73,0x50,0x72,
  0x6f,0x67,0x72,0x65,0x73,0x73,0x18,0x00,0x20,0x40,0x48,0x20,0x22,0x1b,0x08,0x00,0x12,0x11,0x6d,0x5f,
  0x69,0x42,0x6f,0x6e,0x75,0x73,0x43,0x68,0x61,0x6c,0x6c,0x65,0x6e,0x67,0x65,0x18,0x00,0x20,0x40,0x48,
  0x20,0x22,0x16,0x08,0x01,0x12,0x0c,0x6d,0x5f,0x66,0x6c,0x4d,0x61,0x78,0x73,0x70,0x65,0x65,0x64,0x18,
  0x04,0x20,0x40,0x48,0x20,0x22,0x12,0x08,0x00,0x12,0x08,0x6d,0x5f,0x66,0x46,0x6c,0x61,0x67,0x73,0x18,
  0x00,0x20,0x40,0x48,0x20,0x22,0x19,0x08,0x00,0x12,0x0f,0x6d,0x5f,0x69,0x4f,0x62,0x73,0x65,0x72,0x76,
  0x65,0x72,0x4d,0x6f,0x64,0x65,0x18,0x00,0x20,0x40,0x48,0x20,0x22,0x1c,0x08,0x00,0x12,0x12,0x6d,0x5f,
  0x62,0x41,0x63,0x74,0x69,0x76,0x65,0x43,0x61,0x6d,0x65,0x72,0x61,0x4d,0x61,0x6e,0x18,0x00,0x20,0x40,
  0x48,0x20,0x22,0x1a,0x08,0x00,0x12,0x10,0x6d,0x5f,0x62,0x43,0x61,0x6d,0x65,0x72,0x61,0x4d,0x61,0x6e,
  0x58,0x52,0x61,0x79,0x18,0x00,0x20,0x40,0x48,0x20,0x22,0x1e,0x08,0x00,0x12,0x14,0x6d,0x5f,0x62,0x43,
  0x61,0x6d,0x65,0x72,0x61,0x4d,0x61,0x6e,0x4f,0x76,0x65,0x72,0x76,0x69,0x65,0x77,0x18,0x00,0x20,0x40,
  0x48,0x20,0x22,0x20,0x08,0x00,0x12,0x16,0x6d,0x5f,0x62,0x43,0x61,0x6d,0x65,0x72,0x61,0x4d,0x61,0x6e,
  0x53,0x63,0x6f,0x72,0x65,0x42,0x6f,0x61,0x72,0x64,0x18,0x00,0x20,0x40,0x48,0x20,0x22,0x1c,0x08,0x00,
  0x12,0x12,0x6d,0x5f,0x75,0x43,0x61,0x6d,0x65,0x72,0x61,0x4d,0x61,0x6e,0x47,0x72,0x61,0x70,0x68,0x73,
  0x18,0x00,0x20,0x40,0x48,0x20,0x22,0x1c,0x08,0x00,0x12,0x12,0x6d,0x5f,0x69,0x44,0x65,0x61,0x74,0x68,
  0x50,0x6f,0x73,0x74,0x45,0x66,0x66,0x65,0x63,0x74,0x18,0x00,0x20,0x40,0x48,0x20,0x22,0x1b,0x08,0x00,
  0x12,0x11,0x6d,0x5f,0x68,0x4f,0x62,0x73,0x65,0x72,0x76,0x65,0x72,0x54,0x61,0x72,0x67,0x65,0x74,0x18,
  0x00,0x20,0x40,0x48,0x20,0x22,0x19,0x08,0x00,0x12,0x0f,0x6d,0x5f,0x68,0x56,0x69,0x65,0x77,0x4d,0x6f,
  0x64,0x65,0x6c,0x5b,0x30,0x5d,0x18,0x00,0x20,0x40,0x48,0x20,0x22,0x16,0x08,0x04,0x12,0x0c,0x6d,0x5f,
  0x68,0x56,0x69,0x65,0x77,0x4d,0x6f,0x64,0x65,0x6c,0x18,0x00,0x20,0x40,0x48,0x00,0x22,0x19,0x08,0x00,
  0x12,0x0f,0x6d,0x5f,0x69,0x43,0x6f,0x61,0x63,0x68,0x69,0x6e,0x67,0x54,0x65,0x61,0x6d,0x18,0x00,0x20,
  0x40,0x48,0x20,0x22,0x1b,0x08,0x04,0x12,0x11,0x6d,0x5f,0x73,0x7a,0x4c,0x61,0x73,0x74,0x50,0x6c,0x61,
  0x63,0x65,0x4e,0x61,0x6d,0x65,0x18,0x00,0x20,0x40,0x48,0x00,0x22,0x1b,0x08,0x02,0x12,0x11,0x6d,0x5f,
  0x76,0x65,0x63,0x4c,0x61,0x64,0x64,0x65,0x72,0x4e,0x6f,0x72,0x6d,0x61,0x6c,0x18,0x04,0x20,0x40,0x48,
  0x00,0x22,0x1e,0x08,0x00,0x12,0x14,0x6d,0x5f,0x6c,0x61,0x64,0x64,0x65,0x72,0x53,0x75,0x72,0x66,0x61,
  0x63,0x65,0x50,0x72,0x6f,0x70,0x73,0x18,0x00,0x20,0x40,0x48,0x20,0x22,0x1e,0x08,0x00,0x12,0x14,0x6d,
  0x5f,0x75,0x62,0x45,0x46,0x4e,0x6f,0x49,0x6e,0x74,0x65,0x72,0x70,0x50,0x61,0x72,0x69,0x74,0x79,0x18,
  0x00,0x20,0x40,0x48,0x20,0x22,0x1c,0x08,0x00,0x12,0x12,0x6d,0x5f,0x68,0x50,0x6f,0x73,0x74,0x50,0x72,
  0x6f,0x63,0x65,0x73,0x73,0x43,0x74,0x72,0x6c,0x18,0x00,0x20,0x40,0x48,0x20,0x22,0x20,0x08,0x00,0x12,
  0x16,0x6d,0x5f,0x68,0x43,0x6f,0x6c,0x6f,0x72,0x43,0x6f,0x72,0x72,0x65,0x63,0x74,0x69,0x6f,0x6e,0x43,
  0x74,0x72,0x6c,0x18,0x00,0x20,0x40,0x48,0x20,0x22,0x1d,0x08,0x00,0x12,0x13,0x6d,0x5f,0x50,0x6c,0x61,
  0x79,0x65,0x72,0x46,0x6f,0x67,0x2e,0x6d,0x5f,0x68,0x43,0x74,0x72,0x6c,0x18,0x00,0x20,0x40,0x48,0x20,
  0x22,0x22,0x08,0x00,0x12,0x18,0x6d,0x5f,0x76,0x70,0x68,0x79,0x73,0x69,0x63,0x73,0x43,0x6f,0x6c,0x6c,
  0x69,0x73,0x69,0x6f,0x6e,0x53,0x74,0x61,0x74,0x65,0x18,0x00,0x20,0x40,0x48,0x20,0x22,0x17,0x08,0x00,
  0x12,0x0d,0x6d,0x5f,0x68,0x56,0x69,0x65,0x77,0x45,0x6e,0x74,0x69,0x74,0x79,0x18,0x00,0x20,0x40,0x48,
  0x20,0x22,0x31,0x08,0x00,0x12,0x27,0x6d,0x5f,0x62,0x53,0x68,0x6f,0x75,0x6c,0x64,0x44,0x72,0x61,0x77,
  0x50,0x6c,0x61,0x79,0x65,0x72,0x57,0x68,0x69,0x6c,0x65,0x55,0x73,0x69,0x6e,0x67,0x56,0x69,0x65,0x77,
  0x45,0x6e,0x74,0x69,0x74,0x79,0x18,0x00,0x20,0x40,0x48,0x20,0x22,0x18,0x08,0x01,0x12,0x0e,0x6d,0x5f,
  0x66,0x6c,0x44,0x75,0x63,0x6b,0x41,0x6d,0x6f,0x75,0x6e,0x74,0x18,0x04,0x20,0x40,0x48,0x20,0x22,0x17,
  0x08,0x01,0x12,0x0d,0x6d,0x5f,0x66,0x6c,0x44,0x75,0x63,0x6b,0x53,0x70,0x65,0x65,0x64,0x18,0x04,0x20,
  0x40,0x48,0x20,0x09,0x6a,0x08,0x01,0x12,0x0d,0x44,0x54,0x5f,0x42,0x61,0x73,0x65,0x50,0x6c,0x61,0x79,
  0x65,0x72,0x18,0x00,0x22,0x29,0x08,0x06,0x12,0x09,0x62,0x61,0x73,0x65,0x63,0x6c,0x61,0x73,0x73,0x18,
  0x00,0x20,0x40,0x2a,0x16,0x44,0x54,0x5f,0x42,0x61,0x73,0x65,0x43,0x6f,0x6d,0x62,0x61,0x74,0x43,0x68,
  0x61,0x72,0x61,0x63,0x74,0x65,0x72,0x22,0x2a,0x08,0x06,0x12,0x09,0x6c,0x6f,0x63,0x61,0x6c,0x64,0x61,
  0x74,0x61,0x18,0x00,0x20,0x40,0x2a,0x17,0x44,0x54,0x5f,0x4c,0x6f,0x63,0x61,0x6c,0x50,0x6c,0x61,0x79,
  0x65,0x72,0x45,0x78,0x63,0x6c,0x75,0x73,0x69,0x76,0x65,0x09,0x38,0x08,0x01,0x12,0x0f,0x44,0x54,0x5f,
  0x42,0x61,0x73,0x65,0x50,0x72,0x6f,0x70,0x44,0x6f,0x6f,0x72,0x18,0x00,0x22,0x21,0x08,0x06,0x12,0x09,
  0x62,0x61,0x73,0x65,0x63,0x6c,0x61,0x73,0x73,0x18,0x00,0x20,0x40,0x2a,0x0e,0x44,0x54,0x5f,0x44,0x79,
  0x6e,0x61,0x6d,0x69,0x63,0x50,0x72,0x6f,0x70,0x09,0xfa,0x08,0x08,0x01,0x12,0x1c,0x44,0x54,0x5f,0x42,
  0x61,0x73,0x65,0x54,0x65,0x61,0x6d,0x4f,0x62,0x6a,0x65,0x63,0x74,0x69,0x76,0x65,0x52,0x65,0x73,0x6f,
  0x75,0x72,0x63,0x65,0x18,0x00,0x22,0x1d,0x08,0x00,0x12,0x13,0x6d,0x5f,0x69,0x54,0x69,0x6d,0x65,0x72,
  0x54,0x6f,0x53,0x68,0x6f,0x77,0x49,0x6e,0x48,0x55,0x44,0x18,0x00,0x20,0x40,0x48,0x20,0x22,0x1b,0x08,
  0x00,0x12,0x11,0x6d,0x5f,0x69,0x53,0x74,0x6f,0x70,0x57,0x61,0x74,0x63,0x68,0x54,0x69,0x6d,0x65,0x72,
  0x18,0x00,0x20,0x40,0x48,0x20,0x22,0x1d,0x08,0x00,0x12,0x13,0x6d,0x5f,0x69,0x4e,0x75,0x6d,0x43,0x6f,
  0x6e,0x74,0x72,0x6f,0x6c,0x50,0x6f,0x69,0x6e,0x74,0x73,0x18,0x00,0x20,0x40,0x48,0x20,0x22,0x1e,0x08,
  0x00,0x12,0x14,0x6d,0x5f,0x62,0x50,0x6c,0x61,0x79,0x69,0x6e,0x67,0x4d,0x69,0x6e,0x69,0x52,0x6f,0x75,
  0x6e,0x64,0x73,0x18,0x00,0x20,0x40,0x48,0x20,0x22,0x1f,0x08,0x00,0x12,0x15,0x6d,0x5f,0x62,0x43,0x6f,
  0x6e,0x74,0x72,0x6f,0x6c,0x50,0x6f,0x69,0x6e,0x74,0x73,0x52,0x65,0x73,0x65,0x74,0x18,0x00,0x20,0x40,
  0x48,0x20,0x22,0x1f,0x08,0x00,0x12,0x15,0x6d,0x5f,0x69,0x55,0x70,0x64,0x61,0x74,0x65,0x43,0x61,0x70,
  0x48,0x75,0x64,0x50,0x61,0x72,0x69,0x74,0x79,0x18,0x00,0x20,0x40,0x48,0x20,0x22,0x1b,0x08,0x02,0x12,
  0x11,0x6d,0x5f,0x76,0x43,0x50,0x50,0x6f,0x73,0x69,0x74,0x69,0x6f,0x6e,0x73,0x5b,0x30,0x5d,0x18,0x04,
  0x20,0x40,0x48,0x00,0x22,0x18,0x08,0x04,0x12,0x0e,0x6d,0x5f,0x76,0x43,0x50,0x50,0x6f,0x73,0x69,0x74,
  0x69,0x6f,0x6e,0x73,0x18,0x00,0x20,0x40,0x48,0x00,0x22,0x0f,0x08,0x00,0x12,0x04,0x30,0x30,0x30,0x30,
  0x18,0x80,0x02,0x20,0x40,0x48,0x20,0x22,0x18,0x08,0x05,0x12,0x0e,0x6d,0x5f,0x62,0x43,0x50,0x49,0x73,
  0x56,0x69,0x73,0x69,0x62,0x6c,0x65,0x18,0x00,0x20,0x40,0x30,0x08,0x22,0x0f,0x08,0x00,0x12,0x04,0x30,
  0x30,0x30,0x30,0x18,0x80,0x02,0x20,0x40,0x48,0x20,0x22,0x19,0x08,0x05,0x12,0x0f,0x6d,0x5f,0x66,0x6c,
  0x4c,0x61,0x7a,0x79,0x43,0x61,0x70,0x50,0x65,0x72,0x63,0x18,0x00,0x20,0x40,0x30,0x08,0x22,0x0f,0x08,
  0x00,0x12,0x04,0x30,0x30,0x30,0x30,0x18,0x80,0x02,0x20,0x40,0x48,0x20,0x22,0x17,0x08,0x05,0x12,0x0c,
  0x6d,0x5f,0x69,0x54,0x65,0x61,0x6d,0x49,0x63,0x6f,0x6e,0x73,0x18,0x00,0x20,0x40,0x30,0x8c,0x01,0x22,
  0x0f,0x08,0x00,0x12,0x04,0x30,0x30,0x30,0x30,0x18,0x80,0x02,0x20,0x40,0x48,0x20,0x22,0x1a,0x08,0x05,
  0x12,0x0f,0x6d,0x5f,0x69,0x54,0x65,0x61,0x6d,0x4f,0x76,0x65,0x72,0x6c,0x61,0x79,0x73,0x18,0x00,0x20,
  0x40,0x30,0x8c,0x01,0x22,0x0f,0x08,0x00,0x12,0x04,0x30,0x30,0x30,0x30,0x18,0x80,0x02,0x20,0x40,0x48,
  0x20,0x22,0x1b,0x08,0x05,0x12,0x11,0x6d,0x5f,0x69,0x54,0x65,0x61,0x6d,0x52,0x65,0x71,0x43,0x61,0x70,
  0x70,0x65,0x72,0x73,0x18,0x00,0x20,0x40,0x30,0x08,0x22,0x0f,0x08,0x00,0x12,0x04,0x30,0x30,0x30,0x30,
  0x18,0x80,0x02,0x20,0x40,0x48,0x20,0x22,0x19,0x08,0x05,0x12,0x0f,0x6d,0x5f,0x66,0x6c,0x54,0x65,0x61,
  0x6d,0x43,0x61,0x70,0x54,0x69,0x6d,0x65,0x18,0x00,0x20,0x40,0x30,0x08,0x22,0x0f,0x08,0x00,0x12,0x04,
  0x30,0x30,0x30,0x30,0x18,0x80,0x02,0x20,0x40,0x48,0x20,0x22,0x1b,0x08,0x05,0x12,0x11,0x6d,0x5f,0x69,
  0x50,0x72,0x65,0x76,0x69,0x6f,0x75,0x73,0x50,0x6f,0x69,0x6e,0x74,0x73,0x18,0x00,0x20,0x40,0x30,0x08,
  0x22,0x0f,0x08,0x00,0x12,0x04,0x30,0x30,0x30,0x30,0x18,0x80,0x02,0x20,0x40,0x48,0x20,0x22,0x17,0x08,
  0x05,0x12,0x0d,0x6d,0x5f,0x62,0x54,0x65,0x61,0x6d,0x43,0x61,0x6e,0x43,0x61,0x70,0x18,0x00,0x20,0x40,
  0x30,0x08,0x22,0x0f,0x08,0x00,0x12,0x04,0x30,0x30,0x30,0x30,0x18,0x80,0x02,0x20,0x40,0x48,0x20,0x22,
  0x1a,0x08,0x05,0x12,0x10,0x6d,0x5f,0x69,0x54,0x65,0x61,0x6d,0x42,0x61,0x73,0x65,0x49,0x63,0x6f,0x6e,
  0x73,0x18,0x00,0x20,0x40,0x30,0x08,0x22,0x0f,0x08,0x00,0x12,0x04,0x30,0x30,0x30,0x30,0x18,0x80,0x02,
  0x20,0x40,0x48,0x20,0x22,0x1e,0x08,0x05,0x12,0x14,0x6d,0x5f,0x69,0x42,0x61,0x73,0x65,0x43,0x6f,0x6e,
  0x74,0x72,0x6f,0x6c,0x50,0x6f,0x69,0x6e,0x74,0x73,0x18,0x00,0x20,0x40,0x30,0x08,0x22,0x0f,0x08,0x00,
  0x12,0x04,0x30,0x30,0x30,0x30,0x18,0x80,0x02,0x20,0x40,0x48,0x20,0x22,0x18,0x08,0x05,0x12,0x0e,0x6d,
  0x5f,0x62,0x49,0x6e,0x4d,0x69,0x6e,0x69,0x52,0x6f,0x75,0x6e,0x64,0x18,0x00,0x20,0x40,0x30,0x40,0x22,
  0x0f,0x08,0x00,0x12,0x04,0x30,0x30,0x30,0x30,0x18,0x80,0x02,0x20,0x40,0x48,0x20,0x22,0x16,0x08,0x05,
  0x12,0x0c,0x6d,0x5f,0x69,0x57,0x61,0x72,0x6e,0x4f,0x6e,0x43,0x61,0x70,0x18,0x00,0x20,0x40,0x30,0x08,
  0x22,0x1b,0x08,0x04,0x12,0x11,0x6d,0x5f,0x69,0x73,0x7a,0x57,0x61,0x72,0x6e,0x53,0x6f,0x75,0x6e,0x64,
  0x5b,0x30,0x5d,0x18,0x00,0x20,0x40,0x48,0x00,0x22,0x18,0x08,0x04,0x12,0x0e,0x6d,0x5f,0x69,0x73,0x7a,
  0x57,0x61,0x72,0x6e,0x53,0x6f,0x75,0x6e,0x64,0x18,0x00,0x20,0x40,0x48,0x00,0x22,0x0f,0x08,0x00,0x12,
  0x04,0x30,0x30,0x30,0x30,0x18,0x80,0x02,0x20,0x40,0x48,0x20,0x22,0x1a,0x08,0x05,0x12,0x10,0x6d,0x5f,
  0x66,0x6c,0x50,0x61,0x74,0x68,0x44,0x69,0x73,0x74,0x61,0x6e,0x63,0x65,0x18,0x00,0x20,0x40,0x30,0x08,
  0x22,0x0f,0x08,0x00,0x12,0x04,0x30,0x30,0x30,0x30,0x18,0x80,0x02,0x20,0x40,0x48,0x20,0x22,0x1b,0x08,
  0x05,0x12,0x11,0x6d,0x5f,0x69,0x4e,0x75,0x6d,0x54,0x65,0x61,0x6d,0x4d,0x65,0x6d,0x62,0x65,0x72,0x73,
  0x18,0x00,0x20,0x40,0x30,0x08,0x22,0x0f,0x08,0x00,0x12,0x04,0x30,0x30,0x30,0x30,0x18,0x80,0x02,0x20,
  0x40,0x48,0x20,0x22,0x18,0x08,0x05,0x12,0x0e,0x6d,0x5f,0x69,0x43,0x61,0x70,0x70,0x69,0x6e,0x67,0x54,
  0x65,0x61,0x6d,0x18,0x00,0x20,0x40,0x30,0x08,0x22,0x0f,0x08,0x00,0x12,0x04,0x30,0x30,0x30,0x30,0x18,
  0x80,0x02,0x20,0x40,0x48,0x20,0x22,0x17,0x08,0x05,0x12,0x0d,0x6d,0x5f,0x69,0x54,0x65,0x61,0x6d,0x49,
  0x6e,0x5a,0x6f,0x6e,0x65,0x18,0x00,0x20,0x40,0x30,0x08,0x22,0x0f,0x08,0x00,0x12,0x04,0x30,0x30,0x30,
  0x30,0x18,0x80,0x02,0x20,0x40,0x48,0x20,0x22,0x14,0x08,0x05,0x12,0x0a,0x6d,0x5f,0x62,0x42,0x6c,0x6f,
  0x63,0x6b,0x65,0x64,0x18,0x00,0x20,0x40,0x30,0x08,0x22,0x0f,0x08,0x04,0x12,0x04,0x30,0x30,0x30,0x30,
  0x18,0x80,0x02,0x20,0x40,0x48,0x00,0x22,0x12,0x08,0x05,0x12,0x08,0x6d,0x5f,0x69,0x4f,0x77,0x6e,0x65,
  0x72,0x18,0x00,0x20,0x40,0x30,0x01,0x22,0x1d,0x08,0x04,0x12,0x13,0x6d,0x5f,0x70,0x73,0x7a,0x43,0x61,
  0x70,0x4c,0x61,0x79,0x6f,0x75,0x74,0x49,0x6e,0x48,0x55,0x44,0x18,0x00,0x20,0x40,0x48,0x00,0x09,0x87,
  0x01,0x08,0x01,0x12,0x0d,0x44,0x54,0x5f,0x42,0x61,0x73,0x65,0x54,0x6f,0x67,0x67,0x6c,0x65,0x18,0x00,
  0x22,0x20,0x08,0x06,0x12,0x09,0x62,0x61,0x73,0x65,0x63,0x6c,0x61,0x73,0x73,0x18,0x00,0x20,0x40,0x2a,
  0x0d,0x44,0x54,0x5f,0x42,0x61,0x73,0x65,0x45,0x6e,0x74,0x69,0x74,0x79,0x22,0x18,0x08,0x02,0x12,0x0e,
  0x6d,0x5f,0x76,0x65,0x63,0x46,0x69,0x6e,0x61,0x6c,0x44,0x65,0x73,0x74,0x18,0x04,0x20,0x40,0x48,0x00,
  0x22,0x18,0x08,0x00,0x12,0x0e,0x6d,0x5f,0x6d,0x6f,0x76,0x65,0x6d,0x65,0x6e,0x74,0x54,0x79,0x70,0x65,
  0x18,0x00,0x20,0x40,0x48,0x20,0x22,0x1c,0x08,0x01,0x12,0x12,0x6d,0x5f,0x66,0x6c,0x4d,0x6f,0x76,0x65,
  0x54,0x61,0x72,0x67,0x65,0x74,0x54,0x69,0x6d,0x65,0x18,0x04,0x20,0x40,0x48,0x20,0x09,0x70,0x08,0x01,
  0x12,0x0e,0x44,0x54,0x5f,0x42,0x61,0x73,0x65,0x54,0x72,0x69,0x67,0x67,0x65,0x72,0x18,0x00,0x22,0x20,
  0x08,0x06,0x12,0x09,0x62,0x61,0x73,0x65,0x63,0x6c,0x61,0x73,0x73,0x18,0x00,0x20,0x40,0x2a,0x0d,0x44,
  0x54,0x5f,0x42,0x61,0x73,0x65,0x54,0x6f,0x67,0x67,0x6c,0x65,0x22,0x20,0x08,0x00,0x12,0x16,0x6d,0x5f,
  0x62,0x43,0x6c,0x69,0x65,0x6e,0x74,0x53,0x69,0x64,0x65,0x50,0x72,0x65,0x64,0x69,0x63,0x74,0x65,0x64,
  0x18,0x00,0x20,0x40,0x48,0x20,0x22,0x16,0x08,0x00,0x12,0x0c,0x6d,0x5f,0x73,0x70,0x61,0x77,0x6e,0x66,
  0x6c,0x61,0x67,0x73,0x18,0x00,0x20,0x40,0x48,0x20,0x09,0x3e,0x08,0x01,0x12,0x16,0x44,0x54,0x5f,0x42,
  0x61,0x73,0x65,0x56,0x50,0x68,0x79,0x73,0x69,0x63,0x73,0x54,0x72,0x69,0x67,0x67,0x65,0x72,0x18,0x00,
  0x22,0x20,0x08,0x06,0x12,0x09,0x62,0x61,0x73,0x65,0x63,0x6c,0x61,0x73,0x73,0x18,0x00,0x20,0x40,0x2a,
  0x0d,0x44,0x54,0x5f,0x42,0x61,0x73,0x65,0x45,0x6e,0x74,0x69,0x74,0x79,0x09,0x8e,0x03,0x08,0x01,0x12,
  0x10,0x44,0x54,0x5f,0x42,0x61,0x73,0x65,0x56,0x69,0x65,0x77,0x4d,0x6f,0x64,0x65,0x6c,0x18,0x00,0x22,
  0x17,0x08,0x00,0x12,0x0d,0x6d,0x5f,0x6e,0x4d,0x6f,0x64,0x65,0x6c,0x49,0x6e,0x64,0x65,0x78,0x18,0x00,
  0x20,0x40,0x48,0x20,0x22,0x13,0x08,0x00,0x12,0x09,0x6d,0x5f,0x68,0x57,0x65,0x61,0x70,0x6f,0x6e,0x18,
  0x00,0x20,0x40,0x48,0x20,0x22,0x11,0x08,0x00,0x12,0x07,0x6d,0x5f,0x6e,0x53,0x6b,0x69,0x6e,0x18,0x00,
  0x20,0x40,0x48,0x20,0x22,0x11,0x08,0x00,0x12,0x07,0x6d,0x5f,0x6e,0x42,0x6f,0x64,0x79,0x18,0x00,0x20,
  0x40,0x48,0x20,0x22,0x15,0x08,0x00,0x12,0x0b,0x6d,0x5f,0x6e,0x53,0x65,0x71,0x75,0x65,0x6e,0x63,0x65,
  0x18,0x00,0x20,0x40,0x48,0x20,0x22,0x1b,0x08,0x00,0x12,0x11,0x6d,0x5f,0x6e,0x56,0x69,0x65,0x77,0x4d,
  0x6f,0x64,0x65,0x6c,0x49,0x6e,0x64,0x65,0x78,0x18,0x00,0x20,0x40,0x48,0x20,0x22,0x1a,0x08,0x01,0x12,
  0x10,0x6d,0x5f,0x66,0x6c,0x50,0x6c,0x61,0x79,0x62,0x61,0x63,0x6b,0x52,0x61,0x74,0x65,0x18,0x04,0x20,
  0x40,0x48,0x20,0x22,0x14,0x08,0x00,0x12,0x0a,0x6d,0x5f,0x66,0x45,0x66,0x66,0x65,0x63,0x74,0x73,0x18,
  0x00,0x20,0x40,0x48,0x20,0x22,0x1c,0x08,0x00,0x12,0x12,0x6d,0x5f,0x6e,0x41,0x6e,0x69,0x6d,0x61,0x74,
  0x69,0x6f,0x6e,0x50,0x61,0x72,0x69,0x74,0x79,0x18,0x00,0x20,0x40,0x48,0x20,0x22,0x12,0x08,0x00,0x12,
  0x08,0x6d,0x5f,0x68,0x4f,0x77,0x6e,0x65,0x72,0x18,0x00,0x20,0x40,0x48,0x20,0x22,0x1e,0x08,0x00,0x12,
  0x14,0x6d,0x5f,0x6e,0x4e,0x65,0x77,0x53,0x65,0x71,0x75,0x65,0x6e,0x63,0x65,0x50,0x61,0x72,0x69,0x74,
  0x79,0x18,0x00,0x20,0x40,0x48,0x20,0x22,0x1e,0x08,0x00,0x12,0x14,0x6d,0x5f,0x6e,0x52,0x65,0x73,0x65,
  0x74,0x45,0x76,0x65,0x6e,0x74,0x73,0x50,0x61,0x72,0x69,0x74,0x79,0x18,0x00,0x20,0x40,0x48,0x20,0x22,
  0x1e,0x08,0x00,0x12,0x14,0x6d,0x5f,0x6e,0x4d,0x75,0x7a,0x7a,0x6c,0x65,0x46,0x6c,0x61,0x73,0x68,0x50,
  0x61,0x72,0x69,0x74,0x79,0x18,0x00,0x20,0x40,0x48,0x20,0x22,0x2a,0x08,0x00,0x12,0x20,0x6d,0x5f,0x62,
  0x53,0x68,0x6f,0x75,0x6c,0x64,0x49,0x67,0x6e,0x6f,0x72,0x65,0x4f,0x66,0x66,0x73,0x65,0x74,0x41,0x6e,
  0x64,0x41,0x63,0x63,0x75,0x72,0x61,0x63,0x79,0x18,0x00,0x20,0x40,0x48,0x20,0x09,0x96,0x01,0x08,0x01,
  0x12,0x17,0x44,0x54,0x5f,0x42,0x61,0x73,0x65,0x57,0x65,0x61,0x70,0x6f,0x6e,0x57,0x6f,0x72,0x6c,0x64,
  0x4d,0x6f,0x64,0x65,0x6c,0x18,0x00,0x22,0x17,0x08,0x00,0x12,0x0d,0x6d,0x5f,0x6e,0x4d,0x6f,0x64,0x65,
  0x6c,0x49,0x6e,0x64,0x65,0x78,0x18,0x00,0x20,0x40,0x48,0x20,0x22,0x11,0x08,0x00,0x12,0x07,0x6d,0x5f,
  0x6e,0x42,0x6f,0x64,0x79,0x18,0x00,0x20,0x40,0x48,0x20,0x22,0x14,0x08,0x00,0x12,0x0a,0x6d,0x5f,0x66,
  0x45,0x66,0x66,0x65,0x63,0x74,0x73,0x18,0x00,0x20,0x40,0x48,0x20,0x22,0x14,0x08,0x00,0x12,0x0a,0x6d,
  0x6f,0x76,0x65,0x70,0x61,0x72,0x65,0x6e,0x74,0x18,0x00,0x20,0x40,0x48,0x20,0x22,0x1f,0x08,0x00,0x12,
  0x15,0x6d,0x5f,0x68,0x43,0x6f,0x6d,0x62,0x61,0x74,0x57,0x65,0x61,0x70,0x6f,0x6e,0x50,0x61,0x72,0x65,
  0x6e,0x74,0x18,0x00,0x20,0x40,0x48,0x20,0x09,0xed,0x04,0x08,0x01,0x12,0x07,0x44,0x54,0x5f,0x42,0x65,
  0x61,0x6d,0x18,0x00,0x22,0x15,0x08,0x00,0x12,0x0b,0x6d,0x5f,0x6e,0x42,0x65,0x61,0x6d,0x54,0x79,0x70,
  0x65,0x18,0x00,0x20,0x40,0x48,0x20,0x22,0x16,0x08,0x00,0x12,0x0c,0x6d,0x5f,0x6e,0x42,0x65,0x61,0x6d,
  0x46,0x6c,0x61,0x67,0x73,0x18,0x00,0x20,0x40,0x48,0x20,0x22,0x18,0x08,0x00,0x12,0x0e,0x6d,0x5f,0x6e,
  0x4e,0x75,0x6d,0x42,0x65,0x61,0x6d,0x45,0x6e,0x74,0x73,0x18,0x00,0x20,0x40,0x48,0x20,0x22,0x0f,0x08,
  0x00,0x12,0x04,0x30,0x30,0x30,0x30,0x18,0x80,0x02,0x20,0x40,0x48,0x20,0x22,0x19,0x08,0x05,0x12,0x0f,
  0x6d,0x5f,0x68,0x41,0x74,0x74,0x61,0x63,0x68,0x45,0x6e,0x74,0x69,0x74,0x79,0x18,0x00,0x20,0x40,0x30,
  0x20,0x22,0x0f,0x08,0x00,0x12,0x04,0x30,0x30,0x30,0x30,0x18,0x80,0x02,0x20,0x40,0x48,0x20,0x22,0x18,
  0x08,0x05,0x12,0x0e,0x6d,0x5f,0x6e,0x41,0x74,0x74,0x61,0x63,0x68,0x49,0x6e,0x64,0x65,0x78,0x18,0x00,
  0x20,0x40,0x30,0x20,0x22,0x16,0x08,0x00,0x12,0x0c,0x6d,0x5f,0x6e,0x48,0x61,0x6c,0x6f,0x49,0x6e,0x64,
  0x65,0x78,0x18,0x00,0x20,0x40,0x48,0x20,0x22,0x16,0x08,0x01,0x12,0x0c,0x6d,0x5f,0x66,0x48,0x61,0x6c,
  0x6f,0x53,0x63,0x61,0x6c,0x65,0x18,0x04,0x20,0x40,0x48,0x20,0x22,0x12,0x08,0x01,0x12,0x08,0x6d,0x5f,
  0x66,0x57,0x69,0x64,0x74,0x68,0x18,0x04,0x20,0x40,0x48,0x20,0x22,0x15,0x08,0x01,0x12,0x0b,0x6d,0x5f,
  0x66,0x45,0x6e,0x64,0x57,0x69,0x64,0x74,0x68,0x18,0x04,0x20,0x40,0x48,0x20,0x22,0x17,0x08,0x01,0x12,
  0x0d,0x6d,0x5f,0x66,0x46,0x61,0x64,0x65,0x4c,0x65,0x6e,0x67,0x74,0x68,0x18,0x04,0x20,0x40,0x48,0x20,
  0x22,0x16,0x08,0x01,0x12,0x0c,0x6d,0x5f,0x66,0x41,0x6d,0x70,0x6c,0x69,0x74,0x75,0x64,0x65,0x18,0x04,
  0x20,0x40,0x48,0x20,0x22,0x17,0x08,0x01,0x12,0x0d,0x6d,0x5f,0x66,0x53,0x74,0x61,0x72,0x74,0x46,0x72,
  0x61,0x6d,0x65,0x18,0x04,0x20,0x40,0x48,0x20,0x22,0x12,0x08,0x01,0x12,0x08,0x6d,0x5f,0x66,0x53,0x70,
  0x65,0x65,0x64,0x18,0x04,0x20,0x40,0x48,0x20,0x22,0x17,0x08,0x01,0x12,0x0d,0x6d,0x5f,0x66,0x6c,0x46,
  0x72,0x61,0x6d,0x65,0x52,0x61,0x74,0x65,0x18,0x04,0x20,0x40,0x48,0x20,0x22,0x1b,0x08,0x01,0x12,0x11,
  0x6d,0x5f,0x66,0x6c,0x48,0x44,0x52,0x43,0x6f,0x6c,0x6f,0x72,0x53,0x63,0x61,0x6c,0x65,0x18,0x04,0x20,
  0x40,0x48,0x20,0x22,0x15,0x08,0x00,0x12,0x0b,0x6d,0x5f,0x63,0x6c,0x72,0x52,0x65,0x6e,0x64,0x65,0x72,
  0x18,0x00,0x20,0x40,0x48,0x20,0x22,0x15,0x08,0x00,0x12,0x0b,0x6d,0x5f,0x6e,0x52,0x65,0x6e,0x64,0x65,
  0x72,0x46,0x58,0x18,0x00,0x20,0x40,0x48,0x20,0x22,0x17,0x08,0x00,0x12,0x0d,0x6d,0x5f,0x6e,0x52,0x65,
  0x6e,0x64,0x65,0x72,0x4d,0x6f,0x64,0x65,0x18,0x00,0x20,0x40,0x48,0x20,0x22,0x13,0x08,0x01,0x12,0x09,
  0x6d,0x5f,0x66,0x6c,0x46,0x72,0x61,0x6d,0x65,0x18,0x04,0x20,0x40,0x48,0x20,0x22,0x16,0x08,0x00,0x12,
  0x0c,0x6d,0x5f,0x6e,0x43,0x6c,0x69,0x70,0x53,0x74,0x79,0x6c,0x65,0x18,0x00,0x20,0x40,0x48,0x20,0x22,
  0x15,0x08,0x02,0x12,0x0b,0x6d,0x5f,0x76,0x65,0x63,0x45,0x6e,0x64,0x50,0x6f,0x73,0x18,0x04,0x20,0x40,
  0x48,0x00,0x22,0x17,0x08,0x00,0x12,0x0d,0x6d,0x5f,0x6e,0x4d,0x6f,0x64,0x65,0x6c,0x49,0x6e,0x64,0x65,
  0x78,0x18,0x00,0x20,0x40,0x48,0x20,0x22,0x15,0x08,0x02,0x12,0x0b,0x6d,0x5f,0x76,0x65,0x63,0x4f,0x72,
  0x69,0x67,0x69,0x6e,0x18,0x04,0x20,0x40,0x48,0x00,0x22,0x14,0x08,0x00,0x12,0x0a,0x6d,0x6f,0x76,0x65,
  0x70,0x61,0x72,0x65,0x6e,0x74,0x18,0x00,0x20,0x40,0x48,0x20,0x09,0xa1,0x02,0x08,0x01,0x12,0x10,0x44,
  0x54,0x5f,0x42,0x65,0x61,0x6d,0x53,0x70,0x6f,0x74,0x6c,0x69,0x67,0x68,0x74,0x18,0x00,0x22,0x20,0x08,
  0x06,0x12,0x09,0x62,0x61,0x73,0x65,0x63,0x6c,0x61,0x73,0x73,0x18,0x00,0x20,0x40,0x2a,0x0d,0x44,0x54,
  0x5f,0x42,0x61,0x73,0x65,0x45,0x6e,0x74,0x69,0x74,0x79,0x22,0x16,0x08,0x00,0x12,0x0c,0x6d,0x5f,0x6e,
  0x48,0x61,0x6c,0x6f,0x49,0x6e,0x64,0x65,0x78,0x18,0x00,0x20,0x40,0x48,0x20,0x22,0x18,0x08,0x00,0x12,
  0x0e,0x6d,0x5f,0x62,0x53,0x70,0x6f,0x74,0x6c,0x69,0x67,0x68,0x74,0x4f,0x6e,0x18,0x00,0x20,0x40,0x48,
  0x20,0x22,0x1c,0x08,0x00,0x12,0x12,0x6d,0x5f,0x62,0x48,0x61,0x73,0x44,0x79,0x6e,0x61,0x6d,0x69,0x63,
  0x4c,0x69,0x67,0x68,0x74,0x18,0x00,0x20,0x40,0x48,0x20,0x22,0x20,0x08,0x01,0x12,0x16,0x6d,0x5f,0x66,
  0x6c,0x53,0x70,0x6f,0x74,0x6c,0x69,0x67,0x68,0x74,0x4d,0x61,0x78,0x4c,0x65,0x6e,0x67,0x74,0x68,0x18,
  0x04,0x20,0x40,0x48,0x20,0x22,0x20,0x08,0x01,0x12,0x16,0x6d,0x5f,0x66,0x6c,0x53,0x70,0x6f,0x74,0x6c,
  0x69,0x67,0x68,0x74,0x47,0x6f,0x61,0x6c,0x57,0x69,0x64,0x74,0x68,0x18,0x04,0x20,0x40,0x48,0x20,0x22,
  0x1b,0x08,0x01,0x12,0x11,0x6d,0x5f,0x66,0x6c,0x48,0x44,0x52,0x43,0x6f,0x6c,0x6f,0x72,0x53,0x63,0x61,
  0x6c,0x65,0x18,0x04,0x20,0x40,0x48,0x20,0x22,0x19,0x08,0x00,0x12,0x0f,0x6d,0x5f,0x6e,0x52,0x6f,0x74,
  0x61,0x74,0x69,0x6f,0x6e,0x41,0x78,0x69,0x73,0x18,0x00,0x20,0x40,0x48,0x20,0x22,0x1b,0x08,0x01,0x12,
  0x11,0x6d,0x5f,0x66,0x6c,0x52,0x6f,0x74,0x61,0x74,0x69,0x6f,0x6e,0x53,0x70,0x65,0x65,0x64,0x18,0x04,
  0x20,0x40,0x48,0x20,0x09,0x67,0x08,0x01,0x12,0x0f,0x44,0x54,0x5f,0x42,0x6f,0x6e,0x65,0x46,0x6f,0x6c,
  0x6c,0x6f,0x77,0x65,0x72,0x18,0x00,0x22,0x20,0x08,0x06,0x12,0x09,0x62,0x61,0x73,0x65,0x63,0x6c,0x61,
  0x73,0x73,0x18,0x00,0x20,0x40,0x2a,0x0d,0x44,0x54,0x5f,0x42,0x61,0x73,0x65,0x45,0x6e,0x74,0x69,0x74,
  0x79,0x22,0x16,0x08,0x00,0x12,0x0c,0x6d,0x5f,0x6d,0x6f,0x64,0x65,0x6c,0x49,0x6e,0x64,0x65,0x78,0x18,
  0x00,0x20,0x40,0x48,0x20,0x22,0x16,0x08,0x00,0x12,0x0c,0x6d,0x5f,0x73,0x6f,0x6c,0x69,0x64,0x49,0x6e,
  0x64,0x65,0x78,0x18,0x00,0x20,0x40,0x48,0x20,0x09,0x80,0x01,0x08,0x01,0x12,0x10,0x44,0x54,0x5f,0x42,
  0x72,0x65,0x61,0x6b,0x61,0x62,0x6c,0x65,0x50,0x72,0x6f,0x70,0x18,0x00,0x22,0x23,0x08,0x06,0x12,0x09,
  0x62,0x61,0x73,0x65,0x63,0x6c,0x61,0x73,0x73,0x18,0x00,0x20,0x40,0x2a,0x10,0x44,0x54,0x5f,0x42,0x61,
  0x73,0x65,0x41,0x6e,0x69,0x6d,0x61,0x74,0x69,0x6e,0x67,0x22,0x27,0x08,0x02,0x12,0x1d,0x6d,0x5f,0x71,
  0x50,0x72,0x65,0x66,0x65,0x72,0x72,0x65,0x64,0x50,0x6c,0x61,0x79,0x65,0x72,0x43,0x61,0x72,0x72,0x79,
  0x41,0x6e,0x67,0x6c,0x65,0x73,0x18,0x04,0x20,0x40,0x48,0x00,0x22,0x1a,0x08,0x00,0x12,0x10,0x6d,0x5f,
  0x62,0x43,0x6c,0x69,0x65,0x6e,0x74,0x50,0x68,0x79,0x73,0x69,0x63,0x73,0x18,0x00,0x20,0x40,0x48,0x20,
  0x09,0xa5,0x02,0x08,0x01,0x12,0x13,0x44,0x54,0x5f,0x42,0x72,0x65,0x61,0x6b,0x61,0x62,0x6c,0x65,0x53,
  0x75,0x72,0x66,0x61,0x63,0x65,0x18,0x00,0x22,0x20,0x08,0x06,0x12,0x09,0x62,0x61,0x73,0x65,0x63,0x6c,
  0x61,0x73,0x73,0x18,0x00,0x20,0x40,0x2a,0x0d,0x44,0x54,0x5f,0x42,0x61,0x73,0x65,0x45,0x6e,0x74,0x69,
  0x74,0x79,0x22,0x14,0x08,0x00,0x12,0x0a,0x6d,0x5f,0x6e,0x4e,0x75,0x6d,0x57,0x69,0x64,0x65,0x18,0x00,
  0x20,0x40,0x48,0x20,0x22,0x14,0x08,0x00,0x12,0x0a,0x6d,0x5f,0x6e,0x4e,0x75,0x6d,0x48,0x69,0x67,0x68,
  0x18,0x00,0x20,0x40,0x48,0x20,0x22,0x18,0x08,0x01,0x12,0x0e,0x6d,0x5f,0x66,0x6c,0x50,0x61,0x6e,0x65,
  0x6c,0x57,0x69,0x64,0x74,0x68,0x18,0x04,0x20,0x40,0x48,0x20,0x22,0x19,0x08,0x01,0x12,0x0f,0x6d,0x5f,
  0x66,0x6c,0x50,0x61,0x6e,0x65,0x6c,0x48,0x65,0x69,0x67,0x68,0x74,0x18,0x04,0x20,0x40,0x48,0x20,0x22,
  0x13,0x08,0x02,0x12,0x09,0x6d,0x5f,0x76,0x4e,0x6f,0x72,0x6d,0x61,0x6c,0x18,0x04,0x20,0x40,0x48,0x00,
  0x22,0x13,0x08,0x02,0x12,0x09,0x6d,0x5f,0x76,0x43,0x6f,0x72,0x6e,0x65,0x72,0x18,0x04,0x20,0x40,0x48,
  0x00,0x22,0x15,0x08,0x00,0x12,0x0b,0x6d,0x5f,0x62,0x49,0x73,0x42,0x72,0x6f,0x6b,0x65,0x6e,0x18,0x00,
  0x20,0x40,0x48,0x20,0x22,0x18,0x08,0x00,0x12,0x0e,0x6d,0x5f,0x6e,0x53,0x75,0x72,0x66,0x61,0x63,0x65,
  0x54,0x79,0x70,0x65,0x18,0x00,0x20,0x40,0x48,0x20,0x22,0x0f,0x08,0x00,0x12,0x04,0x30,0x30,0x30,0x30,
  0x18,0x80,0x02,0x20,0x40,0x48,0x20,0x22,0x1b,0x08,0x05,0x12,0x10,0x6d,0x5f,0x52,0x61,0x77,0x50,0x61,
  0x6e,0x65,0x6c,0x42,0x69,0x74,0x56,0x65,0x63,0x18,0x00,0x20,0x40,0x30,0x80,0x04,0x09,0x65,0x08,0x01,
  0x12,0x0b,0x44,0x54,0x5f,0x43,0x43,0x68,0x69,0x63,0x6b,0x65,0x6e,0x18,0x00,0x22,0x21,0x08,0x06,0x12,
  0x09,0x62,0x61,0x73,0x65,0x63,0x6c,0x61,0x73,0x73,0x18,0x00,0x20,0x40,0x2a,0x0e,0x44,0x54,0x5f,0x44,
  0x79,0x6e,0x61,0x6d,0x69,0x63,0x50,0x72,0x6f,0x70,0x22,0x1b,0x08,0x00,0x12,0x11,0x6d,0x5f,0x6a,0x75,
  0x6d,0x70,0x65,0x64,0x54,0x68,0x69,0x73,0x46,0x72,0x61,0x6d,0x65,0x18,0x00,0x20,0x40,0x48,0x20,0x22,
  0x12,0x08,0x00,0x12,0x08,0x6d,0x5f,0x6c,0x65,0x61,0x64,0x65,0x72,0x18,0x00,0x20,0x40,0x48,0x20,0x09,
  0xae,0x01,0x08,0x01,0x12,0x08,0x44,0x54,0x5f,0x43,0x46,0x69,0x73,0x68,0x18,0x00,0x22,0x16,0x08,0x02,
  0x12,0x0c,0x6d,0x5f,0x70,0x6f,0x6f,0x6c,0x4f,0x72,0x69,0x67,0x69,0x6e,0x18,0x04,0x20,0x40,0x48,0x00,
  0x22,0x0d,0x08,0x01,0x12,0x03,0x6d,0x5f,0x78,0x18,0x04,0x20,0x40,0x48,0x20,0x22,0x0d,0x08,0x01,0x12,
  0x03,0x6d,0x5f,0x79,0x18,0x04,0x20,0x40,0x48,0x20,0x22,0x0d,0x08,0x01,0x12,0x03,0x6d,0x5f,0x7a,0x18,
  0x04,0x20,0x40,0x48,0x20,0x22,0x11,0x08,0x01,0x12,0x07,0x6d,0x5f,0x61,0x6e,0x67,0x6c,0x65,0x18,0x04,
  0x20,0x40,0x48,0x20,0x22,0x17,0x08,0x00,0x12,0x0d,0x6d,0x5f,0x6e,0x4d,0x6f,0x64,0x65,0x6c,0x49,0x6e,
  0x64,0x65,0x78,0x18,0x00,0x20,0x40,0x48,0x20,0x22,0x15,0x08,0x00,0x12,0x0b,0x6d,0x5f,0x6c,0x69,0x66,
  0x65,0x53,0x74,0x61,0x74,0x65,0x18,0x00,0x20,0x40,0x48,0x20,0x22,0x16,0x08,0x01,0x12,0x0c,0x6d,0x5f,
  0x77,0x61,0x74,0x65,0x72,0x4c,0x65,0x76,0x65,0x6c,0x18,0x04,0x20,0x40,0x48,0x20,0x09,0xe3,0x02,0x08,
  0x01,0x12,0x0b,0x44,0x54,0x5f,0x43,0x48,0x6f,0x73,0x74,0x61,0x67,0x65,0x18,0x00,0x22,0x29,0x08,0x06,
  0x12,0x09,0x62,0x61,0x73,0x65,0x63,0x6c,0x61,0x73,0x73,0x18,0x00,0x20,0x40,0x2a,0x16,0x44,0x54,0x5f,
  0x42,0x61,0x73,0x65,0x43,0x6f,0x6d,0x62,0x61,0x74,0x43,0x68,0x61,0x72,0x61,0x63,0x74,0x65,0x72,0x22,
  0x15,0x08,0x00,0x12,0x0b,0x6d,0x5f,0x69,0x73,0x52,0x65,0x73,0x63,0x75,0x65,0x64,0x18,0x00,0x20,0x40,
  0x48,0x20,0x22,0x1b,0x08,0x00,0x12,0x11,0x6d,0x5f,0x6a,0x75,0x6d,0x70,0x65,0x64,0x54,0x68,0x69,0x73,
  0x46,0x72,0x61,0x6d,0x65,0x18,0x00,0x20,0x40,0x48,0x20,0x22,0x13,0x08,0x00,0x12,0x09,0x6d,0x5f,0x69,
  0x48,0x65,0x61,0x6c,0x74,0x68,0x18,0x00,0x20,0x40,0x48,0x20,0x22,0x16,0x08,0x00,0x12,0x0c,0x6d,0x5f,
  0x69,0x4d,0x61,0x78,0x48,0x65,0x61,0x6c,0x74,0x68,0x18,0x00,0x20,0x40,0x48,0x20,0x22,0x15,0x08,0x00,
  0x12,0x0b,0x6d,0x5f,0x6c,0x69,0x66,0x65,0x53,0x74,0x61,0x74,0x65,0x18,0x00,0x20,0x40,0x48,0x20,0x22,
  0x12,0x08,0x00,0x12,0x08,0x6d,0x5f,0x66,0x46,0x6c,0x61,0x67,0x73,0x18,0x00,0x20,0x40,0x48,0x20,0x22,
  0x19,0x08,0x00,0x12,0x0f,0x6d,0x5f,0x6e,0x48,0x6f,0x73,0x74,0x61,0x67,0x65,0x53,0x74,0x61,0x74,0x65,
  0x18,0x00,0x20,0x40,0x48,0x20,0x22,0x1d,0x08,0x01,0x12,0x13,0x6d,0x5f,0x66,0x6c,0x52,0x65,0x73,0x63,
  0x75,0x65,0x53,0x74,0x61,0x72,0x74,0x54,0x69,0x6d,0x65,0x18,0x04,0x20,0x40,0x48,0x20,0x22,0x1d,0x08,
  0x01,0x12,0x13,0x6d,0x5f,0x66,0x6c,0x47,0x72,0x61,0x62,0x53,0x75,0x63,0x63,0x65,0x73,0x73,0x54,0x69,
  0x6d,0x65,0x18,0x04,0x20,0x40,0x48,0x20,0x22,0x1b,0x08,0x01,0x12,0x11,0x6d,0x5f,0x66,0x6c,0x44,0x72,
  0x6f,0x70,0x53,0x74,0x61,0x72,0x74,0x54,0x69,0x6d,0x65,0x18,0x04,0x20,0x40,0x48,0x20,0x22,0x0f,0x08,
  0x02,0x12,0x05,0x6d,0x5f,0x76,0x65,0x6c,0x18,0x04,0x20,0x40,0x48,0x00,0x22,0x12,0x08,0x00,0x12,0x08,
  0x6d,0x5f,0x6c,0x65,0x61,0x64,0x65,0x72,0x18,0x00,0x20,0x40,0x48,0x20,0x09,0xf5,0x16,0x08,0x01,0x12,
  0x0e,0x44,0x54,0x5f,0x43,0x53,0x47,0x61,0x6d,0x65,0x52,0x75,0x6c,0x65,0x73,0x18,0x00,0x22,0x19,0x08,
  0x00,0x12,0x0f,0x6d,0x5f,0x62,0x46,0x72,0x65,0x65,0x7a,0x65,0x50,0x65,0x72,0x69,0x6f,0x64,0x18,0x00,
  0x20,0x40,0x48,0x20,0x22,0x22,0x08,0x00,0x12,0x18,0x6d,0x5f,0x62,0x4d,0x61,0x74,0x63,0x68,0x57,0x61,
  0x69,0x74,0x69,0x6e,0x67,0x46,0x6f,0x72,0x52,0x65,0x73,0x75,0x6d,0x65,0x18,0x00,0x20,0x40,0x48,0x20,
  0x22,0x19,0x08,0x00,0x12,0x0f,0x6d,0x5f,0x62,0x57,0x61,0x72,0x6d,0x75,0x70,0x50,0x65,0x72,0x69,0x6f,
  0x64,0x18,0x00,0x20,0x40,0x48,0x20,0x22,0x1c,0x08,0x01,0x12,0x12,0x6d,0x5f,0x66,0x57,0x61,0x72,0x6d,
  0x75,0x70,0x50,0x65,0x72,0x69,0x6f,0x64,0x45,0x6e,0x64,0x18,0x04,0x20,0x40,0x48,0x20,0x22,0x1e,0x08,
  0x01,0x12,0x14,0x6d,0x5f,0x66,0x57,0x61,0x72,0x6d,0x75,0x70,0x50,0x65,0x72,0x69,0x6f,0x64,0x53,0x74,
  0x61,0x72,0x74,0x18,0x04,0x20,0x40,0x48,0x20,0x22,0x23,0x08,0x00,0x12,0x19,0x6d,0x5f,0x62,0x54,0x65,
  0x72,0x72,0x6f,0x72,0x69,0x73,0x74,0x54,0x69,0x6d,0x65,0x4f,0x75,0x74,0x41,0x63,0x74,0x69,0x76,0x65,
  0x18,0x00,0x20,0x40,0x48,0x20,0x22,0x1c,0x08,0x00,0x12,0x12,0x6d,0x5f,0x62,0x43,0x54,0x54,0x69,0x6d,
  0x65,0x4f,0x75,0x74,0x41,0x63,0x74,0x69,0x76,0x65,0x18,0x00,0x20,0x40,0x48,0x20,0x22,0x27,0x08,0x01,
  0x12,0x1d,0x6d,0x5f,0x66,0x6c,0x54,0x65,0x72,0x72,0x6f,0x72,0x69,0x73,0x74,0x54,0x69,0x6d,0x65,0x4f,
  0x75,0x74,0x52,0x65,0x6d,0x61,0x69,0x6e,0x69,0x6e,0x67,0x18,0x04,0x20,0x40,0x48,0x20,0x22,0x20,0x08,
  0x01,0x12,0x16,0x6d,0x5f,0x66,0x6c,0x43,0x54,0x54,0x69,0x6d,0x65,0x4f,0x75,0x74,0x52,0x65,0x6d,0x61,
  0x69,0x6e,0x69,0x6e,0x67,0x18,0x04,0x20,0x40,0x48,0x20,0x22,0x1e,0x08,0x00,0x12,0x14,0x6d,0x5f,0x6e,
  0x54,0x65,0x72,0x72,0x6f,0x72,0x69,0x73,0x74,0x54,0x69,0x6d,0x65,0x4f,0x75,0x74,0x73,0x18,0x00,0x20,
  0x40,0x48,0x20,0x22,0x17,0x08,0x00,0x12,0x0d,0x6d,0x5f,0x6e,0x43,0x54,0x54,0x69,0x6d,0x65,0x4f,0x75,
  0x74,0x73,0x18,0x00,0x20,0x40,0x48,0x20,0x22,0x16,0x08,0x00,0x12,0x0c,0x6d,0x5f,0x69,0x52,0x6f,0x75,
  0x6e,0x64,0x54,0x69,0x6d,0x65,0x18,0x00,0x20,0x40,0x48,0x20,0x22,0x15,0x08,0x00,0x12,0x0b,0x6d,0x5f,
  0x67,0x61,0x6d,0x65,0x50,0x68,0x61,0x73,0x65,0x18,0x00,0x20,0x40,0x48,0x20,0x22,0x1d,0x08,0x00,0x12,
  0x13,0x6d,0x5f,0x74,0x6f,0x74,0x61,0x6c,0x52,0x6f,0x75,0x6e,0x64,0x73,0x50,0x6c,0x61,0x79,0x65,0x64,
  0x18,0x00,0x20,0x40,0x48,0x20,0x22,0x1c,0x08,0x00,0x12,0x12,0x6d,0x5f,0x6e,0x4f,0x76,0x65,0x72,0x74,
  0x69,0x6d,0x65,0x50,0x6c,0x61,0x79,0x69,0x6e,0x67,0x18,0x00,0x20,0x40,0x48,0x20,0x22,0x24,0x08,0x01,
  0x12,0x1a,0x6d,0x5f,0x74,0x69,0x6d,0x65,0x55,0x6e,0x74,0x69,0x6c,0x4e,0x65,0x78,0x74,0x50,0x68,0x61,
  0x73,0x65,0x53,0x74,0x61,0x72,0x74,0x73,0x18,0x04,0x20,0x40,0x48,0x20,0x22,0x28,0x08,0x01,0x12,0x1e,
  0x6d,0x5f,0x66,0x6c,0x43,0x4d,0x4d,0x49,0x74,0x65,0x6d,0x44,0x72,0x6f,0x70,0x52,0x65,0x76,0x65,0x61,
  0x6c,0x53,0x74,0x61,0x72,0x74,0x54,0x69,0x6d,0x65,0x18,0x04,0x20,0x40,0x48,0x20,0x22,0x26,0x08,0x01,
  0x12,0x1c,0x6d,0x5f,0x66,0x6c,0x43,0x4d,0x4d,0x49,0x74,0x65,0x6d,0x44,0x72,0x6f,0x70,0x52,0x65,0x76,
  0x65,0x61,0x6c,0x45,0x6e,0x64,0x54,0x69,0x6d,0x65,0x18,0x04,0x20,0x40,0x48,0x20,0x22,0x1b,0x08,0x01,
  0x12,0x11,0x6d,0x5f,0x66,0x52,0x6f,0x75,0x6e,0x64,0x53,0x74,0x61,0x72,0x74,0x54,0x69,0x6d,0x65,0x18,
  0x04,0x20,0x40,0x48,0x20,0x22,0x18,0x08,0x00,0x12,0x0e,0x6d,0x5f,0x62,0x47,0x61,0x6d,0x65,0x52,0x65,
  0x73,0x74,0x61,0x72,0x74,0x18,0x00,0x20,0x40,0x48,0x20,0x22,0x1e,0x08,0x01,0x12,0x14,0x6d,0x5f,0x66,
  0x6c,0x52,0x65,0x73,0x74,0x61,0x72,0x74,0x52,0x6f,0x75,0x6e,0x64,0x54,0x69,0x6d,0x65,0x18,0x04,0x20,
  0x40,0x48,0x20,0x22,0x1b,0x08,0x01,0x12,0x11,0x6d,0x5f,0x66,0x6c,0x47,0x61,0x6d,0x65,0x53,0x74,0x61,
  0x72,0x74,0x54,0x69,0x6d,0x65,0x18,0x04,0x20,0x40,0x48,0x20,0x22,0x1e,0x08,0x00,0x12,0x14,0x6d,0x5f,
  0x69,0x48,0x6f,0x73,0x74,0x61,0x67,0x65,0x73,0x52,0x65,0x6d,0x61,0x69,0x6e,0x69,0x6e,0x67,0x18,0x00,
  0x20,0x40,0x48,0x20,0x22,0x1e,0x08,0x00,0x12,0x14,0x6d,0x5f,0x62,0x41,0x6e,0x79,0x48,0x6f,0x73,0x74,
  0x61,0x67,0x65,0x52,0x65,0x61,0x63,0x68,0x65,0x64,0x18,0x00,0x20,0x40,0x48,0x20,0x22,0x1d,0x08,0x00,
  0x12,0x13,0x6d,0x5f,0x62,0x4d,0x61,0x70,0x48,0x61,0x73,0x42,0x6f,0x6d,0x62,0x54,0x61,0x72,0x67,0x65,
  0x74,0x18,0x00,0x20,0x40,0x48,0x20,0x22,0x1d,0x08,0x00,0x12,0x13,0x6d,0x5f,0x62,0x4d,0x61,0x70,0x48,
  0x61,0x73,0x52,0x65,0x73,0x63,0x75,0x65,0x5a,0x6f,0x6e,0x65,0x18,0x00,0x20,0x40,0x48,0x20,0x22,0x1a,
  0x08,0x00,0x12,0x10,0x6d,0x5f,0x62,0x4d,0x61,0x70,0x48,0x61,0x73,0x42,0x75,0x79,0x5a,0x6f,0x6e,0x65,
  0x18,0x00,0x20,0x40,0x48,0x20,0x22,0x20,0x08,0x00,0x12,0x16,0x6d,0x5f,0x62,0x49,0x73,0x51,0x75,0x65,
  0x75,0x65,0x64,0x4d,0x61,0x74,0x63,0x68,0x6d,0x61,0x6b,0x69,0x6e,0x67,0x18,0x00,0x20,0x40,0x48,0x20,
  0x22,0x16,0x08,0x00,0x12,0x0c,0x6d,0x5f,0x62,0x49,0x73,0x56,0x61,0x6c,0x76,0x65,0x44,0x53,0x18,0x00,
  0x20,0x40,0x48,0x20,0x22,0x1c,0x08,0x00,0x12,0x12,0x6d,0x5f,0x62,0x49,0x73,0x51,0x75,0x65,0x73,0x74,
  0x45,0x6c,0x69,0x67,0x69,0x62,0x6c,0x65,0x18,0x00,0x20,0x40,0x48,0x20,0x22,0x14,0x08,0x00,0x12,0x0a,
  0x6d,0x5f,0x62,0x4c,0x6f,0x67,0x6f,0x4d,0x61,0x70,0x18,0x00,0x20,0x40,0x48,0x20,0x22,0x2b,0x08,0x00,
  0x12,0x21,0x6d,0x5f,0x69,0x4e,0x75,0x6d,0x47,0x75,0x6e,0x47,0x61,0x6d,0x65,0x50,0x72,0x6f,0x67,0x72,
  0x65,0x73,0x73,0x69,0x76,0x65,0x57,0x65,0x61,0x70,0x6f,0x6e,0x73,0x43,0x54,0x18,0x00,0x20,0x40,0x48,
  0x20,0x22,0x2a,0x08,0x00,0x12,0x20,0x6d,0x5f,0x69,0x4e,0x75,0x6d,0x47,0x75,0x6e,0x47,0x61,0x6d,0x65,
  0x50,0x72,0x6f,0x67,0x72,0x65,0x73,0x73,0x69,0x76,0x65,0x57,0x65,0x61,0x70,0x6f,0x6e,0x73,0x54,0x18,
  0x00,0x20,0x40,0x48,0x20,0x22,0x1f,0x08,0x00,0x12,0x15,0x6d,0x5f,0x69,0x53,0x70,0x65,0x63,0x74,0x61,
  0x74,0x6f,0x72,0x53,0x6c,0x6f,0x74,0x43,0x6f,0x75,0x6e,0x74,0x18,0x00,0x20,0x40,0x48,0x20,0x22,0x18,
  0x08,0x00,0x12,0x0e,0x6d,0x5f,0x62,0x42,0x6f,0x6d,0x62,0x44,0x72,0x6f,0x70,0x70,0x65,0x64,0x18,0x00,
  0x20,0x40,0x48,0x20,0x22,0x18,0x08,0x00,0x12,0x0e,0x6d,0x5f,0x62,0x42,0x6f,0x6d,0x62,0x50,0x6c,0x61,
  0x6e,0x74,0x65,0x64,0x18,0x00,0x20,0x40,0x48,0x20,0x22,0x1b,0x08,0x00,0x12,0x11,0x6d,0x5f,0x69,0x52,
  0x6f,0x75,0x6e,0x64,0x57,0x69,0x6e,0x53,0x74,0x61,0x74,0x75,0x73,0x18,0x00,0x20,0x40,0x48,0x20,0x22,
  0x1b,0x08,0x00,0x12,0x11,0x6d,0x5f,0x65,0x52,0x6f,0x75,0x6e,0x64,0x57,0x69,0x6e,0x52,0x65,0x61,0x73,
  0x6f,0x6e,0x18,0x00,0x20,0x40,0x48,0x20,0x22,0x1e,0x08,0x01,0x12,0x14,0x6d,0x5f,0x66,0x6c,0x44,0x4d,
  0x42,0x6f,0x6e,0x75,0x73,0x53,0x74,0x61,0x72,0x74,0x54,0x69,0x6d,0x65,0x18,0x04,0x20,0x40,0x48,0x20,
  0x22,0x1f,0x08,0x01,0x12,0x15,0x6d,0x5f,0x66,0x6c,0x44,0x4d,0x42,0x6f,0x6e,0x75,0x73,0x54,0x69,0x6d,
  0x65,0x4c,0x65,0x6e,0x67,0x74,0x68,0x18,0x04,0x20,0x40,0x48,0x20,0x22,0x26,0x08,0x00,0x12,0x1c,0x6d,
  0x5f,0x75,0x6e,0x44,0x4d,0x42,0x6f,0x6e,0x75,0x73,0x57,0x65,0x61,0x70,0x6f,0x6e,0x4c,0x6f,0x61,0x64,
  0x6f,0x75,0x74,0x53,0x6c,0x6f,0x74,0x18,0x00,0x20,0x40,0x48,0x20,0x22,0x1a,0x08,0x00,0x12,0x10,0x6d,
  0x5f,0x62,0x44,0x4d,0x42,0x6f,0x6e,0x75,0x73,0x41,0x63,0x74,0x69,0x76,0x65,0x18,0x00,0x20,0x40,0x48,
  0x20,0x22,0x15,0x08,0x00,0x12,0x0b,0x6d,0x5f,0x62,0x54,0x43,0x61,0x6e,0x74,0x42,0x75,0x79,0x18,0x00,
  0x20,0x40,0x48,0x20,0x22,0x16,0x08,0x00,0x12,0x0c,0x6d,0x5f,0x62,0x43,0x54,0x43,0x61,0x6e,0x74,0x42,
  0x75,0x79,0x18,0x00,0x20,0x40,0x48,0x20,0x22,0x22,0x08,0x01,0x12,0x18,0x6d,0x5f,0x66,0x6c,0x47,0x75,
  0x61,0x72,0x64,0x69,0x61,0x6e,0x42,0x75,0x79,0x55,0x6e,0x74,0x69,0x6c,0x54,0x69,0x6d,0x65,0x18,0x04,
  0x20,0x40,0x48,0x20,0x22,0x0f,0x08,0x00,0x12,0x04,0x30,0x30,0x30,0x30,0x18,0x80,0x02,0x20,0x40,0x48,
  0x20,0x22,0x24,0x08,0x05,0x12,0x1a,0x6d,0x5f,0x69,0x4d,0x61,0x74,0x63,0x68,0x53,0x74,0x61,0x74,0x73,
  0x5f,0x52,0x6f,0x75,0x6e,0x64,0x52,0x65,0x73,0x75,0x6c,0x74,0x73,0x18,0x00,0x20,0x40,0x30,0x0d,0x22,
  0x0f,0x08,0x00,0x12,0x04,0x30,0x30,0x30,0x30,0x18,0x80,0x02,0x20,0x40,0x48,0x20,0x22,0x26,0x08,0x05,
  0x12,0x1c,0x6d,0x5f,0x69,0x4d,0x61,0x74,0x63,0x68,0x53,0x74,0x61,0x74,0x73,0x5f,0x50,0x6c,0x61,0x79,
  0x65,0x72,0x73,0x41,0x6c,0x69,0x76,0x65,0x5f,0x54,0x18,0x00,0x20,0x40,0x30,0x0d,0x22,0x0f,0x08,0x00,
  0x12,0x04,0x30,0x30,0x30,0x30,0x18,0x80,0x02,0x20,0x40,0x48,0x20,0x22,0x27,0x08,0x05,0x12,0x1d,0x6d,
  0x5f,0x69,0x4d,0x61,0x74,0x63,0x68,0x53,0x74,0x61,0x74,0x73,0x5f,0x50,0x6c,0x61,0x79,0x65,0x72,0x73,
  0x41,0x6c,0x69,0x76,0x65,0x5f,0x43,0x54,0x18,0x00,0x20,0x40,0x30,0x0d,0x22,0x0f,0x08,0x00,0x12,0x04,
  0x30,0x30,0x30,0x30,0x18,0x80,0x02,0x20,0x40,0x48,0x20,0x22,0x26,0x08,0x05,0x12,0x1c,0x6d,0x5f,0x47,
  0x47,0x50,0x72,0x6f,0x67,0x72,0x65,0x73,0x73,0x69,0x76,0x65,0x57,0x65,0x61,0x70,0x6f,0x6e,0x4f,0x72,
  0x64,0x65,0x72,0x43,0x54,0x18,0x00,0x20,0x40,0x30,0x1e,0x22,0x0f,0x08,0x00,0x12,0x04,0x30,0x30,0x30,
  0x30,0x18,0x80,0x02,0x20,0x40,0x48,0x20,0x22,0x25,0x08,0x05,0x12,0x1b,0x6d,0x5f,0x47,0x47,0x50,0x72,
  0x6f,0x67,0x72,0x65,0x73,0x73,0x69,0x76,0x65,0x57,0x65,0x61,0x70,0x6f,0x6e,0x4f,0x72,0x64,0x65,0x72,
  0x54,0x18,0x00,0x20,0x40,0x30,0x1e,0x22,0x0f,0x08,0x00,0x12,0x04,0x30,0x30,0x30,0x30,0x18,0x80,0x02,
  0x20,0x40,0x48,0x20,0x22,0x31,0x08,0x05,0x12,0x27,0x6d,0x5f,0x47,0x47,0x50,0x72,0x6f,0x67,0x72,0x65,
  0x73,0x73,0x69,0x76,0x65,0x57,0x65,0x61,0x70,0x6f,0x6e,0x4b,0x69,0x6c,0x6c,0x55,0x70,0x67,0x72,0x61,
  0x64,0x65,0x4f,0x72,0x64,0x65,0x72,0x43,0x54,0x18,0x00,0x20,0x40,0x30,0x1e,0x22,0x0f,0x08,0x00,0x12,
  0x04,0x30,0x30,0x30,0x30,0x18,0x80,0x02,0x20,0x40,0x48,0x20,0x22,0x30,0x08,0x05,0x12,0x26,0x6d,0x5f,
  0x47,0x47,0x50,0x72,0x6f,0x67,0x72,0x65,0x73,0x73,0x69,0x76,0x65,0x57,0x65,0x61,0x70,0x6f,0x6e,0x4b,
  0x69,0x6c,0x6c,0x55,0x70,0x67,0x72,0x61,0x64,0x65,0x4f,0x72,0x64,0x65,0x72,0x54,0x18,0x00,0x20,0x40,
  0x30,0x1e,0x22,0x17,0x08,0x00,0x12,0x0d,0x6d,0x5f,0x4d,0x61,0x74,0x63,0x68,0x44,0x65,0x76,0x69,0x63,
  0x65,0x18,0x00,0x20,0x40,0x48,0x20,0x22,0x1c,0x08,0x00,0x12,0x12,0x6d,0x5f,0x62,0x48,0x61,0x73,0x4d,
  0x61,0x74,0x63,0x68,0x53,0x74,0x61,0x72,0x74,0x65,0x64,0x18,0x00,0x20,0x40,0x48,0x20,0x22,0x0f,0x08,
  0x00,0x12,0x04,0x30,0x30,0x30,0x30,0x18,0x80,0x02,0x20,0x40,0x48,0x20,0x22,0x20,0x08,0x05,0x12,0x16,
  0x6d,0x5f,0x54,0x65,0x61,0x6d,0x52,0x65,0x73,0x70,0x61,0x77,0x6e,0x57,0x61,0x76,0x65,0x54,0x69,0x6d,
  0x65,0x73,0x18,0x00,0x20,0x40,0x30,0x40,0x22,0x0f,0x08,0x00,0x12,0x04,0x30,0x30,0x30,0x30,0x18,0x80,
  0x02,0x20,0x40,0x48,0x20,0x22,0x1d,0x08,0x05,0x12,0x13,0x6d,0x5f,0x66,0x6c,0x4e,0x65,0x78,0x74,0x52,
  0x65,0x73,0x70,0x61,0x77,0x6e,0x57,0x61,0x76,0x65,0x18,0x00,0x20,0x40,0x30,0x41,0x22,0x1e,0x08,0x00,
  0x12,0x14,0x6d,0x5f,0x6e,0x4e,0x65,0x78,0x74,0x4d,0x61,0x70,0x49,0x6e,0x4d,0x61,0x70,0x67,0x72,0x6f,
  0x75,0x70,0x18,0x00,0x20,0x40,0x48,0x20,0x22,0x0f,0x08,0x00,0x12,0x04,0x30,0x30,0x30,0x30,0x18,0x80,
  0x02,0x20,0x40,0x48,0x20,0x22,0x26,0x08,0x05,0x12,0x1c,0x6d,0x5f,0x6e,0x45,0x6e,0x64,0x4d,0x61,0x74,
  0x63,0x68,0x4d,0x61,0x70,0x47,0x72,0x6f,0x75,0x70,0x56,0x6f,0x74,0x65,0x54,0x79,0x70,0x65,0x73,0x18,
  0x00,0x20,0x40,0x30,0x40,0x22,0x0f,0x08,0x00,0x12,0x04,0x30,0x30,0x30,0x30,0x18,0x80,0x02,0x20,0x40,
  0x48,0x20,0x22,0x28,0x08,0x05,0x12,0x1e,0x6d,0x5f,0x6e,0x45,0x6e,0x64,0x4d,0x61,0x74,0x63,0x68,0x4d,
  0x61,0x70,0x47,0x72,0x6f,0x75,0x70,0x56,0x6f,0x74,0x65,0x4f,0x70,0x74,0x69,0x6f,0x6e,0x73,0x18,0x00,
  0x20,0x40,0x30,0x40,0x22,0x22,0x08,0x00,0x12,0x18,0x6d,0x5f,0x6e,0x45,0x6e,0x64,0x4d,0x61,0x74,0x63,
  0x68,0x4d,0x61,0x70,0x56,0x6f,0x74,0x65,0x57,0x69,0x6e,0x6e,0x65,0x72,0x18,0x00,0x20,0x40,0x48,0x20,
  0x22,0x1c,0x08,0x00,0x12,0x12,0x6d,0x5f,0x62,0x49,0x73,0x44,0x72,0x6f,0x70,0x70,0x69,0x6e,0x67,0x49,
  0x74,0x65,0x6d,0x73,0x18,0x00,0x20,0x40,0x48,0x20,0x22,0x2f,0x08,0x00,0x12,0x25,0x6d,0x5f,0x69,0x41,
  0x63,0x74,0x69,0x76,0x65,0x41,0x73,0x73,0x61,0x73,0x73,0x69,0x6e,0x61,0x74,0x69,0x6f,0x6e,0x54,0x61,
  0x72,0x67,0x65,0x74,0x4d,0x69,0x73,0x73,0x69,0x6f,0x6e,0x49,0x44,0x18,0x00,0x20,0x40,0x48,0x20,0x22,
  0x1b,0x08,0x01,0x12,0x11,0x6d,0x5f,0x66,0x4d,0x61,0x74,0x63,0x68,0x53,0x74,0x61,0x72,0x74,0x54,0x69,
  0x6d,0x65,0x18,0x04,0x20,0x40,0x48,0x20,0x22,0x21,0x08,0x04,0x12,0x17,0x6d,0x5f,0x73,0x7a,0x54,0x6f,
  0x75,0x72,0x6e,0x61,0x6d,0x65,0x6e,0x74,0x45,0x76,0x65,0x6e,0x74,0x4e,0x61,0x6d,0x65,0x18,0x00,0x20,
  0x40,0x48,0x00,0x22,0x22,0x08,0x04,0x12,0x18,0x6d,0x5f,0x73,0x7a,0x54,0x6f,0x75,0x72,0x6e,0x61,0x6d,
  0x65,0x6e,0x74,0x45,0x76,0x65,0x6e,0x74,0x53,0x74,0x61,0x67,0x65,0x18,0x00,0x20,0x40,0x48,0x00,0x22,
  0x26,0x08,0x04,0x12,0x1c,0x6d,0x5f,0x73,0x7a,0x54,0x6f,0x75,0x72,0x6e,0x61,0x6d,0x65,0x6e,0x74,0x50,
  0x72,0x65,0x64,0x69,0x63,0x74,0x69,0x6f,0x6e,0x73,0x54,0x78,0x74,0x18,0x00,0x20,0x40,0x48,0x00,0x22,
  0x25,0x08,0x00,0x12,0x1b,0x6d,0x5f,0x6e,0x54,0x6f,0x75,0x72,0x6e,0x61,0x6d,0x65,0x6e,0x74,0x50,0x72,
  0x65,0x64,0x69,0x63,0x74,0x69,0x6f,0x6e,0x73,0x50,0x63,0x74,0x18,0x00,0x20,0x40,0x48,0x20,0x22,0x1a,
  0x08,0x04,0x12,0x10,0x6d,0x5f,0x73,0x7a,0x4d,0x61,0x74,0x63,0x68,0x53,0x74,0x61,0x74,0x54,0x78,0x74,
  0x18,0x00,0x20,0x40,0x48,0x00,0x22,0x23,0x08,0x00,0x12,0x19,0x6d,0x5f,0x6e,0x47,0x75,0x61,0x72,0x64,
  0x69,0x61,0x6e,0x4d,0x6f,0x64,0x65,0x57,0x61,0x76,0x65,0x4e,0x75,0x6d,0x62,0x65,0x72,0x18,0x00,0x20,
  0x40,0x48,0x20,0x22,0x2e,0x08,0x00,0x12,0x24,0x6d,0x5f,0x6e,0x47,0x75,0x61,0x72,0x64,0x69,0x61,0x6e,
  0x4d,0x6f,0x64,0x65,0x53,0x70,0x65,0x63,0x69,0x61,0x6c,0x4b,0x69,0x6c,0x6c,0x73,0x52,0x65,0x6d,0x61,
  0x69,0x6e,0x69,0x6e,0x67,0x18,0x00,0x20,0x40,0x48,0x20,0x22,0x2c,0x08,0x00,0x12,0x22,0x6d,0x5f,0x6e,
  0x47,0x75,0x61,0x72,0x64,0x69,0x61,0x6e,0x4d,0x6f,0x64,0x65,0x53,0x70,0x65,0x63,0x69,0x61,0x6c,0x57,
  0x65,0x61,0x70,0x6f,0x6e,0x4e,0x65,0x65,0x64,0x65,0x64,0x18,0x00,0x20,0x40,0x48,0x20,0x22,0x22,0x08,
  0x00,0x12,0x18,0x6d,0x5f,0x6e,0x48,0x61,0x6c,0x6c,0x6f,0x77,0x65,0x65,0x6e,0x4d,0x61,0x73,0x6b,0x4c,
  0x69,0x73,0x74,0x53,0x65,0x65,0x64,0x18,0x00,0x20,0x40,0x48,0x20,0x22,0x1f,0x08,0x00,0x12,0x15,0x6d,
  0x5f,0x6e,0x75,0x6d,0x47,0x6c,0x6f,0x62,0x61,0x6c,0x47,0x69,0x66,0x74,0x73,0x47,0x69,0x76,0x65,0x6e,
  0x18,0x00,0x20,0x40,0x48,0x20,0x22,0x1c,0x08,0x00,0x12,0x12,0x6d,0x5f,0x6e,0x75,0x6d,0x47,0x6c,0x6f,
  0x62,0x61,0x6c,0x47,0x69,0x66,0x74,0x65,0x72,0x73,0x18,0x00,0x20,0x40,0x48,0x20,0x22,0x27,0x08,0x00,
  0x12,0x1d,0x6d,0x5f,0x6e,0x75,0x6d,0x47,0x6c,0x6f,0x62,0x61,0x6c,0x47,0x69,0x66,0x74,0x73,0x50,0x65,
  0x72,0x69,0x6f,0x64,0x53,0x65,0x63,0x6f,0x6e,0x64,0x73,0x18,0x00,0x20,0x40,0x48,0x20,0x22,0x0f,0x08,
  0x00,0x12,0x04,0x30,0x30,0x30,0x30,0x18,0x80,0x02,0x20,0x40,0x48,0x20,0x22,0x26,0x08,0x05,0x12,0x1c,
  0x6d,0x5f,0x61,0x72,0x72,0x46,0x65,0x61,0x74,0x75,0x72,0x65,0x64,0x47,0x69,0x66,0x74,0x65,0x72,0x73,
  0x41,0x63,0x63,0x6f,0x75,0x6e,0x74,0x73,0x18,0x00,0x20,0x40,0x30,0x40,0x22,0x0f,0x08,0x00,0x12,0x04,
  0x30,0x30,0x30,0x30,0x18,0x80,0x02,0x20,0x40,0x48,0x20,0x22,0x23,0x08,0x05,0x12,0x19,0x6d,0x5f,0x61,
  0x72,0x72,0x46,0x65,0x61,0x74,0x75,0x72,0x65,0x64,0x47,0x69,0x66,0x74,0x65,0x72,0x73,0x47,0x69,0x66,
  0x74,0x73,0x18,0x00,0x20,0x40,0x30,0x40,0x22,0x0f,0x08,0x00,0x12,0x04,0x30,0x30,0x30,0x30,0x18,0x80,
  0x02,0x20,0x40,0x48,0x20,0x22,0x24,0x08,0x05,0x12,0x1a,0x6d,0x5f,0x61,0x72,0x72,0x50,0x72,0x6f,0x68,
  0x69,0x62,0x69,0x74,0x65,0x64,0x49,0x74,0x65,0x6d,0x49,0x6e,0x64,0x69,0x63,0x65,0x73,0x18,0x00,0x20,
  0x40,0x30,0x01,0x22,0x19,0x08,0x00,0x12,0x0f,0x6d,0x5f,0x6e,0x75,0x6d,0x42,0x65,0x73,0x74,0x4f,0x66,
  0x4d,0x61,0x70,0x73,0x18,0x00,0x20,0x40,0x48,0x20,0x09,0x6a,0x08,0x01,0x12,0x13,0x44,0x54,0x5f,0x43,
  0x53,0x47,0x61,0x6d,0x65,0x52,0x75,0x6c,0x65,0x73,0x50,0x72,0x6f,0x78,0x79,0x18,0x00,0x22,0x24,0x08,
  0x06,0x12,0x09,0x62,0x61,0x73,0x65,0x63,0x6c,0x61,0x73,0x73,0x18,0x00,0x20,0x40,0x2a,0x11,0x44,0x54,
  0x5f,0x47,0x61,0x6d,0x65,0x52,0x75,0x6c,0x65,0x73,0x50,0x72,0x6f,0x78,0x79,0x22,0x29,0x08,0x06,0x12,
  0x11,0x63,0x73,0x5f,0x67,0x61,0x6d,0x65,0x72,0x75,0x6c,0x65,0x73,0x5f,0x64,0x61,0x74,0x61,0x18,0x00,
  0x20,0x40,0x2a,0x0e,0x44,0x54,0x5f,0x43,0x53,0x47,0x61,0x6d,0x65,0x52,0x75,0x6c,0x65,0x73,0x09,0xba,
  0x19,0x08,0x01,0x12,0x09,0x44,0x54,0x5f,0x43,0x53,0x54,0x65,0x61,0x6d,0x18,0x00,0x22,0x0f,0x08,0x00,
  0x12,0x04,0x30,0x30,0x30,0x30,0x18,0x80,0x02,0x20,0x40,0x48,0x20,0x22,0x25,0x08,0x05,0x12,0x1b,0x6d,
  0x5f,0x69,0x57,0x65,0x61,0x70,0x6f,0x6e,0x50,0x75,0x72,0x63,0x68,0x61,0x73,0x65,0x73,0x54,0x68,0x69,
  0x73,0x4d,0x61,0x74,0x63,0x68,0x18,0x00,0x20,0x40,0x30,0x0d,0x22,0x0f,0x08,0x00,0x12,0x04,0x30,0x30,
  0x30,0x30,0x18,0x80,0x02,0x20,0x40,0x48,0x20,0x22,0x29,0x08,0x05,0x12,0x1f,0x6d,0x5f,0x45,0x71,0x75,
  0x69,0x70,0x70,0x65,0x64,0x4c,0x6f,0x61,0x64,0x6f,0x75,0x74,0x49,0x74,0x65,0x6d,0x44,0x65,0x66,0x49,
  0x6e,0x64,0x69,0x63,0x65,0x73,0x18,0x00,0x20,0x40,0x30,0x40,0x22,0x1b,0x08,0x01,0x12,0x11,0x6d,0x5f,
  0x61,0x6e,0x67,0x45,0x79,0x65,0x41,0x6e,0x67,0x6c,0x65,0x73,0x5b,0x30,0x5d,0x18,0x04,0x20,0x40,0x48,
  0x20,0x22,0x1b,0x08,0x01,0x12,0x11,0x6d,0x5f,0x61,0x6e,0x67,0x45,0x79,0x65,0x41,0x6e,0x67,0x6c,0x65,
  0x73,0x5b,0x31,0x5d,0x18,0x04,0x20,0x40,0x48,0x20,0x22,0x16,0x08,0x00,0x12,0x0c,0x6d,0x5f,0x69,0x41,
  0x64,0x64,0x6f,0x6e,0x42,0x69,0x74,0x73,0x18,0x00,0x20,0x40,0x48,0x20,0x22,0x19,0x08,0x00,0x12,0x0f,
  0x6d,0x5f,0x69,0x50,0x72,0x69,0x6d,0x61,0x72,0x79,0x41,0x64,0x64,0x6f,0x6e,0x18,0x00,0x20,0x40,0x48,
  0x20,0x22,0x1b,0x08,0x00,0x12,0x11,0x6d,0x5f,0x69,0x53,0x65,0x63,0x6f,0x6e,0x64,0x61,0x72,0x79,0x41,
  0x64,0x64,0x6f,0x6e,0x18,0x00,0x20,0x40,0x48,0x20,0x22,0x20,0x08,0x00,0x12,0x16,0x6d,0x5f,0x69,0x54,
  0x68,0x72,0x6f,0x77,0x47,0x72,0x65,0x6e,0x61,0x64,0x65,0x43,0x6f,0x75,0x6e,0x74,0x65,0x72,0x18,0x00,
  0x20,0x40,0x48,0x20,0x22,0x1c,0x08,0x00,0x12,0x12,0x6d,0x5f,0x62,0x57,0x61,0x69,0x74,0x46,0x6f,0x72,
  0x4e,0x6f,0x41,0x74,0x74,0x61,0x63,0x6b,0x18,0x00,0x20,0x40,0x48,0x20,0x22,0x23,0x08,0x00,0x12,0x19,
  0x6d,0x5f,0x62,0x49,0x73,0x52,0x65,0x73,0x70,0x61,0x77,0x6e,0x69,0x6e,0x67,0x46,0x6f,0x72,0x44,0x4d,
  0x42,0x6f,0x6e,0x75,0x73,0x18,0x00,0x20,0x40,0x48,0x20,0x22,0x18,0x08,0x00,0x12,0x0e,0x6d,0x5f,0x69,
  0x50,0x6c,0x61,0x79,0x65,0x72,0x53,0x74,0x61,0x74,0x65,0x18,0x00,0x20,0x40,0x48,0x20,0x22,0x14,0x08,
  0x00,0x12,0x0a,0x6d,0x5f,0x69,0x41,0x63,0x63,0x6f,0x75,0x6e,0x74,0x18,0x00,0x20,0x40,0x48,0x20,0x22,
  0x19,0x08,0x00,0x12,0x0f,0x6d,0x5f,0x69,0x53,0x74,0x61,0x72,0x74,0x41,0x63,0x63,0x6f,0x75,0x6e,0x74,
  0x18,0x00,0x20,0x40,0x48,0x20,0x22,0x1d,0x08,0x00,0x12,0x13,0x6d,0x5f,0x74,0x6f,0x74,0x61,0x6c,0x48,
  0x69,0x74,0x73,0x4f,0x6e,0x53,0x65,0x72,0x76,0x65,0x72,0x18,0x00,0x20,0x40,0x48,0x20,0x22,0x17,0x08,
  0x00,0x12,0x0d,0x6d,0x5f,0x62,0x49,0x6e,0x42,0x6f,0x6d,0x62,0x5a,0x6f,0x6e,0x65,0x18,0x00,0x20,0x40,
  0x48,0x20,0x22,0x16,0x08,0x00,0x12,0x0c,0x6d,0x5f,0x62,0x49,0x6e,0x42,0x75,0x79,0x5a,0x6f,0x6e,0x65,
  0x18,0x00,0x20,0x40,0x48,0x20,0x22,0x1b,0x08,0x00,0x12,0x11,0x6d,0x5f,0x62,0x49,0x6e,0x4e,0x6f,0x44,
  0x65,0x66,0x75,0x73,0x65,0x41,0x72,0x65,0x61,0x18,0x00,0x20,0x40,0x48,0x20,0x22,0x1a,0x08,0x00,0x12,
  0x10,0x6d,0x5f,0x62,0x4b,0x69,0x6c,0x6c,0x65,0x64,0x42,0x79,0x54,0x61,0x73,0x65,0x72,0x18,0x00,0x20,
  0x40,0x48,0x20,0x22,0x16,0x08,0x00,0x12,0x0c,0x6d,0x5f,0x69,0x4d,0x6f,0x76,0x65,0x53,0x74,0x61,0x74,
  0x65,0x18,0x00,0x20,0x40,0x48,0x20,0x22,0x12,0x08,0x00,0x12,0x08,0x6d,0x5f,0x69,0x43,0x6c,0x61,0x73,
  0x73,0x18,0x00,0x20,0x40,0x48,0x20,0x22,0x16,0x08,0x00,0x12,0x0c,0x6d,0x5f,0x41,0x72,0x6d,0x6f,0x72,
  0x56,0x61,0x6c,0x75,0x65,0x18,0x00,0x20,0x40,0x48,0x20,0x22,0x18,0x08,0x02,0x12,0x0e,0x6d,0x5f,0x61,
  0x6e,0x67,0x45,0x79,0x65,0x41,0x6e,0x67,0x6c,0x65,0x73,0x18,0x04,0x20,0x40,0x48,0x00,0x22,0x17,0x08,
  0x00,0x12,0x0d,0x6d,0x5f,0x62,0x48,0x61,0x73,0x44,0x65,0x66,0x75,0x73,0x65,0x72,0x18,0x00,0x20,0x40,
  0x48,0x20,0x22,0x1a,0x08,0x00,0x12,0x10,0x6d,0x5f,0x62,0x4e,0x69,0x67,0x68,0x74,0x56,0x69,0x73,0x69,
  0x6f,0x6e,0x4f,0x6e,0x18,0x00,0x20,0x40,0x48,0x20,0x22,0x1b,0x08,0x00,0x12,0x11,0x6d,0x5f,0x62,0x48,
  0x61,0x73,0x4e,0x69,0x67,0x68,0x74,0x56,0x69,0x73,0x69,0x6f,0x6e,0x18,0x00,0x20,0x40,0x48,0x20,0x22,
  0x20,0x08,0x00,0x12,0x16,0x6d,0x5f,0x62,0x49,0x6e,0x48,0x6f,0x73,0x74,0x61,0x67,0x65,0x52,0x65,0x73,
  0x63,0x75,0x65,0x5a,0x6f,0x6e,0x65,0x18,0x00,0x20,0x40,0x48,0x20,0x22,0x17,0x08,0x00,0x12,0x0d,0x6d,
  0x5f,0x62,0x49,0x73,0x44,0x65,0x66,0x75,0x73,0x69,0x6e,0x67,0x18,0x00,0x20,0x40,0x48,0x20,0x22,0x1e,
  0x08,0x00,0x12,0x14,0x6d,0x5f,0x62,0x49,0x73,0x47,0x72,0x61,0x62,0x62,0x69,0x6e,0x67,0x48,0x6f,0x73,
  0x74,0x61,0x67,0x65,0x18,0x00,0x20,0x40,0x48,0x20,0x22,0x15,0x08,0x00,0x12,0x0b,0x6d,0x5f,0x62,0x49,
  0x73,0x53,0x63,0x6f,0x70,0x65,0x64,0x18,0x00,0x20,0x40,0x48,0x20,0x22,0x16,0x08,0x00,0x12,0x0c,0x6d,
  0x5f,0x62,0x49,0x73,0x57,0x61,0x6c,0x6b,0x69,0x6e,0x67,0x18,0x00,0x20,0x40,0x48,0x20,0x22,0x17,0x08,
  0x00,0x12,0x0d,0x6d,0x5f,0x62,0x52,0x65,0x73,0x75,0x6d,0x65,0x5a,0x6f,0x6f,0x6d,0x18,0x00,0x20,0x40,
  0x48,0x20,0x22,0x26,0x08,0x01,0x12,0x1c,0x6d,0x5f,0x66,0x49,0x6d,0x6d,0x75,0x6e,0x65,0x54,0x6f,0x47,
  0x75,0x6e,0x47,0x61,0x6d,0x65,0x44,0x61,0x6d,0x61,0x67,0x65,0x54,0x69,0x6d,0x65,0x18,0x04,0x20,0x40,
  0x48,0x20,0x22,0x1c,0x08,0x00,0x12,0x12,0x6d,0x5f,0x62,0x47,0x75,0x6e,0x47,0x61,0x6d,0x65,0x49,0x6d,
  0x6d,0x75,0x6e,0x69,0x74,0x79,0x18,0x00,0x20,0x40,0x48,0x20,0x22,0x1f,0x08,0x00,0x12,0x15,0x6d,0x5f,
  0x62,0x48,0x61,0x73,0x4d,0x6f,0x76,0x65,0x64,0x53,0x69,0x6e,0x63,0x65,0x53,0x70,0x61,0x77,0x6e,0x18,
  0x00,0x20,0x40,0x48,0x20,0x22,0x2c,0x08,0x00,0x12,0x22,0x6d,0x5f,0x62,0x4d,0x61,0x64,0x65,0x46,0x69,
  0x6e,0x61,0x6c,0x47,0x75,0x6e,0x47,0x61,0x6d,0x65,0x50,0x72,0x6f,0x67,0x72,0x65,0x73,0x73,0x69,0x76,
  0x65,0x4b,0x69,0x6c,0x6c,0x18,0x00,0x20,0x40,0x48,0x20,0x22,0x2a,0x08,0x00,0x12,0x20,0x6d,0x5f,0x69,
  0x47,0x75,0x6e,0x47,0x61,0x6d,0x65,0x50,0x72,0x6f,0x67,0x72,0x65,0x73,0x73,0x69,0x76,0x65,0x57,0x65,
  0x61,0x70,0x6f,0x6e,0x49,0x6e,0x64,0x65,0x78,0x18,0x00,0x20,0x40,0x48,0x20,0x22,0x23,0x08,0x00,0x12,
  0x19,0x6d,0x5f,0x69,0x4e,0x75,0x6d,0x47,0x75,0x6e,0x47,0x61,0x6d,0x65,0x54,0x52,0x4b,0x69,0x6c,0x6c,
  0x50,0x6f,0x69,0x6e,0x74,0x73,0x18,0x00,0x20,0x40,0x48,0x20,0x22,0x2d,0x08,0x00,0x12,0x23,0x6d,0x5f,
  0x69,0x4e,0x75,0x6d,0x47,0x75,0x6e,0x47,0x61,0x6d,0x65,0x4b,0x69,0x6c,0x6c,0x73,0x57,0x69,0x74,0x68,
  0x43,0x75,0x72,0x72,0x65,0x6e,0x74,0x57,0x65,0x61,0x70,0x6f,0x6e,0x18,0x00,0x20,0x40,0x48,0x20,0x22,
  0x1a,0x08,0x00,0x12,0x10,0x6d,0x5f,0x69,0x4e,0x75,0x6d,0x52,0x6f,0x75,0x6e,0x64,0x4b,0x69,0x6c,0x6c,
  0x73,0x18,0x00,0x20,0x40,0x48,0x20,0x22,0x1b,0x08,0x01,0x12,0x11,0x6d,0x5f,0x66,0x4d,0x6f,0x6c,0x6f,
  0x74,0x6f,0x76,0x55,0x73,0x65,0x54,0x69,0x6d,0x65,0x18,0x04,0x20,0x40,0x48,0x20,0x22,0x1e,0x08,0x01,
  0x12,0x14,0x6d,0x5f,0x66,0x4d,0x6f,0x6c,0x6f,0x74,0x6f,0x76,0x44,0x61,0x6d,0x61,0x67,0x65,0x54,0x69,
  0x6d,0x65,0x18,0x04,0x20,0x40,0x48,0x20,0x22,0x17,0x08,0x04,0x12,0x0d,0x6d,0x5f,0x73,0x7a,0x41,0x72,
  0x6d,0x73,0x4d,0x6f,0x64,0x65,0x6c,0x18,0x00,0x20,0x40,0x48,0x00,0x22,0x1b,0x08,0x00,0x12,0x11,0x6d,
  0x5f,0x68,0x43,0x61,0x72,0x72,0x69,0x65,0x64,0x48,0x6f,0x73,0x74,0x61,0x67,0x65,0x18,0x00,0x20,0x40,
  0x48,0x20,0x22,0x1f,0x08,0x00,0x12,0x15,0x6d,0x5f,0x68,0x43,0x61,0x72,0x72,0x69,0x65,0x64,0x48,0x6f,
  0x73,0x74,0x61,0x67,0x65,0x50,0x72,0x6f,0x70,0x18,0x00,0x20,0x40,0x48,0x20,0x22,0x17,0x08,0x00,0x12,
  0x0d,0x6d,0x5f,0x62,0x49,0x73,0x52,0x65,0x73,0x63,0x75,0x69,0x6e,0x67,0x18,0x00,0x20,0x40,0x48,0x20,
  0x22,0x2b,0x08,0x01,0x12,0x21,0x6d,0x5f,0x66,0x6c,0x47,0x72,0x6f,0x75,0x6e,0x64,0x41,0x63,0x63,0x65,
  0x6c,0x4c,0x69,0x6e,0x65,0x61,0x72,0x46,0x72,0x61,0x63,0x4c,0x61,0x73,0x74,0x54,0x69,0x6d,0x65,0x18,
  0x04,0x20,0x40,0x48,0x20,0x22,0x26,0x08,0x00,0x12,0x1c,0x6d,0x5f,0x62,0x43,0x61,0x6e,0x4d,0x6f,0x76,
  0x65,0x44,0x75,0x72,0x69,0x6e,0x67,0x46,0x72,0x65,0x65,0x7a,0x65,0x50,0x65,0x72,0x69,0x6f,0x64,0x18,
  0x00,0x20,0x40,0x48,0x20,0x22,0x22,0x08,0x00,0x12,0x18,0x6d,0x5f,0x69,0x73,0x43,0x75,0x72,0x72,0x65,
  0x6e,0x74,0x47,0x75,0x6e,0x47,0x61,0x6d,0x65,0x4c,0x65,0x61,0x64,0x65,0x72,0x18,0x00,0x20,0x40,0x48,
  0x20,0x22,0x26,0x08,0x00,0x12,0x1c,0x6d,0x5f,0x69,0x73,0x43,0x75,0x72,0x72,0x65,0x6e,0x74,0x47,0x75,
  0x6e,0x47,0x61,0x6d,0x65,0x54,0x65,0x61,0x6d,0x4c,0x65,0x61,0x64,0x65,0x72,0x18,0x00,0x20,0x40,0x48,
  0x20,0x22,0x24,0x08,0x01,0x12,0x1a,0x6d,0x5f,0x66,0x6c,0x47,0x75,0x61,0x72,0x64,0x69,0x61,0x6e,0x54,
  0x6f,0x6f,0x46,0x61,0x72,0x44,0x69,0x73,0x74,0x46,0x72,0x61,0x63,0x18,0x04,0x20,0x40,0x48,0x20,0x22,
  0x27,0x08,0x01,0x12,0x1d,0x6d,0x5f,0x66,0x6c,0x44,0x65,0x74,0x65,0x63,0x74,0x65,0x64,0x42,0x79,0x45,
  0x6e,0x65,0x6d,0x79,0x53,0x65,0x6e,0x73,0x6f,0x72,0x54,0x69,0x6d,0x65,0x18,0x04,0x20,0x40,0x48,0x20,
  0x22,0x0f,0x08,0x00,0x12,0x04,0x30,0x30,0x30,0x30,0x18,0x80,0x02,0x20,0x40,0x48,0x20,0x22,0x1d,0x08,
  0x05,0x12,0x13,0x6d,0x5f,0x69,0x4d,0x61,0x74,0x63,0x68,0x53,0x74,0x61,0x74,0x73,0x5f,0x4b,0x69,0x6c,
  0x6c,0x73,0x18,0x00,0x20,0x40,0x30,0x0d,0x22,0x0f,0x08,0x00,0x12,0x04,0x30,0x30,0x30,0x30,0x18,0x80,
  0x02,0x20,0x40,0x48,0x20,0x22,0x1e,0x08,0x05,0x12,0x14,0x6d,0x5f,0x69,0x4d,0x61,0x74,0x63,0x68,0x53,
  0x74,0x61,0x74,0x73,0x5f,0x44,0x61,0x6d,0x61,0x67,0x65,0x18,0x00,0x20,0x40,0x30,0x0d,0x22,0x0f,0x08,
  0x00,0x12,0x04,0x30,0x30,0x30,0x30,0x18,0x80,0x02,0x20,0x40,0x48,0x20,0x22,0x26,0x08,0x05,0x12,0x1c,
  0x6d,0x5f,0x69,0x4d,0x61,0x74,0x63,0x68,0x53,0x74,0x61,0x74,0x73,0x5f,0x45,0x71,0x75,0x69,0x70,0x6d,
  0x65,0x6e,0x74,0x56,0x61,0x6c,0x75,0x65,0x18,0x00,0x20,0x40,0x30,0x0d,0x22,0x0f,0x08,0x00,0x12,0x04,
  0x30,0x30,0x30,0x30,0x18,0x80,0x02,0x20,0x40,0x48,0x20,0x22,0x22,0x08,0x05,0x12,0x18,0x6d,0x5f,0x69,
  0x4d,0x61,0x74,0x63,0x68,0x53,0x74,0x61,0x74,0x73,0x5f,0x4d,0x6f,0x6e,0x65,0x79,0x53,0x61,0x76,0x65,
  0x64,0x18,0x00,0x20,0x40,0x30,0x0d,0x22,0x0f,0x08,0x00,0x12,0x04,0x30,0x30,0x30,0x30,0x18,0x80,0x02,
  0x20,0x40,0x48,0x20,0x22,0x22,0x08,0x05,0x12,0x18,0x6d,0x5f,0x69,0x4d,0x61,0x74,0x63,0x68,0x53,0x74,
  0x61,0x74,0x73,0x5f,0x4b,0x69,0x6c,0x6c,0x52,0x65,0x77,0x61,0x72,0x64,0x18,0x00,0x20,0x40,0x30,0x0d,
  0x22,0x0f,0x08,0x00,0x12,0x04,0x30,0x30,0x30,0x30,0x18,0x80,0x02,0x20,0x40,0x48,0x20,0x22,0x20,0x08,
  0x05,0x12,0x16,0x6d,0x5f,0x69,0x4d,0x61,0x74,0x63,0x68,0x53,0x74,0x61,0x74,0x73,0x5f,0x4c,0x69,0x76,
  0x65,0x54,0x69,0x6d,0x65,0x18,0x00,0x20,0x40,0x30,0x0d,0x22,0x0f,0x08,0x00,0x12,0x04,0x30,0x30,0x30,
  0x30,0x18,0x80,0x02,0x20,0x40,0x48,0x20,0x22,0x1e,0x08,0x05,0x12,0x14,0x6d,0x5f,0x69,0x4d,0x61,0x74,
  0x63,0x68,0x53,0x74,0x61,0x74,0x73,0x5f,0x44,0x65,0x61,0x74,0x68,0x73,0x18,0x00,0x20,0x40,0x30,0x0d,
  0x22,0x0f,0x08,0x00,0x12,0x04,0x30,0x30,0x30,0x30,0x18,0x80,0x02,0x20,0x40,0x48,0x20,0x22,0x1f,0x08,
  0x05,0x12,0x15,0x6d,0x5f,0x69,0x4d,0x61,0x74,0x63,0x68,0x53,0x74,0x61,0x74,0x73,0x5f,0x41,0x73,0x73,
  0x69,0x73,0x74,0x73,0x18,0x00,0x20,0x40,0x30,0x0d,0x22,0x0f,0x08,0x00,0x12,0x04,0x30,0x30,0x30,0x30,
  0x18,0x80,0x02,0x20,0x40,0x48,0x20,0x22,0x25,0x08,0x05,0x12,0x1b,0x6d,0x5f,0x69,0x4d,0x61,0x74,0x63,
  0x68,0x53,0x74,0x61,0x74,0x73,0x5f,0x48,0x65,0x61,0x64,0x53,0x68,0x6f,0x74,0x4b,0x69,0x6c,0x6c,0x73,
  0x18,0x00,0x20,0x40,0x30,0x0d,0x22,0x0f,0x08,0x00,0x12,0x04,0x30,0x30,0x30,0x30,0x18,0x80,0x02,0x20,
  0x40,0x48,0x20,0x22,0x21,0x08,0x05,0x12,0x17,0x6d,0x5f,0x69,0x4d,0x61,0x74,0x63,0x68,0x53,0x74,0x61,
  0x74,0x73,0x5f,0x4f,0x62,0x6a,0x65,0x63,0x74,0x69,0x76,0x65,0x18,0x00,0x20,0x40,0x30,0x0d,0x22,0x0f,
  0x08,0x00,0x12,0x04,0x30,0x30,0x30,0x30,0x18,0x80,0x02,0x20,0x40,0x48,0x20,0x22,0x22,0x08,0x05,0x12,
  0x18,0x6d,0x5f,0x69,0x4d,0x61,0x74,0x63,0x68,0x53,0x74,0x61,0x74,0x73,0x5f,0x43,0x61,0x73,0x68,0x45,
  0x61,0x72,0x6e,0x65,0x64,0x18,0x00,0x20,0x40,0x30,0x0d,0x22,0x0f,0x08,0x00,0x12,0x04,0x30,0x30,0x30,
  0x30,0x18,0x80,0x02,0x20,0x40,0x48,0x20,0x22,0x25,0x08,0x05,0x12,0x1b,0x6d,0x5f,0x69,0x4d,0x61,0x74,
  0x63,0x68,0x53,0x74,0x61,0x74,0x73,0x5f,0x55,0x74,0x69,0x6c,0x69,0x74,0x79,0x44,0x61,0x6d,0x61,0x67,
  0x65,0x18,0x00,0x20,0x40,0x30,0x0d,0x22,0x0f,0x08,0x00,0x12,0x04,0x30,0x30,0x30,0x30,0x18,0x80,0x02,
  0x20,0x40,0x48,0x20,0x22,0x26,0x08,0x05,0x12,0x1c,0x6d,0x5f,0x69,0x4d,0x61,0x74,0x63,0x68,0x53,0x74,
  0x61,0x74,0x73,0x5f,0x45,0x6e,0x65,0x6d,0x69,0x65,0x73,0x46,0x6c,0x61,0x73,0x68,0x65,0x64,0x18,0x00,
  0x20,0x40,0x30,0x0d,0x22,0x0f,0x08,0x00,0x12,0x04,0x30,0x30,0x30,0x30,0x18,0x80,0x02,0x20,0x40,0x48,
  0x20,0x22,0x10,0x08,0x05,0x12,0x06,0x6d,0x5f,0x72,0x61,0x6e,0x6b,0x18,0x00,0x20,0x40,0x30,0x1c,0x22,
  0x15,0x08,0x00,0x12,0x0b,0x6d,0x5f,0x75,0x6e,0x4d,0x75,0x73,0x69,0x63,0x49,0x44,0x18,0x00,0x20,0x40,
  0x48,0x20,0x22,0x16,0x08,0x00,0x12,0x0c,0x6d,0x5f,0x62,0x48,0x61,0x73,0x48,0x65,0x6c,0x6d,0x65,0x74,
  0x18,0x00,0x20,0x40,0x48,0x20,0x22,0x1a,0x08,0x00,0x12,0x10,0x6d,0x5f,0x62,0x48,0x61,0x73,0x48,0x65,
  0x61,0x76,0x79,0x41,0x72,0x6d,0x6f,0x72,0x18,0x00,0x20,0x40,0x48,0x20,0x22,0x1b,0x08,0x01,0x12,0x11,
  0x6d,0x5f,0x66,0x6c,0x46,0x6c,0x61,0x73,0x68,0x44,0x75,0x72,0x61,0x74,0x69,0x6f,0x6e,0x18,0x04,0x20,
  0x40,0x48,0x20,0x22,0x1b,0x08,0x01,0x12,0x11,0x6d,0x5f,0x66,0x6c,0x46,0x6c,0x61,0x73,0x68,0x4d,0x61,
  0x78,0x41,0x6c,0x70,0x68,0x61,0x18,0x04,0x20,0x40,0x48,0x20,0x22,0x20,0x08,0x00,0x12,0x16,0x6d,0x5f,
  0x69,0x50,0x72,0x6f,0x67,0x72,0x65,0x73,0x73,0x42,0x61,0x72,0x44,0x75,0x72,0x61,0x74,0x69,0x6f,0x6e,
  0x18,0x00,0x20,0x40,0x48,0x20,0x22,0x22,0x08,0x01,0x12,0x18,0x6d,0x5f,0x66,0x6c,0x50,0x72,0x6f,0x67,
  0x72,0x65,0x73,0x73,0x42,0x61,0x72,0x53,0x74,0x61,0x72,0x74,0x54,0x69,0x6d,0x65,0x18,0x04,0x20,0x40,
  0x48,0x20,0x22,0x14,0x08,0x00,0x12,0x0a,0x6d,0x5f,0x68,0x52,0x61,0x67,0x64,0x6f,0x6c,0x6c,0x18,0x00,
  0x20,0x40,0x48,0x20,0x22,0x16,0x08,0x00,0x12,0x0c,0x6d,0x5f,0x63,0x79,0x63,0x6c,0x65,0x4c,0x61,0x74,
  0x63,0x68,0x18,0x00,0x20,0x40,0x48,0x20,0x22,0x23,0x08,0x00,0x12,0x19,0x6d,0x5f,0x75,0x6e,0x43,0x75,
  0x72,0x72,0x65,0x6e,0x74,0x45,0x71,0x75,0x69,0x70,0x6d,0x65,0x6e,0x74,0x56,0x61,0x6c,0x75,0x65,0x18,
  0x00,0x20,0x40,0x48,0x20,0x22,0x26,0x08,0x00,0x12,0x1c,0x6d,0x5f,0x75,0x6e,0x52,0x6f,0x75,0x6e,0x64,
  0x53,0x74,0x61,0x72,0x74,0x45,0x71,0x75,0x69,0x70,0x6d,0x65,0x6e,0x74,0x56,0x61,0x6c,0x75,0x65,0x18,
  0x00,0x20,0x40,0x48,0x20,0x22,0x29,0x08,0x00,0x12,0x1f,0x6d,0x5f,0x75,0x6e,0x46,0x72,0x65,0x65,0x7a,
  0x65,0x74,0x69,0x6d,0x65,0x45,0x6e,0x64,0x45,0x71,0x75,0x69,0x70,0x6d,0x65,0x6e,0x74,0x56,0x61,0x6c,
  0x75,0x65,0x18,0x00,0x20,0x40,0x48,0x20,0x22,0x1d,0x08,0x00,0x12,0x13,0x6d,0x5f,0x62,0x49,0x73,0x43,
  0x6f,0x6e,0x74,0x72,0x6f,0x6c,0x6c,0x69,0x6e,0x67,0x42,0x6f,0x74,0x18,0x00,0x20,0x40,0x48,0x20,0x22,
  0x26,0x08,0x00,0x12,0x1c,0x6d,0x5f,0x62,0x48,0x61,0x73,0x43,0x6f,0x6e,0x74,0x72,0x6f,0x6c,0x6c,0x65,
  0x64,0x42,0x6f,0x74,0x54,0x68,0x69,0x73,0x52,0x6f,0x75,0x6e,0x64,0x18,0x00,0x20,0x40,0x48,0x20,0x22,
  0x22,0x08,0x00,0x12,0x18,0x6d,0x5f,0x62,0x43,0x61,0x6e,0x43,0x6f,0x6e,0x74,0x72,0x6f,0x6c,0x4f,0x62,
  0x73,0x65,0x72,0x76,0x65,0x64,0x42,0x6f,0x74,0x18,0x00,0x20,0x40,0x48,0x20,0x22,0x22,0x08,0x00,0x12,
  0x18,0x6d,0x5f,0x69,0x43,0x6f,0x6e,0x74,0x72,0x6f,0x6c,0x6c,0x65,0x64,0x42,0x6f,0x74,0x45,0x6e,0x74,
  0x49,0x6e,0x64,0x65,0x78,0x18,0x00,0x20,0x40,0x48,0x20,0x22,0x22,0x08,0x00,0x12,0x18,0x6d,0x5f,0x62,
  0x49,0x73,0x41,0x73,0x73,0x61,0x73,0x73,0x69,0x6e,0x61,0x74,0x69,0x6f,0x6e,0x54,0x61,0x72,0x67,0x65,
  0x74,0x18,0x00,0x20,0x40,0x48,0x20,0x22,0x20,0x08,0x00,0x12,0x16,0x6d,0x5f,0x62,0x48,0x75,0x64,0x5f,
  0x4d,0x69,0x6e,0x69,0x53,0x63,0x6f,0x72,0x65,0x48,0x69,0x64,0x64,0x65,0x6e,0x18,0x00,0x20,0x40,0x48,
  0x20,0x22,0x1c,0x08,0x00,0x12,0x12,0x6d,0x5f,0x62,0x48,0x75,0x64,0x5f,0x52,0x61,0x64,0x61,0x72,0x48,
  0x69,0x64,0x64,0x65,0x6e,0x18,0x00,0x20,0x40,0x48,0x20,0x22,0x1c,0x08,0x00,0x12,0x12,0x6d,0x5f,0x6e,
  0x4c,0x61,0x73,0x74,0x4b,0x69,0x6c,0x6c,0x65,0x72,0x49,0x6e,0x64,0x65,0x78,0x18,0x00,0x20,0x40,0x48,
  0x20,0x22,0x21,0x08,0x00,0x12,0x17,0x6d,0x5f,0x6e,0x4c,0x61,0x73,0x74,0x43,0x6f,0x6e,0x63,0x75,0x72,
  0x72,0x65,0x6e,0x74,0x4b,0x69,0x6c,0x6c,0x65,0x64,0x18,0x00,0x20,0x40,0x48,0x20,0x22,0x1a,0x08,0x00,
  0x12,0x10,0x6d,0x5f,0x6e,0x44,0x65,0x61,0x74,0x68,0x43,0x61,0x6d,0x4d,0x75,0x73,0x69,0x63,0x18,0x00,
  0x20,0x40,0x48,0x20,0x22,0x22,0x08,0x00,0x12,0x18,0x6d,0x5f,0x62,0x49,0x73,0x48,0x6f,0x6c,0x64,0x69,
  0x6e,0x67,0x4c,0x6f,0x6f,0x6b,0x41,0x74,0x57,0x65,0x61,0x70,0x6f,0x6e,0x18,0x00,0x20,0x40,0x48,0x20,
  0x22,0x1e,0x08,0x00,0x12,0x14,0x6d,0x5f,0x62,0x49,0x73,0x4c,0x6f,0x6f,0x6b,0x69,0x6e,0x67,0x41,0x74,
  0x57,0x65,0x61,0x70,0x6f,0x6e,0x18,0x00,0x20,0x40,0x48,0x20,0x22,0x23,0x08,0x00,0x12,0x19,0x6d,0x5f,
  0x69,0x4e,0x75,0x6d,0x52,0x6f,0x75,0x6e,0x64,0x4b,0x69,0x6c,0x6c,0x73,0x48,0x65,0x61,0x64,0x73,0x68,
  0x6f,0x74,0x73,0x18,0x00,0x20,0x40,0x48,0x20,0x22,0x20,0x08,0x01,0x12,0x16,0x6d,0x5f,0x66,0x6c,0x4c,
  0x6f,0x77,0x65,0x72,0x42,0x6f,0x64,0x79,0x59,0x61,0x77,0x54,0x61,0x72,0x67,0x65,0x74,0x18,0x04,0x20,
  0x40,0x48,0x20,0x22,0x15,0x08,0x00,0x12,0x0b,0x6d,0x5f,0x62,0x53,0x74,0x72,0x61,0x66,0x69,0x6e,0x67,
  0x18,0x00,0x20,0x40,0x48,0x20,0x22,0x1f,0x08,0x01,0x12,0x15,0x6d,0x5f,0x66,0x6c,0x54,0x68,0x69,0x72,
  0x64,0x70,0x65,0x72,0x73,0x6f,0x6e,0x52,0x65,0x63,0x6f,0x69,0x6c,0x18,0x04,0x20,0x40,0x48,0x20,0x09,
  0x9d,0x1a,0x08,0x01,0x12,0x1c,0x44,0x54,0x5f,0x43,0x53,0x4e,0x6f,0x6e,0x4c,0x6f,0x63,0x61,0x6c,0x50,
  0x6c,0x61,0x79,0x65,0x72,0x45,0x78,0x63,0x6c,0x75,0x73,0x69,0x76,0x65,0x18,0x00,0x22,0x15,0x08,0x03,
  0x12,0x0b,0x6d,0x5f,0x76,0x65,0x63,0x4f,0x72,0x69,0x67,0x69,0x6e,0x18,0x04,0x20,0x40,0x48,0x00,0x22,
  0x18,0x08,0x01,0x12,0x0e,0x6d,0x5f,0x76,0x65,0x63,0x4f,0x72,0x69,0x67,0x69,0x6e,0x5b,0x32,0x5d,0x18,
  0x04,0x20,0x40,0x48,0x20,0x22,0x1d,0x08,0x06,0x12,0x0a,0x63,0x73,0x74,0x65,0x61,0x6d,0x64,0x61,0x74,
  0x61,0x18,0x00,0x20,0x40,0x2a,0x09,0x44,0x54,0x5f,0x43,0x53,0x54,0x65,0x61,0x6d,0x22,0x0f,0x08,0x00,
  0x12,0x04,0x30,0x30,0x30,0x30,0x18,0x80,0x02,0x20,0x40,0x48,0x20,0x22,0x25,0x08,0x05,0x12,0x1b,0x6d,
  0x5f,0x69,0x57,0x65,0x61,0x70,0x6f,0x6e,0x50,0x75,0x72,0x63,0x68,0x61,0x73,0x65,0x73,0x54,0x68,0x69,
  0x73,0x4d,0x61,0x74,0x63,0x68,0x18,0x00,0x20,0x40,0x30,0x0d,0x22,0x0f,0x08,0x00,0x12,0x04,0x30,0x30,
  0x30,0x30,0x18,0x80,0x02,0x20,0x40,0x48,0x20,0x22,0x29,0x08,0x05,0x12,0x1f,0x6d,0x5f,0x45,0x71,0x75,
  0x69,0x70,0x70,0x65,0x64,0x4c,0x6f,0x61,0x64,0x6f,0x75,0x74,0x49,0x74,0x65,0x6d,0x44,0x65,0x66,0x49,
  0x6e,0x64,0x69,0x63,0x65,0x73,0x18,0x00,0x20,0x40,0x30,0x40,0x22,0x1b,0x08,0x01,0x12,0x11,0x6d,0x5f,
  0x61,0x6e,0x67,0x45,0x79,0x65,0x41,0x6e,0x67,0x6c,0x65,0x73,0x5b,0x30,0x5d,0x18,0x04,0x20,0x40,0x48,
  0x20,0x22,0x1b,0x08,0x01,0x12,0x11,0x6d,0x5f,0x61,0x6e,0x67,0x45,0x79,0x65,0x41,0x6e,0x67,0x6c,0x65,
  0x73,0x5b,0x31,0x5d,0x18,0x04,0x20,0x40,0x48,0x20,0x22,0x16,0x08,0x00,0x12,0x0c,0x6d,0x5f,0x69,0x41,
  0x64,0x64,0x6f,0x6e,0x42,0x69,0x74,0x73,0x18,0x00,0x20,0x40,0x48,0x20,0x22,0x19,0x08,0x00,0x12,0x0f,
  0x6d,0x5f,0x69,0x50,0x72,0x69,0x6d,0x61,0x72,0x79,0x41,0x64,0x64,0x6f,0x6e,0x18,0x00,0x20,0x40,0x48,
  0x20,0x22,0x1b,0x08,0x00,0x12,0x11,0x6d,0x5f,0x69,0x53,0x65,0x63,0x6f,0x6e,0x64,0x61,0x72,0x79,0x41,
  0x64,0x64,0x6f,0x6e,0x18,0x00,0x20,0x40,0x48,0x20,0x22,0x20,0x08,0x00,0x12,0x16,0x6d,0x5f,0x69,0x54,
  0x68,0x72,0x6f,0x77,0x47,0x72,0x65,0x6e,0x61,0x64,0x65,0x43,0x6f,0x75,0x6e,0x74,0x65,0x72,0x18,0x00,
  0x20,0x40,0x48,0x20,0x22,0x1c,0x08,0x00,0x12,0x12,0x6d,0x5f,0x62,0x57,0x61,0x69,0x74,0x46,0x6f,0x72,
  0x4e,0x6f,0x41,0x74,0x74,0x61,0x63,0x6b,0x18,0x00,0x20,0x40,0x48,0x20,0x22,0x23,0x08,0x00,0x12,0x19,
  0x6d,0x5f,0x62,0x49,0x73,0x52,0x65,0x73,0x70,0x61,0x77,0x6e,0x69,0x6e,0x67,0x46,0x6f,0x72,0x44,0x4d,
  0x42,0x6f,0x6e,0x75,0x73,0x18,0x00,0x20,0x40,0x48,0x20,0x22,0x18,0x08,0x00,0x12,0x0e,0x6d,0x5f,0x69,
  0x50,0x6c,0x61,0x79,0x65,0x72,0x53,0x74,0x61,0x74,0x65,0x18,0x00,0x20,0x40,0x48,0x20,0x22,0x14,0x08,
  0x00,0x12,0x0a,0x6d,0x5f,0x69,0x41,0x63,0x63,0x6f,0x75,0x6e,0x74,0x18,0x00,0x20,0x40,0x48,0x20,0x22,
  0x19,0x08,0x00,0x12,0x0f,0x6d,0x5f,0x69,0x53,0x74,0x61,0x72,0x74,0x41,0x63,0x63,0x6f,0x75,0x6e,0x74,
  0x18,0x00,0x20,0x40,0x48,0x20,0x22,0x1d,0x08,0x00,0x12,0x13,0x6d,0x5f,0x74,0x6f,0x74,0x61,0x6c,0x48,
  0x69,0x74,0x73,0x4f,0x6e,0x53,0x65,0x72,0x76,0x65,0x72,0x18,0x00,0x20,0x40,0x48,0x20,0x22,0x17,0x08,
  0x00,0x12,0x0d,0x6d,0x5f,0x62,0x49,0x6e,0x42,0x6f,0x6d,0x62,0x5a,0x6f,0x6e,0x65,0x18,0x00,0x20,0x40,
  0x48,0x20,0x22,0x16,0x08,0x00,0x12,0x0c,0x6d,0x5f,0x62,0x49,0x6e,0x42,0x75,0x79,0x5a,0x6f,0x6e,0x65,
  0x18,0x00,0x20,0x40,0x48,0x20,0x22,0x1b,0x08,0x00,0x12,0x11,0x6d,0x5f,0x62,0x49,0x6e,0x4e,0x6f,0x44,
  0x65,0x66,0x75,0x73,0x65,0x41,0x72,0x65,0x61,0x18,0x00,0x20,0x40,0x48,0x20,0x22,0x1a,0x08,0x00,0x12,
  0x10,0x6d,0x5f,0x62,0x4b,0x69,0x6c,0x6c,0x65,0x64,0x42,0x79,0x54,0x61,0x73,0x65,0x72,0x18,0x00,0x20,
  0x40,0x48,0x20,0x22,0x16,0x08,0x00,0x12,0x0c,0x6d,0x5f,0x69,0x4d,0x6f,0x76,0x65,0x53,0x74,0x61,0x74,
  0x65,0x18,0x00,0x20,0x40,0x48,0x20,0x22,0x12,0x08,0x00,0x12,0x08,0x6d,0x5f,0x69,0x43,0x6c,0x61,0x73,
  0x73,0x18,0x00,0x20,0x40,0x48,0x20,0x22,0x16,0x08,0x00,0x12,0x0c,0x6d,0x5f,0x41,0x72,0x6d,0x6f,0x72,
  0x56,0x61,0x6c,0x75,0x65,0x18,0x00,0x20,0x40,0x48,0x20,0x22,0x18,0x08,0x02,0x12,0x0e,0x6d,0x5f,0x61,
  0x6e,0x67,0x45,0x79,0x65,0x41,0x6e,0x67,0x6c,0x65,0x73,0x18,0x04,0x20,0x40,0x48,0x00,0x22,0x17,0x08,
  0x00,0x12,0x0d,0x6d,0x5f,0x62,0x48,0x61,0x73,0x44,0x65,0x66,0x75,0x73,0x65,0x72,0x18,0x00,0x20,0x40,
  0x48,0x20,0x22,0x1a,0x08,0x00,0x12,0x10,0x6d,0x5f,0x62,0x4e,0x69,0x67,0x68,0x74,0x56,0x69,0x73,0x69,
  0x6f,0x6e,0x4f,0x6e,0x18,0x00,0x20,0x40,0x48,0x20,0x22,0x1b,0x08,0x00,0x12,0x11,0x6d,0x5f,0x62,0x48,
  0x61,0x73,0x4e,0x69,0x67,0x68,0x74,0x56,0x69,0x73,0x69,0x6f,0x6e,0x18,0x00,0x20,0x40,0x48,0x20,0x22,
  0x20,0x08,0x00,0x12,0x16,0x6d,0x5f,0x62,0x49,0x6e,0x48,0x6f,0x73,0x74,0x61,0x67,0x65,0x52,0x65,0x73,
  0x63,0x75,0x65,0x5a,0x6f,0x6e,0x65,0x18,0x00,0x20,0x40,0x48,0x20,0x22,0x17,0x08,0x00,0x12,0x0d,0x6d,
  0x5f,0x62,0x49,0x73,0x44,0x65,0x66,0x75,0x73,0x69,0x6e,0x67,0x18,0x00,0x20,0x40,0x48,0x20,0x22,0x1e,
  0x08,0x00,0x12,0x14,0x6d,0x5f,0x62,0x49,0x73,0x47,0x72,0x61,0x62,0x62,0x69,0x6e,0x67,0x48,0x6f,0x73,
  0x74,0x61,0x67,0x65,0x18,0x00,0x20,0x40,0x48,0x20,0x22,0x15,0x08,0x00,0x12,0x0b,0x6d,0x5f,0x62,0x49,
  0x73,0x53,0x63,0x6f,0x70,0x65,0x64,0x18,0x00,0x20,0x40,0x48,0x20,0x22,0x16,0x08,0x00,0x12,0x0c,0x6d,
  0x5f,0x62,0x49,0x73,0x57,0x61,0x6c,0x6b,0x69,0x6e,0x67,0x18,0x00,0x20,0x40,0x48,0x20,0x22,0x17,0x08,
  0x00,0x12,0x0d,0x6d,0x5f,0x62,0x52,0x65,0x73,0x75,0x6d,0x65,0x5a,0x6f,0x6f,0x6d,0x18,0x00,0x20,0x40,
  0x48,0x20,0x22,0x26,0x08,0x01,0x12,0x1c,0x6d,0x5f,0x66,0x49,0x6d,0x6d,0x75,0x6e,0x65,0x54,0x6f,0x47,
  0x75,0x6e,0x47,0x61,0x6d,0x65,0x44,0x61,0x6d,0x61,0x67,0x65,0x54,0x69,0x6d,0x65,0x18,0x04,0x20,0x40,
  0x48,0x20,0x22,0x1c,0x08,0x00,0x12,0x12,0x6d,0x5f,0x62,0x47,0x75,0x6e,0x47,0x61,0x6d,0x65,0x49,0x6d,
  0x6d,0x75,0x6e,0x69,0x74,0x79,0x18,0x00,0x20,0x40,0x48,0x20,0x22,0x1f,0x08,0x00,0x12,0x15,0x6d,0x5f,
  0x62,0x48,0x61,0x73,0x4d,0x6f,0x76,0x65,0x64,0x53,0x69,0x6e,0x63,0x65,0x53,0x70,0x61,0x77,0x6e,0x18,
  0x00,0x20,0x40,0x48,0x20,0x22,0x2c,0x08,0x00,0x12,0x22,0x6d,0x5f,0x62,0x4d,0x61,0x64,0x65,0x46,0x69,
  0x6e,0x61,0x6c,0x47,0x75,0x6e,0x47,0x61,0x6d,0x65,0x50,0x72,0x6f,0x67,0x72,0x65,0x73,0x73,0x69,0x76,
  0x65,0x4b,0x69,0x6c,0x6c,0x18,0x00,0x20,0x40,0x48,0x20,0x22,0x2a,0x08,0x00,0x12,0x20,0x6d,0x5f,0x69,
  0x47,0x75,0x6e,0x47,0x61,0x6d,0x65,0x50,0x72,0x6f,0x67,0x72,0x65,0x73,0x73,0x69,0x76,0x65,0x57,0x65,
  0x61,0x70,0x6f,0x6e,0x49,0x6e,0x64,0x65,0x78,0x18,0x00,0x20,0x40,0x48,0x20,0x22,0x23,0x08,0x00,0x12,
  0x19,0x6d,0x5f,0x69,0x4e,0x75,0x6d,0x47,0x75,0x6e,0x47,0x61,0x6d,0x65,0x54,0x52,0x4b,0x69,0x6c,0x6c,
  0x50,0x6f,0x69,0x6e,0x74,0x73,0x18,0x00,0x20,0x40,0x48,0x20,0x22,0x2d,0x08,0x00,0x12,0x23,0x6d,0x5f,
  0x69,0x4e,0x75,0x6d,0x47,0x75,0x6e,0x47,0x61,0x6d,0x65,0x4b,0x69,0x6c,0x6c,0x73,0x57,0x69,0x74,0x68,
  0x43,0x75,0x72,0x72,0x65,0x6e,0x74,0x57,0x65,0x61,0x70,0x6f,0x6e,0x18,0x00,0x20,0x40,0x48,0x20,0x22,
  0x1a,0x08,0x00,0x12,0x10,0x6d,0x5f,0x69,0x4e,0x75,0x6d,0x52,0x6f,0x75,0x6e,0x64,0x4b,0x69,0x6c,0x6c,
  0x73,0x18,0x00,0x20,0x40,0x48,0x20,0x22,0x1b,0x08,0x01,0x12,0x11,0x6d,0x5f,0x66,0x4d,0x6f,0x6c,0x6f,
  0x74,0x6f,0x76,0x55,0x73,0x65,0x54,0x69,0x6d,0x65,0x18,0x04,0x20,0x40,0x48,0x20,0x22,0x1e,0x08,0x01,
  0x12,0x14,0x6d,0x5f,0x66,0x4d,0x6f,0x6c,0x6f,0x74,0x6f,0x76,0x44,0x61,0x6d,0x61,0x67,0x65,0x54,0x69,
  0x6d,0x65,0x18,0x04,0x20,0x40,0x48,0x20,0x22,0x17,0x08,0x04,0x12,0x0d,0x6d,0x5f,0x73,0x7a,0x41,0x72,
  0x6d,0x73,0x4d,0x6f,0x64,0x65,0x6c,0x18,0x00,0x20,0x40,0x48,0x00,0x22,0x1b,0x08,0x00,0x12,0x11,0x6d,
  0x5f,0x68,0x43,0x61,0x72,0x72,0x69,0x65,0x64,0x48,0x6f,0x73,0x74,0x61,0x67,0x65,0x18,0x00,0x20,0x40,
  0x48,0x20,0x22,0x1f,0x08,0x00,0x12,0x15,0x6d,0x5f,0x68,0x43,0x61,0x72,0x72,0x69,0x65,0x64,0x48,0x6f,
  0x73,0x74,0x61,0x67,0x65,0x50,0x72,0x6f,0x70,0x18,0x00,0x20,0x40,0x48,0x20,0x22,0x17,0x08,0x00,0x12,
  0x0d,0x6d,0x5f,0x62,0x49,0x73,0x52,0x65,0x73,0x63,0x75,0x69,0x6e,0x67,0x18,0x00,0x20,0x40,0x48,0x20,
  0x22,0x2b,0x08,0x01,0x12,0x21,0x6d,0x5f,0x66,0x6c,0x47,0x72,0x6f,0x75,0x6e,0x64,0x41,0x63,0x63,0x65,
  0x6c,0x4c,0x69,0x6e,0x65,0x61,0x72,0x46,0x72,0x61,0x63,0x4c,0x61,0x73,0x74,0x54,0x69,0x6d,0x65,0x18,
  0x04,0x20,0x40,0x48,0x20,0x22,0x26,0x08,0x00,0x12,0x1c,0x6d,0x5f,0x62,0x43,0x61,0x6e,0x4d,0x6f,0x76,
  0x65,0x44,0x75,0x72,0x69,0x6e,0x67,0x46,0x72,0x65,0x65,0x7a,0x65,0x50,0x65,0x72,0x69,0x6f,0x64,0x18,
  0x00,0x20,0x40,0x48,0x20,0x22,0x22,0x08,0x00,0x12,0x18,0x6d,0x5f,0x69,0x73,0x43,0x75,0x72,0x72,0x65,
  0x6e,0x74,0x47,0x75,0x6e,0x47,0x61,0x6d,0x65,0x4c,0x65,0x61,0x64,0x65,0x72,0x18,0x00,0x20,0x40,0x48,
  0x20,0x22,0x26,0x08,0x00,0x12,0x1c,0x6d,0x5f,0x69,0x73,0x43,0x75,0x72,0x72,0x65,0x6e,0x74,0x47,0x75,
  0x6e,0x47,0x61,0x6d,0x65,0x54,0x65,0x61,0x6d,0x4c,0x65,0x61,0x64,0x65,0x72,0x18,0x00,0x20,0x40,0x48,
  0x20,0x22,0x24,0x08,0x01,0x12,0x1a,0x6d,0x5f,0x66,0x6c,0x47,0x75,0x61,0x72,0x64,0x69,0x61,0x6e,0x54,
  0x6f,0x6f,0x46,0x61,0x72,0x44,0x69,0x73,0x74,0x46,0x72,0x61,0x63,0x18,0x04,0x20,0x40,0x48,0x20,0x22,
  0x27,0x08,0x01,0x12,0x1d,0x6d,0x5f,0x66,0x6c,0x44,0x65,0x74,0x65,0x63,0x74,0x65,0x64,0x42,0x79,0x45,
  0x6e,0x65,0x6d,0x79,0x53,0x65,0x6e,0x73,0x6f,0x72,0x54,0x69,0x6d,0x65,0x18,0x04,0x20,0x40,0x48,0x20,
  0x22,0x0f,0x08,0x00,0x12,0x04,0x30,0x30,0x30,0x30,0x18,0x80,0x02,0x20,0x40,0x48,0x20,0x22,0x1d,0x08,
  0x05,0x12,0x13,0x6d,0x5f,0x69,0x4d,0x61,0x74,0x63,0x68,0x53,0x74,0x61,0x74,0x73,0x5f,0x4b,0x69,0x6c,
  0x6c,0x73,0x18,0x00,0x20,0x40,0x30,0x0d,0x22,0x0f,0x08,0x00,0x12,0x04,0x30,0x30,0x30,0x30,0x18,0x80,
  0x02,0x20,0x40,0x48,0x20,0x22,0x1e,0x08,0x05,0x12,0x14,0x6d,0x5f,0x69,0x4d,0x61,0x74,0x63,0x68,0x53,
  0x74,0x61,0x74,0x73,0x5f,0x44,0x61,0x6d,0x61,0x67,0x65,0x18,0x00,0x20,0x40,0x30,0x0d,0x22,0x0f,0x08,
  0x00,0x12,0x04,0x30,0x30,0x30,0x30,0x18,0x80,0x02,0x20,0x40,0x48,0x20,0x22,0x26,0x08,0x05,0x12,0x1c,
  0x6d,0x5f,0x69,0x4d,0x61,0x74,0x63,0x68,0x53,0x74,0x61,0x74,0x73,0x5f,0x45,0x71,0x75,0x69,0x70,0x6d,
  0x65,0x6e,0x74,0x56,0x61,0x6c,0x75,0x65,0x18,0x00,0x20,0x40,0x30,0x0d,0x22,0x0f,0x08,0x00,0x12,0x04,
  0x30,0x30,0x30,0x30,0x18,0x80,0x02,0x20,0x40,0x48,0x20,0x22,0x22,0x08,0x05,0x12,0x18,0x6d,0x5f,0x69,
  0x4d,0x61,0x74,0x63,0x68,0x53,0x74,0x61,0x74,0x73,0x5f,0x4d,0x6f,0x6e,0x65,0x79,0x53,0x61,0x76,0x65,
  0x64,0x18,0x00,0x20,0x40,0x30,0x0d,0x22,0x0f,0x08,0x00,0x12,0x04,0x30,0x30,0x30,0x30,0x18,0x80,0x02,
  0x20,0x40,0x48,0x20,0x22,0x22,0x08,0x05,0x12,0x18,0x6d,0x5f,0x69,0x4d,0x61,0x74,0x63,0x68,0x53,0x74,
  0x61,0x74,0x73,0x5f,0x4b,0x69,0x6c,0x6c,0x52,0x65,0x77,0x61,0x72,0x64,0x18,0x00,0x20,0x40,0x30,0x0d,
  0x22,0x0f,0x08,0x00,0x12,0x04,0x30,0x30,0x30,0x30,0x18,0x80,0x02,0x20,0x40,0x48,0x20,0x22,0x20,0x08,
  0x05,0x12,0x16,0x6d,0x5f,0x69,0x4d,0x61,0x74,0x63,0x68,0x53,0x74,0x61,0x74,0x73,0x5f,0x4c,0x69,0x76,
  0x65,0x54,0x69,0x6d,0x65,0x18,0x00,0x20,0x40,0x30,0x0d,0x22,0x0f,0x08,0x00,0x12,0x04,0x30,0x30,0x30,
  0x30,0x18,0x80,0x02,0x20,0x40,0x48,0x20,0x22,0x1e,0x08,0x05,0x12,0x14,0x6d,0x5f,0x69,0x4d,0x61,0x74,
  0x63,0x68,0x53,0x74,0x61,0x74,0x73,0x5f,0x44,0x65,0x61,0x74,0x68,0x73,0x18,0x00,0x20,0x40,0x30,0x0d,
  0x22,0x0f,0x08,0x00,0x12,0x04,0x30,0x30,0x30,0x30,0x18,0x80,0x02,0x20,0x40,0x48,0x20,0x22,0x1f,0x08,
  0x05,0x12,0x15,0x6d,0x5f,0x69,0x4d,0x61,0x74,0x63,0x68,0x53,0x74,0x61,0x74,0x73,0x5f,0x41,0x73,0x73,
  0x69,0x73,0x74,0x73,0x18,0x00,0x20,0x40,0x30,0x0d,0x22,0x0f,0x08,0x00,0x12,0x04,0x30,0x30,0x30,0x30,
  0x18,0x80,0x02,0x20,0x40,0x48,0x20,0x22,0x25,0x08,0x05,0x12,0x1b,0x6d,0x5f,0x69,0x4d,0x61,0x74,0x63,
  0x68,0x53,0x74,0x61,0x74,0x73,0x5f,0x48,0x65,0x61,0x64,0x53,0x68,0x6f,0x74,0x4b,0x69,0x6c,0x6c,0x73,
  0x18,0x00,0x20,0x40,0x30,0x0d,0x22,0x0f,0x08,0x00,0x12,0x04,0x30,0x30,0x30,0x30,0x18,0x80,0x02,0x20,
  0x40,0x48,0x20,0x22,0x21,0x08,0x05,0x12,0x17,0x6d,0x5f,0x69,0x4d,0x61,0x74,0x63,0x68,0x53,0x74,0x61,
  0x74,0x73,0x5f,0x4f,0x62,0x6a,0x65,0x63,0x74,0x69,0x76,0x65,0x18,0x00,0x20,0x40,0x30,0x0d,0x22,0x0f,
  0x08,0x00,0x12,0x04,0x30,0x30,0x30,0x30,0x18,0x80,0x02,0x20,0x40,0x48,0x20,0x22,0x22,0x08,0x05,0x12,
  0x18,0x6d,0x5f,0x69,0x4d,0x61,0x74,0x63,0x68,0x53,0x74,0x61,0x74,0x73,0x5f,0x43,0x61,0x73,0x68,0x45,
  0x61,0x72,0x6e,0x65,0x64,0x18,0x00,0x20,0x40,0x30,0x0d,0x22,0x0f,0x08,0x00,0x12,0x04,0x30,0x30,0x30,
  0x30,0x18,0x80,0x02,0x20,0x40,0x48,0x20,0x22,0x25,0x08,0x05,0x12,0x1b,0x6d,0x5f,0x69,0x4d,0x61,0x74,
  0x63,0x68,0x53,0x74,0x61,0x74,0x73,0x5f,0x55,0x74,0x69,0x6c,0x69,0x74,0x79,0x44,0x61,0x6d,0x61,0x67,
  0x65,0x18,0x00,0x20,0x40,0x30,0x0d,0x22,0x0f,0x08,0x00,0x12,0x04,0x30,0x30,0x30,0x30,0x18,0x80,0x02,
  0x20,0x40,0x48,0x20,0x22,0x26,0x08,0x05,0x12,0x1c,0x6d,0x5f,0x69,0x4d,0x61,0x74,0x63,0x68,0x53,0x74,
  0x61,0x74,0x73,0x5f,0x45,0x6e,0x65,0x6d,0x69,0x65,0x73,0x46,0x6c,0x61,0x73,0x68,0x65,0x64,0x18,0x00,
  0x20,0x40,0x30,0x0d,0x22,0x0f,0x08,0x00,0x12,0x04,0x30,0x30,0x30,0x30,0x18,0x80,0x02,0x20,0x40,0x48,
  0x20,0x22,0x10,0x08,0x05,0x12,0x06,0x6d,0x5f,0x72,0x61,0x6e,0x6b,0x18,0x00,0x20,0x40,0x30,0x1c,0x22,
  0x15,0x08,0x00,0x12,0x0b,0x6d,0x5f,0x75,0x6e,0x4d,0x75,0x73,0x69,0x63,0x49,0x44,0x18,0x00,0x20,0x40,
  0x48,0x20,0x22,0x16,0x08,0x00,0x12,0x0c,0x6d,0x5f,0x62,0x48,0x61,0x73,0x48,0x65,0x6c,0x6d,0x65,0x74,
  0x18,0x00,0x20,0x40,0x48,0x20,0x22,0x1a,0x08,0x00,0x12,0x10,0x6d,0x5f,0x62,0x48,0x61,0x73,0x48,0x65,
  0x61,0x76,0x79,0x41,0x72,0x6d,0x6f,0x72,0x18,0x00,0x20,0x40,0x48,0x20,0x22,0x1b,0x08,0x01,0x12,0x11,
  0x6d,0x5f,0x66,0x6c,0x46,0x6c,0x61,0x73,0x68,0x44,0x75,0x72,0x61,0x74,0x69,0x6f,0x6e,0x18,0x04,0x20,
  0x40,0x48,0x20,0x22,0x1b,0x08,0x01,0x12,0x11,0x6d,0x5f,0x66,0x6c,0x46,0x6c,0x61,0x73,0x68,0x4d,0x61,
  0x78,0x41,0x6c,0x70,0x68,0x61,0x18,0x04,0x20,0x40,0x48,0x20,0x22,0x20,0x08,0x00,0x12,0x16,0x6d,0x5f,
  0x69,0x50,0x72,0x6f,0x67,0x72,0x65,0x73,0x73,0x42,0x61,0x72,0x44,0x75,0x72,0x61,0x74,0x69,0x6f,0x6e,
  0x18,0x00,0x20,0x40,0x48,0x20,0x22,0x22,0x08,0x01,0x12,0x18,0x6d,0x5f,0x66,0x6c,0x50,0x72,0x6f,0x67,
  0x72,0x65,0x73,0x73,0x42,0x61,0x72,0x53,0x74,0x61,0x72,0x74,0x54,0x69,0x6d,0x65,0x18,0x04,0x20,0x40,
  0x48,0x20,0x22,0x14,0x08,0x00,0x12,0x0a,0x6d,0x5f,0x68,0x52,0x61,0x67,0x64,0x6f,0x6c,0x6c,0x18,0x00,
  0x20,0x40,0x48,0x20,0x22,0x16,0x08,0x00,0x12,0x0c,0x6d,0x5f,0x63,0x79,0x63,0x6c,0x65,0x4c,0x61,0x74,
  0x63,0x68,0x18,0x00,0x20,0x40,0x48,0x20,0x22,0x23,0x08,0x00,0x12,0x19,0x6d,0x5f,0x75,0x6e,0x43,0x75,
  0x72,0x72,0x65,0x6e,0x74,0x45,0x71,0x75,0x69,0x70,0x6d,0x65,0x6e,0x74,0x56,0x61,0x6c,0x75,0x65,0x18,
  0x00,0x20,0x40,0x48,0x20,0x22,0x26,0x08,0x00,0x12,0x1c,0x6d,0x5f,0x75,0x6e,0x52,0x6f,0x75,0x6e,0x64,
  0x53,0x74,0x61,0x72,0x74,0x45,0x71,0x75,0x69,0x70,0x6d,0x65,0x6e,0x74,0x56,0x61,0x6c,0x75,0x65,0x18,
  0x00,0x20,0x40,0x48,0x20,0x22,0x29,0x08,0x00,0x12,0x1f,0x6d,0x5f,0x75,0x6e,0x46,0x72,0x65,0x65,0x7a,
  0x65,0x74,0x69,0x6d,0x65,0x45,0x6e,0x64,0x45,0x71,0x75,0x69,0x70,0x6d,0x65,0x6e,0x74,0x56,0x61,0x6c,
  0x75,0x65,0x18,0x00,0x20,0x40,0x48,0x20,0x22,0x1d,0x08,0x00,0x12,0x13,0x6d,0x5f,0x62,0x49,0x73,0x43,
  0x6f,0x6e,0x74,0x72,0x6f,0x6c,0x6c,0x69,0x6e,0x67,0x42,0x6f,0x74,0x18,0x00,0x20,0x40,0x48,0x20,0x22,
  0x26,0x08,0x00,0x12,0x1c,0x6d,0x5f,0x62,0x48,0x61,0x73,0x43,0x6f,0x6e,0x74,0x72,0x6f,0x6c,0x6c,0x65,
  0x64,0x42,0x6f,0x74,0x54,0x68,0x69,0x73,0x52,0x6f,0x75,0x6e,0x64,0x18,0x00,0x20,0x40,0x48,0x20,0x22,
  0x22,0x08,0x00,0x12,0x18,0x6d,0x5f,0x62,0x43,0x61,0x6e,0x43,0x6f,0x6e,0x74,0x72,0x6f,0x6c,0x4f,0x62,
  0x73,0x65,0x72,0x76,0x65,0x64,0x42,0x6f,0x74,0x18,0x00,0x20,0x40,0x48,0x20,0x22,0x22,0x08,0x00,0x12,
  0x18,0x6d,0x5f,0x69,0x43,0x6f,0x6e,0x74,0x72,0x6f,0x6c,0x6c,0x65,0x64,0x42,0x6f,0x74,0x45,0x6e,0x74,
  0x49,0x6e,0x64,0x65,0x78,0x18,0x00,0x20,0x40,0x48,0x20,0x22,0x22,0x08,0x00,0x12,0x18,0x6d,0x5f,0x62,
  0x49,0x73,0x41,0x73,0x73,0x61,0x73,0x73,0x69,0x6e,0x61,0x74,0x69,0x6f,0x6e,0x54,0x61,0x72,0x67,0x65,
  0x74,0x18,0x00,0x20,0x40,0x48,0x20,0x22,0x20,0x08,0x00,0x12,0x16,0x6d,0x5f,0x62,0x48,0x75,0x64,0x5f,
  0x4d,0x69,0x6e,0x69,0x53,0x63,0x6f,0x72,0x65,0x48,0x69,0x64,0x64,0x65,0x6e,0x18,0x00,0x20,0x40,0x48,
  0x20,0x22,0x1c,0x08,0x00,0x12,0x12,0x6d,0x5f,0x62,0x48,0x75,0x64,0x5f,0x52,0x61,0x64,0x61,0x72,0x48,
  0x69,0x64,0x64,0x65,0x6e,0x18,0x00,0x20,0x40,0x48,0x20,0x22,0x1c,0x08,0x00,0x12,0x12,0x6d,0x5f,0x6e,
  0x4c,0x61,0x73,0x74,0x4b,0x69,0x6c,0x6c,0x65,0x72,0x49,0x6e,0x64,0x65,0x78,0x18,0x00,0x20,0x40,0x48,
  0x20,0x22,0x21,0x08,0x00,0x12,0x17,0x6d,0x5f,0x6e,0x4c,0x61,0x73,0x74,0x43,0x6f,0x6e,0x63,0x75,0x72,
  0x72,0x65,0x6e,0x74,0x4b,0x69,0x6c,0x6c,0x65,0x64,0x18,0x00,0x20,0x40,0x48,0x20,0x22,0x1a,0x08,0x00,
  0x12,0x10,0x6d,0x5f,0x6e,0x44,0x65,0x61,0x74,0x68,0x43,0x61,0x6d,0x4d,0x75,0x73,0x69,0x63,0x18,0x00,
  0x20,0x40,0x48,0x20,0x22,0x22,0x08,0x00,0x12,0x18,0x6d,0x5f,0x62,0x49,0x73,0x48,0x6f,0x6c,0x64,0x69,
  0x6e,0x67,0x4c,0x6f,0x6f,0x6b,0x41,0x74,0x57,0x65,0x61,0x70,0x6f,0x6e,0x18,0x00,0x20,0x40,0x48,0x20,
  0x22,0x1e,0x08,0x00,0x12,0x14,0x6d,0x5f,0x62,0x49,0x73,0x4c,0x6f,0x6f,0x6b,0x69,0x6e,0x67,0x41,0x74,
  0x57,0x65,0x61,0x70,0x6f,0x6e,0x18,0x00,0x20,0x40,0x48,0x20,0x22,0x23,0x08,0x00,0x12,0x19,0x6d,0x5f,
  0x69,0x4e,0x75,0x6d,0x52,0x6f,0x75,0x6e,0x64,0x4b,0x69,0x6c,0x6c,0x73,0x48,0x65,0x61,0x64,0x73,0x68,
  0x6f,0x74,0x73,0x18,0x00,0x20,0x40,0x48,0x20,0x22,0x20,0x08,0x01,0x12,0x16,0x6d,0x5f,0x66,0x6c,0x4c,
  0x6f,0x77,0x65,0x72,0x42,0x6f,0x64,0x79,0x59,0x61,0x77,0x54,0x61,0x72,0x67,0x65,0x74,0x18,0x04,0x20,
  0x40,0x48,0x20,0x22,0x15,0x08,0x00,0x12,0x0b,0x6d,0x5f,0x62,0x53,0x74,0x72,0x61,0x66,0x69,0x6e,0x67,
  0x18,0x00,0x20,0x40,0x48,0x20,0x22,0x1f,0x08,0x01,0x12,0x15,0x6d,0x5f,0x66,0x6c,0x54,0x68,0x69,0x72,
  0x64,0x70,0x65,0x72,0x73,0x6f,0x6e,0x52,0x65,0x63,0x6f,0x69,0x6c,0x18,0x04,0x20,0x40,0x48,0x20,0x09,
  0xa9,0x1d,0x08,0x01,0x12,0x19,0x44,0x54,0x5f,0x43,0x53,0x4c,0x6f,0x63,0x61,0x6c,0x50,0x6c,0x61,0x79,
  0x65,0x72,0x45,0x78,0x63,0x6c,0x75,0x73,0x69,0x76,0x65,0x18,0x00,0x22,0x15,0x08,0x03,0x12,0x0b,0x6d,
  0x5f,0x76,0x65,0x63,0x4f,0x72,0x69,0x67,0x69,0x6e,0x18,0x04,0x20,0x40,0x48,0x00,0x22,0x18,0x08,0x01,
  0x12,0x0e,0x6d,0x5f,0x76,0x65,0x63,0x4f,0x72,0x69,0x67,0x69,0x6e,0x5b,0x32,0x5d,0x18,0x04,0x20,0x40,
  0x48,0x20,0x22,0x15,0x08,0x01,0x12,0x0b,0x6d,0x5f,0x66,0x6c,0x53,0x74,0x61,0x6d,0x69,0x6e,0x61,0x18,
  0x04,0x20,0x40,0x48,0x20,0x22,0x16,0x08,0x00,0x12,0x0c,0x6d,0x5f,0x69,0x44,0x69,0x72,0x65,0x63,0x74,
  0x69,0x6f,0x6e,0x18,0x00,0x20,0x40,0x48,0x20,0x22,0x17,0x08,0x00,0x12,0x0d,0x6d,0x5f,0x69,0x53,0x68,
  0x6f,0x74,0x73,0x46,0x69,0x72,0x65,0x64,0x18,0x00,0x20,0x40,0x48,0x20,0x22,0x19,0x08,0x00,0x12,0x0f,
  0x6d,0x5f,0x6e,0x4e,0x75,0x6d,0x46,0x61,0x73,0x74,0x44,0x75,0x63,0x6b,0x73,0x18,0x00,0x20,0x40,0x48,
  0x20,0x22,0x19,0x08,0x00,0x12,0x0f,0x6d,0x5f,0x62,0x44,0x75,0x63,0x6b,0x4f,0x76,0x65,0x72,0x72,0x69,
  0x64,0x65,0x18,0x00,0x20,0x40,0x48,0x20,0x22,0x1e,0x08,0x01,0x12,0x14,0x6d,0x5f,0x66,0x6c,0x56,0x65,
  0x6c,0x6f,0x63,0x69,0x74,0x79,0x4d,0x6f,0x64,0x69,0x66,0x69,0x65,0x72,0x18,0x04,0x20,0x40,0x48,0x20,
  0x22,0x0f,0x08,0x00,0x12,0x04,0x30,0x30,0x30,0x30,0x18,0x80,0x02,0x20,0x40,0x48,0x20,0x22,0x1c,0x08,
  0x05,0x12,0x12,0x6d,0x5f,0x62,0x50,0x6c,0x61,0x79,0x65,0x72,0x44,0x6f,0x6d,0x69,0x6e,0x61,0x74,0x65,
  0x64,0x18,0x00,0x20,0x40,0x30,0x42,0x22,0x0f,0x08,0x00,0x12,0x04,0x30,0x30,0x30,0x30,0x18,0x80,0x02,
  0x20,0x40,0x48,0x20,0x22,0x1f,0x08,0x05,0x12,0x15,0x6d,0x5f,0x62,0x50,0x6c,0x61,0x79,0x65,0x72,0x44,
  0x6f,0x6d,0x69,0x6e,0x61,0x74,0x69,0x6e,0x67,0x4d,0x65,0x18,0x00,0x20,0x40,0x30,0x42,0x22,0x0f,0x08,
  0x00,0x12,0x04,0x30,0x30,0x30,0x30,0x18,0x80,0x02,0x20,0x40,0x48,0x20,0x22,0x25,0x08,0x05,0x12,0x1b,
  0x6d,0x5f,0x69,0x57,0x65,0x61,0x70,0x6f,0x6e,0x50,0x75,0x72,0x63,0x68,0x61,0x73,0x65,0x73,0x54,0x68,
  0x69,0x73,0x52,0x6f,0x75,0x6e,0x64,0x18,0x00,0x20,0x40,0x30,0x0d,0x22,0x20,0x08,0x00,0x12,0x16,0x6d,
  0x5f,0x6e,0x51,0x75,0x65,0x73,0x74,0x50,0x72,0x6f,0x67,0x72,0x65,0x73,0x73,0x52,0x65,0x61,0x73,0x6f,
  0x6e,0x18,0x00,0x20,0x40,0x48,0x20,0x22,0x34,0x08,0x06,0x12,0x0e,0x63,0x73,0x6e,0x6f,0x6e,0x6c,0x6f,
  0x63,0x61,0x6c,0x64,0x61,0x74,0x61,0x18,0x00,0x20,0x40,0x2a,0x1c,0x44,0x54,0x5f,0x43,0x53,0x4e,0x6f,
  0x6e,0x4c,0x6f,0x63,0x61,0x6c,0x50,0x6c,0x61,0x79,0x65,0x72,0x45,0x78,0x63,0x6c,0x75,0x73,0x69,0x76,
  0x65,0x22,0x1d,0x08,0x06,0x12,0x0a,0x63,0x73,0x74,0x65,0x61,0x6d,0x64,0x61,0x74,0x61,0x18,0x00,0x20,
  0x40,0x2a,0x09,0x44,0x54,0x5f,0x43,0x53,0x54,0x65,0x61,0x6d,0x22,0x0f,0x08,0x00,0x12,0x04,0x30,0x30,
  0x30,0x30,0x18,0x80,0x02,0x20,0x40,0x48,0x20,0x22,0x25,0x08,0x05,0x12,0x1b,0x6d,0x5f,0x69,0x57,0x65,
  0x61,0x70,0x6f,0x6e,0x50,0x75,0x72,0x63,0x68,0x61,0x73,0x65,0x73,0x54,0x68,0x69,0x73,0x4d,0x61,0x74,
  0x63,0x68,0x18,0x00,0x20,0x40,0x30,0x0d,0x22,0x0f,0x08,0x00,0x12,0x04,0x30,0x30,0x30,0x30,0x18,0x80,
  0x02,0x20,0x40,0x48,0x20,0x22,0x29,0x08,0x05,0x12,0x1f,0x6d,0x5f,0x45,0x71,0x75,0x69,0x70,0x70,0x65,
  0x64,0x4c,0x6f,0x61,0x64,0x6f,0x75,0x74,0x49,0x74,0x65,0x6d,0x44,0x65,0x66,0x49,0x6e,0x64,0x69,0x63,
  0x65,0x73,0x18,0x00,0x20,0x40,0x30,0x40,0x22,0x1b,0x08,0x01,0x12,0x11,0x6d,0x5f,0x61,0x6e,0x67,0x45,
  0x79,0x65,0x41,0x6e,0x67,0x6c,0x65,0x73,0x5b,0x30,0x5d,0x18,0x04,0x20,0x40,0x48,0x20,0x22,0x1b,0x08,
  0x01,0x12,0x11,0x6d,0x5f,0x61,0x6e,0x67,0x45,0x79,0x65,0x41,0x6e,0x67,0x6c,0x65,0x73,0x5b,0x31,0x5d,
  0x18,0x04,0x20,0x40,0x48,0x20,0x22,0x16,0x08,0x00,0x12,0x0c,0x6d,0x5f,0x69,0x41,0x64,0x64,0x6f,0x6e,
  0x42,0x69,0x74,0x73,0x18,0x00,0x20,0x40,0x48,0x20,0x22,0x19,0x08,0x00,0x12,0x0f,0x6d,0x5f,0x69,0x50,
  0x72,0x69,0x6d,0x61,0x72,0x79,0x41,0x64,0x64,0x6f,0x6e,0x18,0x00,0x20,0x40,0x48,0x20,0x22,0x1b,0x08,
  0x00,0x12,0x11,0x6d,0x5f,0x69,0x53,0x65,0x63,0x6f,0x6e,0x64,0x61,0x72,0x79,0x41,0x64,0x64,0x6f,0x6e,
  0x18,0x00,0x20,0x40,0x48,0x20,0x22,0x20,0x08,0x00,0x12,0x16,0x6d,0x5f,0x69,0x54,0x68,0x72,0x6f,0x77,
  0x47,0x72,0x65,0x6e,0x61,0x64,0x65,0x43,0x6f,0x75,0x6e,0x74,0x65,0x72,0x18,0x00,0x20,0x40,0x48,0x20,
  0x22,0x1c,0x08,0x00,0x12,0x12,0x6d,0x5f,0x62,0x57,0x61,0x69,0x74,0x46,0x6f,0x72,0x4e,0x6f,0x41,0x74,
  0x74,0x61,0x63,0x6b,0x18,0x00,0x20,0x40,0x48,0x20,0x22,0x23,0x08,0x00,0x12,0x19,0x6d,0x5f,0x62,0x49,
  0x73,0x52,0x65,0x73,0x70,0x61,0x77,0x6e,0x69,0x6e,0x67,0x46,0x6f,0x72,0x44,0x4d,0x42,0x6f,0x6e,0x75,
  0x73,0x18,0x00,0x20,0x40,0x48,0x20,0x22,0x18,0x08,0x00,0x12,0x0e,0x6d,0x5f,0x69,0x50,0x6c,0x61,0x79,
  0x65,0x72,0x53,0x74,0x61,0x74,0x65,0x18,0x00,0x20,0x40,0x48,0x20,0x22,0x14,0x08,0x00,0x12,0x0a,0x6d,
  0x5f,0x69,0x41,0x63,0x63,0x6f,0x75,0x6e,0x74,0x18,0x00,0x20,0x40,0x48,0x20,0x22,0x19,0x08,0x00,0x12,
  0x0f,0x6d,0x5f,0x69,0x53,0x74,0x61,0x72,0x74,0x41,0x63,0x63,0x6f,0x75,0x6e,0x74,0x18,0x00,0x20,0x40,
  0x48,0x20,0x22,0x1d,0x08,0x00,0x12,0x13,0x6d,0x5f,0x74,0x6f,0x74,0x61,0x6c,0x48,0x69,0x74,0x73,0x4f,
  0x6e,0x53,0x65,0x72,0x76,0x65,0x72,0x18,0x00,0x20,0x40,0x48,0x20,0x22,0x17,0x08,0x00,0x12,0x0d,0x6d,
  0x5f,0x62,0x49,0x6e,0x42,0x6f,0x6d,0x62,0x5a,0x6f,0x6e,0x65,0x18,0x00,0x20,0x40,0x48,0x20,0x22,0x16,
  0x08,0x00,0x12,0x0c,0x6d,0x5f,0x62,0x49,0x6e,0x42,0x75,0x79,0x5a,0x6f,0x6e,0x65,0x18,0x00,0x20,0x40,
  0x48,0x20,0x22,0x1b,0x08,0x00,0x12,0x11,0x6d,0x5f,0x62,0x49,0x6e,0x4e,0x6f,0x44,0x65,0x66,0x75,0x73,
  0x65,0x41,0x72,0x65,0x61,0x18,0x00,0x20,0x40,0x48,0x20,0x22,0x1a,0x08,0x00,0x12,0x10,0x6d,0x5f,0x62,
  0x4b,0x69,0x6c,0x6c,0x65,0x64,0x42,0x79,0x54,0x61,0x73,0x65,0x72,0x18,0x00,0x20,0x40,0x48,0x20,0x22,
  0x16,0x08,0x00,0x12,0x0c,0x6d,0x5f,0x69,0x4d,0x6f,0x76,0x65,0x53,0x74,0x61,0x74,0x65,0x18,0x00,0x20,
  0x40,0x48,0x20,0x22,0x12,0x08,0x00,0x12,0x08,0x6d,0x5f,0x69,0x43,0x6c,0x61,0x73,0x73,0x18,0x00,0x20,
  0x40,0x48,0x20,0x22,0x16,0x08,0x00,0x12,0x0c,0x6d,0x5f,0x41,0x72,0x6d,0x6f,0x72,0x56,0x61,0x6c,0x75,
  0x65,0x18,0x00,0x20,0x40,0x48,0x20,0x22,0x18,0x08,0x02,0x12,0x0e,0x6d,0x5f,0x61,0x6e,0x67,0x45,0x79,
  0x65,0x41,0x6e,0x67,0x6c,0x65,0x73,0x18,0x04,0x20,0x40,0x48,0x00,0x22,0x17,0x08,0x00,0x12,0x0d,0x6d,
  0x5f,0x62,0x48,0x61,0x73,0x44,0x65,0x66,0x75,0x73,0x65,0x72,0x18,0x00,0x20,0x40,0x48,0x20,0x22,0x1a,
  0x08,0x00,0x12,0x10,0x6d,0x5f,0x62,0x4e,0x69,0x67,0x68,0x74,0x56,0x69,0x73,0x69,0x6f,0x6e,0x4f,0x6e,
  0x18,0x00,0x20,0x40,0x48,0x20,0x22,0x1b,0x08,0x00,0x12,0x11,0x6d,0x5f,0x62,0x48,0x61,0x73,0x4e,0x69,
  0x67,0x68,0x74,0x56,0x69,0x73,0x69,0x6f,0x6e,0x18,0x00,0x20,0x40,0x48,0x20,0x22,0x20,0x08,0x00,0x12,
  0x16,0x6d,0x5f,0x62,0x49,0x6e,0x48,0x6f,0x73,0x74,0x61,0x67,0x65,0x52,0x65,0x73,0x63,0x75,0x65,0x5a,
  0x6f,0x6e,0x65,0x18,0x00,0x20,0x40,0x48,0x20,0x22,0x17,0x08,0x00,0x12,0x0d,0x6d,0x5f,0x62,0x49,0x73,
  0x44,0x65,0x66,0x75,0x73,0x69,0x6e,0x67,0x18,0x00,0x20,0x40,0x48,0x20,0x22,0x1e,0x08,0x00,0x12,0x14,
  0x6d,0x5f,0x62,0x49,0x73,0x47,0x72,0x61,0x62,0x62,0x69,0x6e,0x67,0x48,0x6f,0x73,0x74,0x61,0x67,0x65,
  0x18,0x00,0x20,0x40,0x48,0x20,0x22,0x15,0x08,0x00,0x12,0x0b,0x6d,0x5f,0x62,0x49,0x73,0x53,0x63,0x6f,
  0x70,0x65,0x64,0x18,0x00,0x20,0x40,0x48,0x20,0x22,0x16,0x08,0x00,0x12,0x0c,0x6d,0x5f,0x62,0x49,0x73,
  0x57,0x61,0x6c,0x6b,0x69,0x6e,0x67,0x18,0x00,0x20,0x40,0x48,0x20,0x22,0x17,0x08,0x00,0x12,0x0d,0x6d,
  0x5f,0x62,0x52,0x65,0x73,0x75,0x6d,0x65,0x5a,0x6f,0x6f,0x6d,0x18,0x00,0x20,0x40,0x48,0x20,0x22,0x26,
  0x08,0x01,0x12,0x1c,0x6d,0x5f,0x66,0x49,0x6d,0x6d,0x75,0x6e,0x65,0x54,0x6f,0x47,0x75,0x6e,0x47,0x61,
  0x6d,0x65,0x44,0x61,0x6d,0x61,0x67,0x65,0x54,0x69,0x6d,0x65,0x18,0x04,0x20,0x40,0x48,0x20,0x22,0x1c,
  0x08,0x00,0x12,0x12,0x6d,0x5f,0x62,0x47,0x75,0x6e,0x47,0x61,0x6d,0x65,0x49,0x6d,0x6d,0x75,0x6e,0x69,
  0x74,0x79,0x18,0x00,0x20,0x40,0x48,0x20,0x22,0x1f,0x08,0x00,0x12,0x15,0x6d,0x5f,0x62,0x48,0x61,0x73,
  0x4d,0x6f,0x76,0x65,0x64,0x53,0x69,0x6e,0x63,0x65,0x53,0x70,0x61,0x77,0x6e,0x18,0x00,0x20,0x40,0x48,
  0x20,0x22,0x2c,0x08,0x00,0x12,0x22,0x6d,0x5f,0x62,0x4d,0x61,0x64,0x65,0x46,0x69,0x6e,0x61,0x6c,0x47,
  0x75,0x6e,0x47,0x61,0x6d,0x65,0x50,0x72,0x6f,0x67,0x72,0x65,0x73,0x73,0x69,0x76,0x65,0x4b,0x69,0x6c,
  0x6c,0x18,0x00,0x20,0x40,0x48,0x20,0x22,0x2a,0x08,0x00,0x12,0x20,0x6d,0x5f,0x69,0x47,0x75,0x6e,0x47,
  0x61,0x6d,0x65,0x50,0x72,0x6f,0x67,0x72,0x65,0x73,0x73,0x69,0x76,0x65,0x57,0x65,0x61,0x70,0x6f,0x6e,
  0x49,0x6e,0x64,0x65,0x78,0x18,0x00,0x20,0x40,0x48,0x20,0x22,0x23,0x08,0x00,0x12,0x19,0x6d,0x5f,0x69,
  0x4e,0x75,0x6d,0x47,0x75,0x6e,0x47,0x61,0x6d,0x65,0x54,0x52,0x4b,0x69,0x6c,0x6c,0x50,0x6f,0x69,0x6e,
  0x74,0x73,0x18,0x00,0x20,0x40,0x48,0x20,0x22,0x2d,0x08,0x00,0x12,0x23,0x6d,0x5f,0x69,0x4e,0x75,0x6d,
  0x47,0x75,0x6e,0x47,0x61,0x6d,0x65,0x4b,0x69,0x6c,0x6c,0x73,0x57,0x69,0x74,0x68,0x43,0x75,0x72,0x72,
  0x65,0x6e,0x74,0x57,0x65,0x61,0x70,0x6f,0x6e,0x18,0x00,0x20,0x40,0x48,0x20,0x22,0x1a,0x08,0x00,0x12,
  0x10,0x6d,0x5f,0x69,0x4e,0x75,0x6d,0x52,0x6f,0x75,0x6e,0x64,0x4b,0x69,0x6c,0x6c,0x73,0x18,0x00,0x20,
  0x40,0x48,0x20,0x22,0x1b,0x08,0x01,0x12,0x11,0x6d,0x5f,0x66,0x4d,0x6f,0x6c,0x6f,0x74,0x6f,0x76,0x55,
  0x73,0x65,0x54,0x69,0x6d,0x65,0x18,0x04,0x20,0x40,0x48,0x20,0x22,0x1e,0x08,0x01,0x12,0x14,0x6d,0x5f,
  0x66,0x4d,0x6f,0x6c,0x6f,0x74,0x6f,0x76,0x44,0x61,0x6d,0x61,0x67,0x65,0x54,0x69,0x6d,0x65,0x18,0x04,
  0x20,0x40,0x48,0x20,0x22,0x17,0x08,0x04,0x12,0x0d,0x6d,0x5f,0x73,0x7a,0x41,0x72,0x6d,0x73,0x4d,0x6f,
  0x64,0x65,0x6c,0x18,0x00,0x20,0x40,0x48,0x00,0x22,0x1b,0x08,0x00,0x12,0x11,0x6d,0x5f,0x68,0x43,0x61,
  0x72,0x72,0x69,0x65,0x64,0x48,0x6f,0x73,0x74,0x61,0x67,0x65,0x18,0x00,0x20,0x40,0x48,0x20,0x22,0x1f,
  0x08,0x00,0x12,0x15,0x6d,0x5f,0x68,0x43,0x61,0x72,0x72,0x69,0x65,0x64,0x48,0x6f,0x73,0x74,0x61,0x67,
  0x65,0x50,0x72,0x6f,0x70,0x18,0x00,0x20,0x40,0x48,0x20,0x22,0x17,0x08,0x00,0x12,0x0d,0x6d,0x5f,0x62,
  0x49,0x73,0x52,0x65,0x73,0x63,0x75,0x69,0x6e,0x67,0x18,0x00,0x20,0x40,0x48,0x20,0x22,0x2b,0x08,0x01,
  0x12,0x21,0x6d,0x5f,0x66,0x6c,0x47,0x72,0x6f,0x75,0x6e,0x64,0x41,0x63,0x63,0x65,0x6c,0x4c,0x69,0x6e,
  0x65,0x61,0x72,0x46,0x72,0x61,0x63,0x4c,0x61,0x73,0x74,0x54,0x69,0x6d,0x65,0x18,0x04,0x20,0x40,0x48,
  0x20,0x22,0x26,0x08,0x00,0x12,0x1c,0x6d,0x5f,0x62,0x43,0x61,0x6e,0x4d,0x6f,0x76,0x65,0x44,0x75,0x72,
  0x69,0x6e,0x67,0x46,0x72,0x65,0x65,0x7a,0x65,0x50,0x65,0x72,0x69,0x6f,0x64,0x18,0x00,0x20,0x40,0x48,
  0x20,0x22,0x22,0x08,0x00,0x12,0x18,0x6d,0x5f,0x69,0x73,0x43,0x75,0x72,0x72,0x65,0x6e,0x74,0x47,0x75,
  0x6e,0x47,0x61,0x6d,0x65,0x4c,0x65,0x61,0x64,0x65,0x72,0x18,0x00,0x20,0x40,0x48,0x20,0x22,0x26,0x08,
  0x00,0x12,0x1c,0x6d,0x5f,0x69,0x73,0x43,0x75,0x72,0x72,0x65,0x6e,0x74,0x47,0x75,0x6e,0x47,0x61,0x6d,
  0x65,0x54,0x65,0x61,0x6d,0x4c,0x65,0x61,0x64,0x65,0x72,0x18,0x00,0x20,0x40,0x48,0x20,0x22,0x24,0x08,
  0x01,0x12,0x1a,0x6d,0x5f,0x66,0x6c,0x47,0x75,0x61,0x72,0x64,0x69,0x61,0x6e,0x54,0x6f,0x6f,0x46,0x61,
  0x72,0x44,0x69,0x73,0x74,0x46,0x72,0x61,0x63,0x18,0x04,0x20,0x40,0x48,0x20,0x22,0x27,0x08,0x01,0x12,
  0x1d,0x6d,0x5f,0x66,0x6c,0x44,0x65,0x74,0x65,0x63,0x74,0x65,0x64,0x42,0x79,0x45,0x6e,0x65,0x6d,0x79,
  0x53,0x65,0x6e,0x73,0x6f,0x72,0x54,0x69,0x6d,0x65,0x18,0x04,0x20,0x40,0x48,0x20,0x22,0x0f,0x08,0x00,
  0x12,0x04,0x30,0x30,0x30,0x30,0x18,0x80,0x02,0x20,0x40,0x48,0x20,0x22,0x1d,0x08,0x05,0x12,0x13,0x6d,
  0x5f,0x69,0x4d,0x61,0x74,0x63,0x68,0x53,0x74,0x61,0x74,0x73,0x5f,0x4b,0x69,0x6c,0x6c,0x73,0x18,0x00,
  0x20,0x40,0x30,0x0d,0x22,0x0f,0x08,0x00,0x12,0x04,0x30,0x30,0x30,0x30,0x18,0x80,0x02,0x20,0x40,0x48,
  0x20,0x22,0x1e,0x08,0x05,0x12,0x14,0x6d,0x5f,0x69,0x4d,0x61,0x74,0x63,0x68,0x53,0x74,0x61,0x74,0x73,
  0x5f,0x44,0x61,0x6d,0x61,0x67,0x65,0x18,0x00,0x20,0x40,0x30,0x0d,0x22,0x0f,0x08,0x00,0x12,0x04,0x30,
  0x30,0x30,0x30,0x18,0x80,0x02,0x20,0x40,0x48,0x20,0x22,0x26,0x08,0x05,0x12,0x1c,0x6d,0x5f,0x69,0x4d,
  0x61,0x74,0x63,0x68,0x53,0x74,0x61,0x74,0x73,0x5f,0x45,0x71,0x75,0x69,0x70,0x6d,0x65,0x6e,0x74,0x56,
  0x61,0x6c,0x75,0x65,0x18,0x00,0x20,0x40,0x30,0x0d,0x22,0x0f,0x08,0x00,0x12,0x04,0x30,0x30,0x30,0x30,
  0x18,0x80,0x02,0x20,0x40,0x48,0x20,0x22,0x22,0x08,0x05,0x12,0x18,0x6d,0x5f,0x69,0x4d,0x61,0x74,0x63,
  0x68,0x53,0x74,0x61,0x74,0x73,0x5f,0x4d,0x6f,0x6e,0x65,0x79,0x53,0x61,0x76,0x65,0x64,0x18,0x00,0x20,
  0x40,0x30,0x0d,0x22,0x0f,0x08,0x00,0x12,0x04,0x30,0x30,0x30,0x30,0x18,0x80,0x02,0x20,0x40,0x48,0x20,
  0x22,0x22,0x08,0x05,0x12,0x18,0x6d,0x5f,0x69,0x4d,0x61,0x74,0x63,0x68,0x53,0x74,0x61,0x74,0x73,0x5f,
  0x4b,0x69,0x6c,0x6c,0x52,0x65,0x77,0x61,0x72,0x64,0x18,0x00,0x20,0x40,0x30,0x0d,0x22,0x0f,0x08,0x00,
  0x12,0x04,0x30,0x30,0x30,0x30,0x18,0x80,0x02,0x20,0x40,0x48,0x20,0x22,0x20,0x08,0x05,0x12,0x16,0x6d,
  0x5f,0x69,0x4d,0x61,0x74,0x63,0x68,0x53,0x74,0x61,0x74,0x73,0x5f,0x4c,0x69,0x76,0x65,0x54,0x69,0x6d,
  0x65,0x18,0x00,0x20,0x40,0x30,0x0d,0x22,0x0f,0x08,0x00,0x12,0x04,0x30,0x30,0x30,0x30,0x18,0x80,0x02,
  0x20,0x40,0x48,0x20,0x22,0x1e,0x08,0x05,0x12,0x14,0x6d,0x5f,0x69,0x4d,0x61,0x74,0x63,0x68,0x53,0x74,
  0x61,0x74,0x73,0x5f,0x44,0x65,0x61,0x74,0x68,0x73,0x18,0x00,0x20,0x40,0x30,0x0d,0x22,0x0f,0x08,0x00,
  0x12,0x04,0x30,0x30,0x30,0x30,0x18,0x80,0x02,0x20,0x40,0x48,0x20,0x22,0x1f,0x08,0x05,0x12,0x15,0x6d,
  0x5f,0x69,0x4d,0x61,0x74,0x63,0x68,0x53,0x74,0x61,0x74,0x73,0x5f,0x41,0x73,0x73,0x69,0x73,0x74,0x73,
  0x18,0x00,0x20,0x40,0x30,0x0d,0x22,0x0f,0x08,0x00,0x12,0x04,0x30,0x30,0x30,0x30,0x18,0x80,0x02,0x20,
  0x40,0x48,0x20,0x22,0x25,0x08,0x05,0x12,0x1b,0x6d,0x5f,0x69,0x4d,0x61,0x74,0x63,0x68,0x53,0x74,0x61,
  0x74,0x73,0x5f,0x48,0x65,0x61,0x64,0x53,0x68,0x6f,0x74,0x4b,0x69,0x6c,0x6c,0x73,0x18,0x00,0x20,0x40,
  0x30,0x0d,0x22,0x0f,0x08,0x00,0x12,0x04,0x30,0x30,0x30,0x30,0x18,0x80,0x02,0x20,0x40,0x48,0x20,0x22,
  0x21,0x08,0x05,0x12,0x17,0x6d,0x5f,0x69,0x4d,0x61,0x74,0x63,0x68,0x53,0x74,0x61,0x74,0x73,0x5f,0x4f,
  0x62,0x6a,0x65,0x63,0x74,0x69,0x76,0x65,0x18,0x00,0x20,0x40,0x30,0x0d,0x22,0x0f,0x08,0x00,0x12,0x04,
  0x30,0x30,0x30,0x30,0x18,0x80,0x02,0x20,0x40,0x48,0x20,0x22,0x22,0x08,0x05,0x12,0x18,0x6d,0x5f,0x69,
  0x4d,0x61,0x74,0x63,0x68,0x53,0x74,0x61,0x74,0x73,0x5f,0x43,0x61,0x73,0x68,0x45,0x61,0x72,0x6e,0x65,
  0x64,0x18,0x00,0x20,0x40,0x30,0x0d,0x22,0x0f,0x08,0x00,0x12,0x04,0x30,0x30,0x30,0x30,0x18,0x80,0x02,
  0x20,0x40,0x48,0x20,0x22,0x25,0x08,0x05,0x12,0x1b,0x6d,0x5f,0x69,0x4d,0x61,0x74,0x63,0x68,0x53,0x74,
  0x61,0x74,0x73,0x5f,0x55,0x74,0x69,0x6c,0x69,0x74,0x79,0x44,0x61,0x6d,0x61,0x67,0x65,0x18,0x00,0x20,
  0x40,0x30,0x0d,0x22,0x0f,0x08,0x00,0x12,0x04,0x30,0x30,0x30,0x30,0x18,0x80,0x02,0x20,0x40,0x48,0x20,
  0x22,0x26,0x08,0x05,0x12,0x1c,0x6d,0x5f,0x69,0x4d,0x61,0x74,0x63,0x68,0x53,0x74,0x61,0x74,0x73,0x5f,
  0x45,0x6e,0x65,0x6d,0x69,0x65,0x73,0x46,0x6c,0x61,0x73,0x68,0x65,0x64,0x18,0x00,0x20,0x40,0x30,0x0d,
  0x22,0x0f,0x08,0x00,0x12,0x04,0x30,0x30,0x30,0x30,0x18,0x80,0x02,0x20,0x40,0x48,0x20,0x22,0x10,0x08,
  0x05,0x12,0x06,0x6d,0x5f,0x72,0x61,0x6e,0x6b,0x18,0x00,0x20,0x40,0x30,0x1c,0x22,0x15,0x08,0x00,0x12,
  0x0b,0x6d,0x5f,0x75,0x6e,0x4d,0x75,0x73,0x69,0x63,0x49,0x44,0x18,0x00,0x20,0x40,0x48,0x20,0x22,0x16,
  0x08,0x00,0x12,0x0c,0x6d,0x5f,0x62,0x48,0x61,0x73,0x48,0x65,0x6c,0x6d,0x65,0x74,0x18,0x00,0x20,0x40,
  0x48,0x20,0x22,0x1a,0x08,0x00,0x12,0x10,0x6d,0x5f,0x62,0x48,0x61,0x73,0x48,0x65,0x61,0x76,0x79,0x41,
  0x72,0x6d,0x6f,0x72,0x18,0x00,0x20,0x40,0x48,0x20,0x22,0x1b,0x08,0x01,0x12,0x11,0x6d,0x5f,0x66,0x6c,
  0x46,0x6c,0x61,0x73,0x68,0x44,0x75,0x72,0x61,0x74,0x69,0x6f,0x6e,0x18,0x04,0x20,0x40,0x48,0x20,0x22,
  0x1b,0x08,0x01,0x12,0x11,0x6d,0x5f,0x66,0x6c,0x46,0x6c,0x61,0x73,0x68,0x4d,0x61,0x78,0x41,0x6c,0x70,
  0x68,0x61,0x18,0x04,0x20,0x40,0x48,0x20,0x22,0x20,0x08,0x00,0x12,0x16,0x6d,0x5f,0x69,0x50,0x72,0x6f,
  0x67,0x72,0x65,0x73,0x73,0x42,0x61,0x72,0x44,0x75,0x72,0x61,0x74,0x69,0x6f,0x6e,0x18,0x00,0x20,0x40,
  0x48,0x20,0x22,0x22,0x08,0x01,0x12,0x18,0x6d,0x5f,0x66,0x6c,0x50,0x72,0x6f,0x67,0x72,0x65,0x73,0x73,
  0x42,0x61,0x72,0x53,0x74,0x61,0x72,0x74,0x54,0x69,0x6d,0x65,0x18,0x04,0x20,0x40,0x48,0x20,0x22,0x14,
  0x08,0x00,0x12,0x0a,0x6d,0x5f,0x68,0x52,0x61,0x67,0x64,0x6f,0x6c,0x6c,0x18,0x00,0x20,0x40,0x48,0x20,
  0x22,0x16,0x08,0x00,0x12,0x0c,0x6d,0x5f,0x63,0x79,0x63,0x6c,0x65,0x4c,0x61,0x74,0x63,0x68,0x18,0x00,
  0x20,0x40,0x48,0x20,0x22,0x23,0x08,0x00,0x12,0x19,0x6d,0x5f,0x75,0x6e,0x43,0x75,0x72,0x72,0x65,0x6e,
  0x74,0x45,0x71,0x75,0x69,0x70,0x6d,0x65,0x6e,0x74,0x56,0x61,0x6c,0x75,0x65,0x18,0x00,0x20,0x40,0x48,
  0x20,0x22,0x26,0x08,0x00,0x12,0x1c,0x6d,0x5f,0x75,0x6e,0x52,0x6f,0x75,0x6e,0x64,0x53,0x74,0x61,0x72,
  0x74,0x45,0x71,0x75,0x69,0x70,0x6d,0x65,0x6e,0x74,0x56,0x61,0x6c,0x75,0x65,0x18,0x00,0x20,0x40,0x48,
  0x20,0x22,0x29,0x08,0x00,0x12,0x1f,0x6d,0x5f,0x75,0x6e,0x46,0x72,0x65,0x65,0x7a,0x65,0x74,0x69,0x6d,
  0x65,0x45,0x6e,0x64,0x45,0x71,0x75,0x69,0x70,0x6d,0x65,0x6e,0x74,0x56,0x61,0x6c,0x75,0x65,0x18,0x00,
  0x20,0x40,0x48,0x20,0x22,0x1d,0x08,0x00,0x12,0x13,0x6d,0x5f,0x62,0x49,0x73,0x43,0x6f,0x6e,0x74,0x72,
  0x6f,0x6c,0x6c,0x69,0x6e,0x67,0x42,0x6f,0x74,0x18,0x00,0x20,0x40,0x48,0x20,0x22,0x26,0x08,0x00,0x12,
  0x1c,0x6d,0x5f,0x62,0x48,0x61,0x73,0x43,0x6f,0x6e,0x74,0x72,0x6f,0x6c,0x6c,0x65,0x64,0x42,0x6f,0x74,
  0x54,0x68,0x69,0x73,0x52,0x6f,0x75,0x6e,0x64,0x18,0x00,0x20,0x40,0x48,0x20,0x22,0x22,0x08,0x00,0x12,
  0x18,0x6d,0x5f,0x62,0x43,0x61,0x6e,0x43,0x6f,0x6e,0x74,0x72,0x6f,0x6c,0x4f,0x62,0x73,0x65,0x72,0x76,
  0x65,0x64,0x42,0x6f,0x74,0x18,0x00,0x20,0x40,0x48,0x20,0x22,0x22,0x08,0x00,0x12,0x18,0x6d,0x5f,0x69,
  0x43,0x6f,0x6e,0x74,0x72,0x6f,0x6c,0x6c,0x65,0x64,0x42,0x6f,0x74,0x45,0x6e,0x74,0x49,0x6e,0x64,0x65,
  0x78,0x18,0x00,0x20,0x40,0x48,0x20,0x22,0x22,0x08,0x00,0x12,0x18,0x6d,0x5f,0x62,0x49,0x73,0x41,0x73,
  0x73,0x61,0x73,0x73,0x69,0x6e,0x61,0x74,0x69,0x6f,0x6e,0x54,0x61,0x72,0x67,0x65,0x74,0x18,0x00,0x20,
  0x40,0x48,0x20,0x22,0x20,0x08,0x00,0x12,0x16,0x6d,0x5f,0x62,0x48,0x75,0x64,0x5f,0x4d,0x69,0x6e,0x69,
  0x53,0x63,0x6f,0x72,0x65,0x48,0x69,0x64,0x64,0x65,0x6e,0x18,0x00,0x20,0x40,0x48,0x20,0x22,0x1c,0x08,
  0x00,0x12,0x12,0x6d,0x5f,0x62,0x48,0x75,0x64,0x5f,0x52,0x61,0x64,0x61,0x72,0x48,0x69,0x64,0x64,0x65,
  0x6e,0x18,0x00,0x20,0x40,0x48,0x20,0x22,0x1c,0x08,0x00,0x12,0x12,0x6d,0x5f,0x6e,0x4c,0x61,0x73,0x74,
  0x4b,0x69,0x6c,0x6c,0x65,0x72,0x49,0x6e,0x64,0x65,0x78,0x18,0x00,0x20,0x40,0x48,0x20,0x22,0x21,0x08,
  0x00,0x12,0x17,0x6d,0x5f,0x6e,0x4c,0x61,0x73,0x74,0x43,0x6f,0x6e,0x63,0x75,0x72,0x72,0x65,0x6e,0x74,
  0x4b,0x69,0x6c,0x6c,0x65,0x64,0x18,0x00,0x20,0x40,0x48,0x20,0x22,0x1a,0x08,0x00,0x12,0x10,0x6d,0x5f,
  0x6e,0x44,0x65,0x61,0x74,0x68,0x43,0x61,0x6d,0x4d,0x75,0x73,0x69,0x63,0x18,0x00,0x20,0x40,0x48,0x20,
  0x22,0x22,0x08,0x00,0x12,0x18,0x6d,0x5f,0x62,0x49,0x73,0x48,0x6f,0x6c,0x64,0x69,0x6e,0x67,0x4c,0x6f,
  0x6f,0x6b,0x41,0x74,0x57,0x65,0x61,0x70,0x6f,0x6e,0x18,0x00,0x20,0x40,0x48,0x20,0x22,0x1e,0x08,0x00,
  0x12,0x14,0x6d,0x5f,0x62,0x49,0x73,0x4c,0x6f,0x6f,0x6b,0x69,0x6e,0x67,0x41,0x74,0x57,0x65,0x61,0x70,
  0x6f,0x6e,0x18,0x00,0x20,0x40,0x48,0x20,0x22,0x23,0x08,0x00,0x12,0x19,0x6d,0x5f,0x69,0x4e,0x75,0x6d,
  0x52,0x6f,0x75,0x6e,0x64,0x4b,0x69,0x6c,0x6c,0x73,0x48,0x65,0x61,0x64,0x73,0x68,0x6f,0x74,0x73,0x18,
  0x00,0x20,0x40,0x48,0x20,0x22,0x20,0x08,0x01,0x12,0x16,0x6d,0x5f,0x66,0x6c,0x4c,0x6f,0x77,0x65,0x72,
  0x42,0x6f,0x64,0x79,0x59,0x61,0x77,0x54,0x61,0x72,0x67,0x65,0x74,0x18,0x04,0x20,0x40,0x48,0x20,0x22,
  0x15,0x08,0x00,0x12,0x0b,0x6d,0x5f,0x62,0x53,0x74,0x72,0x61,0x66,0x69,0x6e,0x67,0x18,0x00,0x20,0x40,
  0x48,0x20,0x22,0x1f,0x08,0x01,0x12,0x15,0x6d,0x5f,0x66,0x6c,0x54,0x68,0x69,0x72,0x64,0x70,0x65,0x72,
  0x73,0x6f,0x6e,0x52,0x65,0x63,0x6f,0x69,0x6c,0x18,0x04,0x20,0x40,0x48,0x20,0x09,0x63,0x08,0x01,0x12,
  0x0b,0x44,0x54,0x5f,0x43,0x53,0x50,0x6c,0x61,0x79,0x65,0x72,0x18,0x00,0x22,0x20,0x08,0x06,0x12,0x09,
  0x62,0x61,0x73,0x65,0x63,0x6c,0x61,0x73,0x73,0x18,0x00,0x20,0x40,0x2a,0x0d,0x44,0x54,0x5f,0x42,0x61,
  0x73,0x65,0x50,0x6c,0x61,0x79,0x65,0x72,0x22,0x2e,0x08,0x06,0x12,0x0b,0x63,0x73,0x6c,0x6f,0x63,0x61,
  0x6c,0x64,0x61,0x74,0x61,0x18,0x00,0x20,0x40,0x2a,0x19,0x44,0x54,0x5f,0x43,0x53,0x4c,0x6f,0x63,0x61,
  0x6c,0x50,0x6c,0x61,0x79,0x65,0x72,0x45,0x78,0x63,0x6c,0x75,0x73,0x69,0x76,0x65,0x09,0xc0,0x0a,0x08,
  0x01,0x12,0x13,0x44,0x54,0x5f,0x43,0x53,0x50,0x6c,0x61,0x79,0x65,0x72,0x52,0x65,0x73,0x6f,0x75,0x72,
  0x63,0x65,0x18,0x00,0x22,0x24,0x08,0x06,0x12,0x09,0x62,0x61,0x73,0x65,0x63,0x6c,0x61,0x73,0x73,0x18,
  0x00,0x20,0x40,0x2a,0x11,0x44,0x54,0x5f,0x50,0x6c,0x61,0x79,0x65,0x72,0x52,0x65,0x73,0x6f,0x75,0x72,
  0x63,0x65,0x22,0x15,0x08,0x00,0x12,0x0b,0x6d,0x5f,0x69,0x50,0x6c,0x61,0x79,0x65,0x72,0x43,0x34,0x18,
  0x00,0x20,0x40,0x48,0x20,0x22,0x16,0x08,0x00,0x12,0x0c,0x6d,0x5f,0x69,0x50,0x6c,0x61,0x79,0x65,0x72,
  0x56,0x49,0x50,0x18,0x00,0x20,0x40,0x48,0x20,0x22,0x0f,0x08,0x00,0x12,0x04,0x30,0x30,0x30,0x30,0x18,
  0x80,0x02,0x20,0x40,0x48,0x20,0x22,0x19,0x08,0x05,0x12,0x0f,0x6d,0x5f,0x62,0x48,0x6f,0x73,0x74,0x61,
  0x67,0x65,0x41,0x6c,0x69,0x76,0x65,0x18,0x00,0x20,0x40,0x30,0x01,0x22,0x0f,0x08,0x00,0x12,0x04,0x30,
  0x30,0x30,0x30,0x18,0x80,0x02,0x20,0x40,0x48,0x20,0x22,0x25,0x08,0x05,0x12,0x1b,0x6d,0x5f,0x69,0x73,
  0x48,0x6f,0x73,0x74,0x61,0x67,0x65,0x46,0x6f,0x6c,0x6c,0x6f,0x77,0x69,0x6e,0x67,0x53,0x6f,0x6d,0x65,
  0x6f,0x6e,0x65,0x18,0x00,0x20,0x40,0x30,0x01,0x22,0x0f,0x08,0x02,0x12,0x04,0x30,0x30,0x30,0x30,0x18,
  0x84,0x02,0x20,0x40,0x48,0x00,0x22,0x1d,0x08,0x05,0x12,0x13,0x6d,0x5f,0x69,0x48,0x6f,0x73,0x74,0x61,
  0x67,0x65,0x45,0x6e,0x74,0x69,0x74,0x79,0x49,0x44,0x73,0x18,0x00,0x20,0x40,0x30,0x41,0x22,0x1b,0x08,
  0x02,0x12,0x11,0x6d,0x5f,0x62,0x6f,0x6d,0x62,0x73,0x69,0x74,0x65,0x43,0x65,0x6e,0x74,0x65,0x72,0x41,
  0x18,0x04,0x20,0x40,0x48,0x00,0x22,0x1b,0x08,0x02,0x12,0x11,0x6d,0x5f,0x62,0x6f,0x6d,0x62,0x73,0x69,
  0x74,0x65,0x43,0x65,0x6e,0x74,0x65,0x72,0x42,0x18,0x04,0x20,0x40,0x48,0x00,0x22,0x0f,0x08,0x00,0x12,
  0x04,0x30,0x30,0x30,0x30,0x18,0x80,0x02,0x20,0x40,0x48,0x20,0x22,0x1b,0x08,0x05,0x12,0x10,0x6d,0x5f,
  0x68,0x6f,0x73,0x74,0x61,0x67,0x65,0x52,0x65,0x73,0x63,0x75,0x65,0x58,0x18,0x00,0x20,0x40,0x30,0x80,
  0x04,0x22,0x0f,0x08,0x00,0x12,0x04,0x30,0x30,0x30,0x30,0x18,0x80,0x02,0x20,0x40,0x48,0x20,0x22,0x1b,
  0x08,0x05,0x12,0x10,0x6d,0x5f,0x68,0x6f,0x73,0x74,0x61,0x67,0x65,0x52,0x65,0x73,0x63,0x75,0x65,0x59,
  0x18,0x00,0x20,0x40,0x30,0x80,0x04,0x22,0x0f,0x08,0x00,0x12,0x04,0x30,0x30,0x30,0x30,0x18,0x80,0x02,
  0x20,0x40,0x48,0x20,0x22,0x1b,0x08,0x05,0x12,0x10,0x6d,0x5f,0x68,0x6f,0x73,0x74,0x61,0x67,0x65,0x52,
  0x65,0x73,0x63,0x75,0x65,0x5a,0x18,0x00,0x20,0x40,0x30,0x80,0x04,0x22,0x0f,0x08,0x00,0x12,0x04,0x30,
  0x30,0x30,0x30,0x18,0x80,0x02,0x20,0x40,0x48,0x20,0x22,0x11,0x08,0x05,0x12,0x07,0x6d,0x5f,0x69,0x4d,
  0x56,0x50,0x73,0x18,0x00,0x20,0x40,0x30,0x41,0x22,0x0f,0x08,0x00,0x12,0x04,0x30,0x30,0x30,0x30,0x18,
  0x80,0x02,0x20,0x40,0x48,0x20,0x22,0x12,0x08,0x05,0x12,0x08,0x6d,0x5f,0x69,0x41,0x72,0x6d,0x6f,0x72,
  0x18,0x00,0x20,0x40,0x30,0x41,0x22,0x0f,0x08,0x00,0x12,0x04,0x30,0x30,0x30,0x30,0x18,0x80,0x02,0x20,
  0x40,0x48,0x20,0x22,0x16,0x08,0x05,0x12,0x0c,0x6d,0x5f,0x62,0x48,0x61,0x73,0x48,0x65,0x6c,0x6d,0x65,
  0x74,0x18,0x00,0x20,0x40,0x30,0x41,0x22,0x0f,0x08,0x00,0x12,0x04,0x30,0x30,0x30,0x30,0x18,0x80,0x02,
  0x20,0x40,0x48,0x20,0x22,0x17,0x08,0x05,0x12,0x0d,0x6d,0x5f,0x62,0x48,0x61,0x73,0x44,0x65,0x66,0x75,
  0x73,0x65,0x72,0x18,0x00,0x20,0x40,0x30,0x41,0x22,0x0f,0x08,0x00,0x12,0x04,0x30,0x30,0x30,0x30,0x18,
  0x80,0x02,0x20,0x40,0x48,0x20,0x22,0x12,0x08,0x05,0x12,0x08,0x6d,0x5f,0x69,0x53,0x63,0x6f,0x72,0x65,
  0x18,0x00,0x20,0x40,0x30,0x41,0x22,0x0f,0x08,0x00,0x12,0x04,0x30,0x30,0x30,0x30,0x18,0x80,0x02,0x20,
  0x40,0x48,0x20,0x22,0x1f,0x08,0x05,0x12,0x15,0x6d,0x5f,0x69,0x43,0x6f,0x6d,0x70,0x65,0x74,0x69,0x74,
  0x69,0x76,0x65,0x52,0x61,0x6e,0x6b,0x69,0x6e,0x67,0x18,0x00,0x20,0x40,0x30,0x41,0x22,0x0f,0x08,0x00,
  0x12,0x04,0x30,0x30,0x30,0x30,0x18,0x80,0x02,0x20,0x40,0x48,0x20,0x22,0x1c,0x08,0x05,0x12,0x12,0x6d,
  0x5f,0x69,0x43,0x6f,0x6d,0x70,0x65,0x74,0x69,0x74,0x69,0x76,0x65,0x57,0x69,0x6e,0x73,0x18,0x00,0x20,
  0x40,0x30,0x41,0x22,0x0f,0x08,0x00,0x12,0x04,0x30,0x30,0x30,0x30,0x18,0x80,0x02,0x20,0x40,0x48,0x20,
  0x22,0x1e,0x08,0x05,0x12,0x14,0x6d,0x5f,0x69,0x43,0x6f,0x6d,0x70,0x54,0x65,0x61,0x6d,0x6d,0x61,0x74,
  0x65,0x43,0x6f,0x6c,0x6f,0x72,0x18,0x00,0x20,0x40,0x30,0x41,0x22,0x0f,0x08,0x00,0x12,0x04,0x30,0x30,
  0x30,0x30,0x18,0x80,0x02,0x20,0x40,0x48,0x20,0x22,0x1b,0x08,0x05,0x12,0x11,0x6d,0x5f,0x62,0x43,0x6f,
  0x6e,0x74,0x72,0x6f,0x6c,0x6c,0x69,0x6e,0x67,0x42,0x6f,0x74,0x18,0x00,0x20,0x40,0x30,0x41,0x22,0x0f,
  0x08,0x00,0x12,0x04,0x30,0x30,0x30,0x30,0x18,0x80,0x02,0x20,0x40,0x48,0x20,0x22,0x1d,0x08,0x05,0x12,
  0x13,0x6d,0x5f,0x69,0x43,0x6f,0x6e,0x74,0x72,0x6f,0x6c,0x6c,0x65,0x64,0x50,0x6c,0x61,0x79,0x65,0x72,
  0x18,0x00,0x20,0x40,0x30,0x41,0x22,0x0f,0x08,0x00,0x12,0x04,0x30,0x30,0x30,0x30,0x18,0x80,0x02,0x20,
  0x40,0x48,0x20,0x22,0x1f,0x08,0x05,0x12,0x15,0x6d,0x5f,0x69,0x43,0x6f,0x6e,0x74,0x72,0x6f,0x6c,0x6c,
  0x65,0x64,0x42,0x79,0x50,0x6c,0x61,0x79,0x65,0x72,0x18,0x00,0x20,0x40,0x30,0x41,0x22,0x0f,0x08,0x00,
  0x12,0x04,0x30,0x30,0x30,0x30,0x18,0x80,0x02,0x20,0x40,0x48,0x20,0x22,0x1a,0x08,0x05,0x12,0x10,0x6d,
  0x5f,0x69,0x42,0x6f,0x74,0x44,0x69,0x66,0x66,0x69,0x63,0x75,0x6c,0x74,0x79,0x18,0x00,0x20,0x40,0x30,
  0x41,0x22,0x0f,0x08,0x00,0x12,0x04,0x30,0x30,0x30,0x30,0x18,0x80,0x02,0x20,0x40,0x48,0x20,0x22,0x12,
  0x08,0x05,0x12,0x08,0x6d,0x5f,0x73,0x7a,0x43,0x6c,0x61,0x6e,0x18,0x00,0x20,0x40,0x30,0x41,0x22,0x0f,
  0x08,0x00,0x12,0x04,0x30,0x30,0x30,0x30,0x18,0x80,0x02,0x20,0x40,0x48,0x20,0x22,0x1b,0x08,0x05,0x12,
  0x11,0x6d,0x5f,0x69,0x54,0x6f,0x74,0x61,0x6c,0x43,0x61,0x73,0x68,0x53,0x70,0x65,0x6e,0x74,0x18,0x00,
  0x20,0x40,0x30,0x41,0x22,0x0f,0x08,0x00,0x12,0x04,0x30,0x30,0x30,0x30,0x18,0x80,0x02,0x20,0x40,0x48,
  0x20,0x22,0x1f,0x08,0x05,0x12,0x15,0x6d,0x5f,0x69,0x43,0x61,0x73,0x68,0x53,0x70,0x65,0x6e,0x74,0x54,
  0x68,0x69,0x73,0x52,0x6f,0x75,0x6e,0x64,0x18,0x00,0x20,0x40,0x30,0x41,0x22,0x0f,0x08,0x00,0x12,0x04,
  0x30,0x30,0x30,0x30,0x18,0x80,0x02,0x20,0x40,0x48,0x20,0x22,0x21,0x08,0x05,0x12,0x17,0x6d,0x5f,0x6e,
  0x45,0x6e,0x64,0x4d,0x61,0x74,0x63,0x68,0x4e,0x65,0x78,0x74,0x4d,0x61,0x70,0x56,0x6f,0x74,0x65,0x73,
  0x18,0x00,0x20,0x40,0x30,0x41,0x22,0x24,0x08,0x00,0x12,0x1a,0x6d,0x5f,0x62,0x45,0x6e,0x64,0x4d,0x61,
  0x74,0x63,0x68,0x4e,0x65,0x78,0x74,0x4d,0x61,0x70,0x41,0x6c,0x6c,0x56,0x6f,0x74,0x65,0x64,0x18,0x00,
  0x20,0x40,0x48,0x20,0x22,0x0f,0x08,0x00,0x12,0x04,0x30,0x30,0x30,0x30,0x18,0x80,0x02,0x20,0x40,0x48,
  0x20,0x22,0x1b,0x08,0x05,0x12,0x11,0x6d,0x5f,0x6e,0x41,0x63,0x74,0x69,0x76,0x65,0x43,0x6f,0x69,0x6e,
  0x52,0x61,0x6e,0x6b,0x18,0x00,0x20,0x40,0x30,0x41,0x22,0x0f,0x08,0x00,0x12,0x04,0x30,0x30,0x30,0x30,
  0x18,0x80,0x02,0x20,0x40,0x48,0x20,0x22,0x14,0x08,0x05,0x12,0x0a,0x6d,0x5f,0x6e,0x4d,0x75,0x73,0x69,
  0x63,0x49,0x44,0x18,0x00,0x20,0x40,0x30,0x41,0x22,0x0f,0x08,0x00,0x12,0x04,0x30,0x30,0x30,0x30,0x18,
  0x80,0x02,0x20,0x40,0x48,0x20,0x22,0x23,0x08,0x05,0x12,0x19,0x6d,0x5f,0x6e,0x50,0x65,0x72,0x73,0x6f,
  0x6e,0x61,0x44,0x61,0x74,0x61,0x50,0x75,0x62,0x6c,0x69,0x63,0x4c,0x65,0x76,0x65,0x6c,0x18,0x00,0x20,
  0x40,0x30,0x41,0x09,0xda,0x02,0x08,0x01,0x12,0x0c,0x44,0x54,0x5f,0x43,0x53,0x52,0x61,0x67,0x64,0x6f,
  0x6c,0x6c,0x18,0x00,0x22,0x15,0x08,0x02,0x12,0x0b,0x6d,0x5f,0x76,0x65,0x63,0x4f,0x72,0x69,0x67,0x69,
  0x6e,0x18,0x04,0x20,0x40,0x48,0x00,0x22,0x1c,0x08,0x02,0x12,0x12,0x6d,0x5f,0x76,0x65,0x63,0x52,0x61,
  0x67,0x64,0x6f,0x6c,0x6c,0x4f,0x72,0x69,0x67,0x69,0x6e,0x18,0x04,0x20,0x40,0x48,0x00,0x22,0x13,0x08,
  0x00,0x12,0x09,0x6d,0x5f,0x68,0x50,0x6c,0x61,0x79,0x65,0x72,0x18,0x00,0x20,0x40,0x48,0x20,0x22,0x17,
  0x08,0x00,0x12,0x0d,0x6d,0x5f,0x6e,0x4d,0x6f,0x64,0x65,0x6c,0x49,0x6e,0x64,0x65,0x78,0x18,0x00,0x20,
  0x40,0x48,0x20,0x22,0x16,0x08,0x00,0x12,0x0c,0x6d,0x5f,0x6e,0x46,0x6f,0x72,0x63,0x65,0x42,0x6f,0x6e,
  0x65,0x18,0x00,0x20,0x40,0x48,0x20,0x22,0x14,0x08,0x02,0x12,0x0a,0x6d,0x5f,0x76,0x65,0x63,0x46,0x6f,
  0x72,0x63,0x65,0x18,0x04,0x20,0x40,0x48,0x00,0x22,0x1e,0x08,0x02,0x12,0x14,0x6d,0x5f,0x76,0x65,0x63,
  0x52,0x61,0x67,0x64,0x6f,0x6c,0x6c,0x56,0x65,0x6c,0x6f,0x63,0x69,0x74,0x79,0x18,0x04,0x20,0x40,0x48,
  0x00,0x22,0x16,0x08,0x00,0x12,0x0c,0x6d,0x5f,0x69,0x44,0x65,0x61,0x74,0x68,0x50,0x6f,0x73,0x65,0x18,
  0x00,0x20,0x40,0x48,0x20,0x22,0x17,0x08,0x00,0x12,0x0d,0x6d,0x5f,0x69,0x44,0x65,0x61,0x74,0x68,0x46,
  0x72,0x61,0x6d,0x65,0x18,0x00,0x20,0x40,0x48,0x20,0x22,0x14,0x08,0x00,0x12,0x0a,0x6d,0x5f,0x69,0x54,
  0x65,0x61,0x6d,0x4e,0x75,0x6d,0x18,0x00,0x20,0x40,0x48,0x20,0x22,0x20,0x08,0x00,0x12,0x16,0x6d,0x5f,
  0x62,0x43,0x6c,0x69,0x65,0x6e,0x74,0x53,0x69,0x64,0x65,0x41,0x6e,0x69,0x6d,0x61,0x74,0x69,0x6f,0x6e,
  0x18,0x00,0x20,0x40,0x48,0x20,0x22,0x16,0x08,0x01,0x12,0x0c,0x6d,0x5f,0x66,0x6c,0x44,0x65,0x61,0x74,
  0x68,0x59,0x61,0x77,0x18,0x04,0x20,0x40,0x48,0x20,0x22,0x14,0x08,0x01,0x12,0x0a,0x6d,0x5f,0x66,0x6c,
  0x41,0x62,0x73,0x59,0x61,0x77,0x18,0x04,0x20,0x40,0x48,0x20,0x09,0x81,0x02,0x08,0x01,0x12,0x0f,0x44,
  0x54,0x5f,0x43,0x61,0x73,0x63,0x61,0x64,0x65,0x4c,0x69,0x67,0x68,0x74,0x18,0x00,0x22,0x20,0x08,0x06,
  0x12,0x09,0x62,0x61,0x73,0x65,0x63,0x6c,0x61,0x73,0x73,0x18,0x00,0x20,0x40,0x2a,0x0d,0x44,0x54,0x5f,
  0x42,0x61,0x73,0x65,0x45,0x6e,0x74,0x69,0x74,0x79,0x22,0x1b,0x08,0x02,0x12,0x11,0x6d,0x5f,0x73,0x68,
  0x61,0x64,0x6f,0x77,0x44,0x69,0x72,0x65,0x63,0x74,0x69,0x6f,0x6e,0x18,0x04,0x20,0x40,0x48,0x00,0x22,
  0x23,0x08,0x02,0x12,0x19,0x6d,0x5f,0x65,0x6e,0x76,0x4c,0x69,0x67,0x68,0x74,0x53,0x68,0x61,0x64,0x6f,
  0x77,0x44,0x69,0x72,0x65,0x63,0x74,0x69,0x6f,0x6e,0x18,0x04,0x20,0x40,0x48,0x00,0x22,0x14,0x08,0x00,
  0x12,0x0a,0x6d,0x5f,0x62,0x45,0x6e,0x61,0x62,0x6c,0x65,0x64,0x18,0x00,0x20,0x40,0x48,0x20,0x22,0x1e,
  0x08,0x00,0x12,0x14,0x6d,0x5f,0x62,0x55,0x73,0x65,0x4c,0x69,0x67,0x68,0x74,0x45,0x6e,0x76,0x41,0x6e,
  0x67,0x6c,0x65,0x73,0x18,0x00,0x20,0x40,0x48,0x20,0x22,0x16,0x08,0x00,0x12,0x0c,0x6d,0x5f,0x4c,0x69,
  0x67,0x68,0x74,0x43,0x6f,0x6c,0x6f,0x72,0x18,0x00,0x20,0x40,0x48,0x20,0x22,0x1b,0x08,0x00,0x12,0x11,
  0x6d,0x5f,0x4c,0x69,0x67,0x68,0x74,0x43,0x6f,0x6c,0x6f,0x72,0x53,0x63,0x61,0x6c,0x65,0x18,0x00,0x20,
  0x40,0x48,0x20,0x22,0x1b,0x08,0x01,0x12,0x11,0x6d,0x5f,0x66,0x6c,0x4d,0x61,0x78,0x53,0x68,0x61,0x64,
  0x6f,0x77,0x44,0x69,0x73,0x74,0x18,0x04,0x20,0x40,0x48,0x20,0x09,0xeb,0x02,0x08,0x01,0x12,0x12,0x44,
  0x54,0x5f,0x43,0x6f,0x6c,0x6f,0x72,0x43,0x6f,0x72,0x72,0x65,0x63,0x74,0x69,0x6f,0x6e,0x18,0x00,0x22,
  0x20,0x08,0x06,0x12,0x09,0x62,0x61,0x73,0x65,0x63,0x6c,0x61,0x73,0x73,0x18,0x00,0x20,0x40,0x2a,0x0d,
  0x44,0x54,0x5f,0x42,0x61,0x73,0x65,0x45,0x6e,0x74,0x69,0x74,0x79,0x22,0x15,0x08,0x02,0x12,0x0b,0x6d,
  0x5f,0x76,0x65,0x63,0x4f,0x72,0x69,0x67,0x69,0x6e,0x18,0x04,0x20,0x40,0x48,0x00,0x22,0x16,0x08,0x01,
  0x12,0x0c,0x6d,0x5f,0x6d,0x69,0x6e,0x46,0x61,0x6c,0x6c,0x6f,0x66,0x66,0x18,0x04,0x20,0x40,0x48,0x20,
  0x22,0x16,0x08,0x01,0x12,0x0c,0x6d,0x5f,0x6d,0x61,0x78,0x46,0x61,0x6c,0x6c,0x6f,0x66,0x66,0x18,0x04,
  0x20,0x40,0x48,0x20,0x22,0x17,0x08,0x01,0x12,0x0d,0x6d,0x5f,0x66,0x6c,0x43,0x75,0x72,0x57,0x65,0x69,
  0x67,0x68,0x74,0x18,0x04,0x20,0x40,0x48,0x20,0x22,0x17,0x08,0x01,0x12,0x0d,0x6d,0x5f,0x66,0x6c,0x4d,
  0x61,0x78,0x57,0x65,0x69,0x67,0x68,0x74,0x18,0x04,0x20,0x40,0x48,0x20,0x22,0x1c,0x08,0x01,0x12,0x12,
  0x6d,0x5f,0x66,0x6c,0x46,0x61,0x64,0x65,0x49,0x6e,0x44,0x75,0x72,0x61,0x74,0x69,0x6f,0x6e,0x18,0x04,
  0x20,0x40,0x48,0x20,0x22,0x1d,0x08,0x01,0x12,0x13,0x6d,0x5f,0x66,0x6c,0x46,0x61,0x64,0x65,0x4f,0x75,
  0x74,0x44,0x75,0x72,0x61,0x74,0x69,0x6f,0x6e,0x18,0x04,0x20,0x40,0x48,0x20,0x22,0x1d,0x08,0x04,0x12,
  0x13,0x6d,0x5f,0x6e,0x65,0x74,0x4c,0x6f,0x6f,0x6b,0x75,0x70,0x46,0x69,0x6c,0x65,0x6e,0x61,0x6d,0x65,
  0x18,0x00,0x20,0x40,0x48,0x00,0x22,0x14,0x08,0x00,0x12,0x0a,0x6d,0x5f,0x62,0x45,0x6e,0x61,0x62,0x6c,
  0x65,0x64,0x18,0x00,0x20,0x40,0x48,0x20,0x22,0x13,0x08,0x00,0x12,0x09,0x6d,0x5f,0x62,0x4d,0x61,0x73,
  0x74,0x65,0x72,0x18,0x00,0x20,0x40,0x48,0x20,0x22,0x17,0x08,0x00,0x12,0x0d,0x6d,0x5f,0x62,0x43,0x6c,
  0x69,0x65,0x6e,0x74,0x53,0x69,0x64,0x65,0x18,0x00,0x20,0x40,0x48,0x20,0x22,0x16,0x08,0x00,0x12,0x0c,
  0x6d,0x5f,0x62,0x45,0x78,0x63,0x6c,0x75,0x73,0x69,0x76,0x65,0x18,0x00,0x20,0x40,0x48,0x20,0x09,0xb8,
  0x01,0x08,0x01,0x12,0x18,0x44,0x54,0x5f,0x43,0x6f,0x6c,0x6f,0x72,0x43,0x6f,0x72,0x72,0x65,0x63,0x74,
  0x69,0x6f,0x6e,0x56,0x6f,0x6c,0x75,0x6d,0x65,0x18,0x00,0x22,0x21,0x08,0x06,0x12,0x09,0x62,0x61,0x73,
  0x65,0x63,0x6c,0x61,0x73,0x73,0x18,0x00,0x20,0x40,0x2a,0x0e,0x44,0x54,0x5f,0x42,0x61,0x73,0x65,0x54,
  0x72,0x69,0x67,0x67,0x65,0x72,0x22,0x14,0x08,0x00,0x12,0x0a,0x6d,0x5f,0x62,0x45,0x6e,0x61,0x62,0x6c,
  0x65,0x64,0x18,0x00,0x20,0x40,0x48,0x20,0x22,0x15,0x08,0x01,0x12,0x0b,0x6d,0x5f,0x4d,0x61,0x78,0x57,
  0x65,0x69,0x67,0x68,0x74,0x18,0x04,0x20,0x40,0x48,0x20,0x22,0x18,0x08,0x01,0x12,0x0e,0x6d,0x5f,0x46,
  0x61,0x64,0x65,0x44,0x75,0x72,0x61,0x74,0x69,0x6f,0x6e,0x18,0x04,0x20,0x40,0x48,0x20,0x22,0x12,0x08,
  0x01,0x12,0x08,0x6d,0x5f,0x57,0x65,0x69,0x67,0x68,0x74,0x18,0x04,0x20,0x40,0x48,0x20,0x22,0x1a,0x08,
  0x04,0x12,0x10,0x6d,0x5f,0x6c,0x6f,0x6f,0x6b,0x75,0x70,0x46,0x69,0x6c,0x65,0x6e,0x61,0x6d,0x65,0x18,
  0x00,0x20,0x40,0x48,0x00,0x09,0x3a,0x08,0x01,0x12,0x0f,0x44,0x54,0x5f,0x44,0x65,0x63,0x6f,0x79,0x47,
  0x72,0x65,0x6e,0x61,0x64,0x65,0x18,0x00,0x22,0x23,0x08,0x06,0x12,0x09,0x62,0x61,0x73,0x65,0x63,0x6c,
  0x61,0x73,0x73,0x18,0x00,0x20,0x40,0x2a,0x10,0x44,0x54,0x5f,0x42,0x61,0x73,0x65,0x43,0x53,0x47,0x72,
  0x65,0x6e,0x61,0x64,0x65,0x09,0x47,0x08,0x01,0x12,0x12,0x44,0x54,0x5f,0x44,0x65,0x63,0x6f,0x79,0x50,
  0x72,0x6f,0x6a,0x65,0x63,0x74,0x69,0x6c,0x65,0x18,0x00,0x22,0x2d,0x08,0x06,0x12,0x09,0x62,0x61,0x73,
  0x65,0x63,0x6c,0x61,0x73,0x73,0x18,0x00,0x20,0x40,0x2a,0x1a,0x44,0x54,0x5f,0x42,0x61,0x73,0x65,0x43,
  0x53,0x47,0x72,0x65,0x6e,0x61,0x64,0x65,0x50,0x72,0x6f,0x6a,0x65,0x63,0x74,0x69,0x6c,0x65,0x09,0x51,
  0x08,0x01,0x12,0x13,0x44,0x54,0x5f,0x44,0x65,0x74,0x61,0x69,0x6c,0x43,0x6f,0x6e,0x74,0x72,0x6f,0x6c,
  0x6c,0x65,0x72,0x18,0x00,0x22,0x1b,0x08,0x01,0x12,0x11,0x6d,0x5f,0x66,0x6c,0x46,0x61,0x64,0x65,0x53,
  0x74,0x61,0x72,0x74,0x44,0x69,0x73,0x74,0x18,0x04,0x20,0x40,0x48,0x20,0x22,0x19,0x08,0x01,0x12,0x0f,
  0x6d,0x5f,0x66,0x6c,0x46,0x61,0x64,0x65,0x45,0x6e,0x64,0x44,0x69,0x73,0x74,0x18,0x04,0x20,0x40,0x48,
  0x20,0x09,0xf3,0x02,0x08,0x01,0x12,0x0c,0x44,0x54,0x5f,0x44,0x75,0x73,0x74,0x54,0x72,0x61,0x69,0x6c,
  0x18,0x00,0x22,0x28,0x08,0x06,0x12,0x09,0x62,0x61,0x73,0x65,0x63,0x6c,0x61,0x73,0x73,0x18,0x00,0x20,
  0x40,0x2a,0x15,0x44,0x54,0x5f,0x42,0x61,0x73,0x65,0x50,0x61,0x72,0x74,0x69,0x63,0x6c,0x65,0x45,0x6e,
  0x74,0x69,0x74,0x79,0x22,0x15,0x08,0x01,0x12,0x0b,0x6d,0x5f,0x53,0x70,0x61,0x77,0x6e,0x52,0x61,0x74,
  0x65,0x18,0x04,0x20,0x40,0x48,0x20,0x22,0x11,0x08,0x02,0x12,0x07,0x6d,0x5f,0x43,0x6f,0x6c,0x6f,0x72,
  0x18,0x04,0x20,0x40,0x48,0x00,0x22,0x1c,0x08,0x01,0x12,0x12,0x6d,0x5f,0x50,0x61,0x72,0x74,0x69,0x63,
  0x6c,0x65,0x4c,0x69,0x66,0x65,0x74,0x69,0x6d,0x65,0x18,0x04,0x20,0x40,0x48,0x20,0x22,0x18,0x08,0x01,
  0x12,0x0e,0x6d,0x5f,0x53,0x74,0x6f,0x70,0x45,0x6d,0x69,0x74,0x54,0x69,0x6d,0x65,0x18,0x04,0x20,0x40,
  0x48,0x20,0x22,0x14,0x08,0x01,0x12,0x0a,0x6d,0x5f,0x4d,0x69,0x6e,0x53,0x70,0x65,0x65,0x64,0x18,0x04,
  0x20,0x40,0x48,0x20,0x22,0x14,0x08,0x01,0x12,0x0a,0x6d,0x5f,0x4d,0x61,0x78,0x53,0x70,0x65,0x65,0x64,
  0x18,0x04,0x20,0x40,0x48,0x20,0x22,0x1c,0x08,0x01,0x12,0x12,0x6d,0x5f,0x4d,0x69,0x6e,0x44,0x69,0x72,
  0x65,0x63,0x74,0x65,0x64,0x53,0x70,0x65,0x65,0x64,0x18,0x04,0x20,0x40,0x48,0x20,0x22,0x1c,0x08,0x01,
  0x12,0x12,0x6d,0x5f,0x4d,0x61,0x78,0x44,0x69,0x72,0x65,0x63,0x74,0x65,0x64,0x53,0x70,0x65,0x65,0x64,
  0x18,0x04,0x20,0x40,0x48,0x20,0x22,0x15,0x08,0x01,0x12,0x0b,0x6d,0x5f,0x53,0x74,0x61,0x72,0x74,0x53,
  0x69,0x7a,0x65,0x18,0x04,0x20,0x40,0x48,0x20,0x22,0x13,0x08,0x01,0x12,0x09,0x6d,0x5f,0x45,0x6e,0x64,
  0x53,0x69,0x7a,0x65,0x18,0x04,0x20,0x40,0x48,0x20,0x22,0x17,0x08,0x01,0x12,0x0d,0x6d,0x5f,0x53,0x70,
  0x61,0x77,0x6e,0x52,0x61,0x64,0x69,0x75,0x73,0x18,0x04,0x20,0x40,0x48,0x20,0x22,0x11,0x08,0x00,0x12,
  0x07,0x6d,0x5f,0x62,0x45,0x6d,0x69,0x74,0x18,0x00,0x20,0x40,0x48,0x20,0x22,0x13,0x08,0x01,0x12,0x09,
  0x6d,0x5f,0x4f,0x70,0x61,0x63,0x69,0x74,0x79,0x18,0x04,0x20,0x40,0x48,0x20,0x09,0xd4,0x01,0x08,0x01,
  0x12,0x0f,0x44,0x54,0x5f,0x44,0x79,0x6e,0x61,0x6d,0x69,0x63,0x4c,0x69,0x67,0x68,0x74,0x18,0x00,0x22,
  0x20,0x08,0x06,0x12,0x09,0x62,0x61,0x73,0x65,0x63,0x6c,0x61,0x73,0x73,0x18,0x00,0x20,0x40,0x2a,0x0d,
  0x44,0x54,0x5f,0x42,0x61,0x73,0x65,0x45,0x6e,0x74,0x69,0x74,0x79,0x22,0x11,0x08,0x00,0x12,0x07,0x6d,
  0x5f,0x46,0x6c,0x61,0x67,0x73,0x18,0x00,0x20,0x40,0x48,0x20,0x22,0x16,0x08,0x00,0x12,0x0c,0x6d,0x5f,
  0x4c,0x69,0x67,0x68,0x74,0x53,0x74,0x79,0x6c,0x65,0x18,0x00,0x20,0x40,0x48,0x20,0x22,0x12,0x08,0x01,
  0x12,0x08,0x6d,0x5f,0x52,0x61,0x64,0x69,0x75,0x73,0x18,0x04,0x20,0x40,0x48,0x20,0x22,0x14,0x08,0x00,
  0x12,0x0a,0x6d,0x5f,0x45,0x78,0x70,0x6f,0x6e,0x65,0x6e,0x74,0x18,0x00,0x20,0x40,0x48,0x20,0x22,0x16,
  0x08,0x01,0x12,0x0c,0x6d,0x5f,0x49,0x6e,0x6e,0x65,0x72,0x41,0x6e,0x67,0x6c,0x65,0x18,0x04,0x20,0x40,
  0x48,0x20,0x22,0x16,0x08,0x01,0x12,0x0c,0x6d,0x5f,0x4f,0x75,0x74,0x65,0x72,0x41,0x6e,0x67,0x6c,0x65,
  0x18,0x04,0x20,0x40,0x48,0x20,0x22,0x16,0x08,0x01,0x12,0x0c,0x6d,0x5f,0x53,0x70,0x6f,0x74,0x52,0x61,
  0x64,0x69,0x75,0x73,0x18,0x04,0x20,0x40,0x48,0x20,0x09,0xc0,0x01,0x08,0x01,0x12,0x0e,0x44,0x54,0x5f,
  0x44,0x79,0x6e,0x61,0x6d,0x69,0x63,0x50,0x72,0x6f,0x70,0x18,0x00,0x22,0x23,0x08,0x06,0x12,0x09,0x62,
  0x61,0x73,0x65,0x63,0x6c,0x61,0x73,0x73,0x18,0x00,0x20,0x40,0x2a,0x10,0x44,0x54,0x5f,0x42,0x72,0x65,
  0x61,0x6b,0x61,0x62,0x6c,0x65,0x50,0x72,0x6f,0x70,0x22,0x24,0x08,0x00,0x12,0x1a,0x6d,0x5f,0x62,0x55,
  0x73,0x65,0x48,0x69,0x74,0x62,0x6f,0x78,0x65,0x73,0x46,0x6f,0x72,0x52,0x65,0x6e,0x64,0x65,0x72,0x42,
  0x6f,0x78,0x18,0x00,0x20,0x40,0x48,0x20,0x22,0x19,0x08,0x01,0x12,0x0f,0x6d,0x5f,0x66,0x6c,0x47,0x6c,
  0x6f,0x77,0x4d,0x61,0x78,0x44,0x69,0x73,0x74,0x18,0x04,0x20,0x40,0x48,0x20,0x22,0x17,0x08,0x00,0x12,
  0x0d,0x6d,0x5f,0x62,0x53,0x68,0x6f,0x75,0x6c,0x64,0x47,0x6c,0x6f,0x77,0x18,0x00,0x20,0x40,0x48,0x20,
  0x22,0x13,0x08,0x00,0x12,0x09,0x6d,0x5f,0x63,0x6c,0x72,0x47,0x6c,0x6f,0x77,0x18,0x00,0x20,0x40,0x48,
  0x20,0x22,0x16,0x08,0x00,0x12,0x0c,0x6d,0x5f,0x6e,0x47,0x6c,0x6f,0x77,0x53,0x74,0x79,0x6c,0x65,0x18,
  0x00,0x20,0x40,0x48,0x20,0x09,0x64,0x08,0x01,0x12,0x0d,0x44,0x54,0x5f,0x45,0x63,0x6f,0x6e,0x45,0x6e,
  0x74,0x69,0x74,0x79,0x18,0x00,0x22,0x1e,0x08,0x06,0x12,0x09,0x62,0x61,0x73,0x65,0x63,0x6c,0x61,0x73,
  0x73,0x18,0x00,0x20,0x40,0x2a,0x0b,0x44,0x54,0x5f,0x42,0x61,0x73,0x65,0x46,0x6c,0x65,0x78,0x22,0x2f,
  0x08,0x06,0x12,0x12,0x6d,0x5f,0x41,0x74,0x74,0x72,0x69,0x62,0x75,0x74,0x65,0x4d,0x61,0x6e,0x61,0x67,
  0x65,0x72,0x18,0x00,0x20,0x40,0x2a,0x13,0x44,0x54,0x5f,0x41,0x74,0x74,0x72,0x69,0x62,0x75,0x74,0x65,
  0x4d,0x61,0x6e,0x61,0x67,0x65,0x72,0x09,0x85,0x01,0x08,0x01,0x12,0x09,0x44,0x54,0x5f,0x45,0x6d,0x62,
  0x65,0x72,0x73,0x18,0x00,0x22,0x20,0x08,0x06,0x12,0x09,0x62,0x61,0x73,0x65,0x63,0x6c,0x61,0x73,0x73,
  0x18,0x00,0x20,0x40,0x2a,0x0d,0x44,0x54,0x5f,0x42,0x61,0x73,0x65,0x45,0x6e,0x74,0x69,0x74,0x79,0x22,
  0x14,0x08,0x00,0x12,0x0a,0x6d,0x5f,0x6e,0x44,0x65,0x6e,0x73,0x69,0x74,0x79,0x18,0x00,0x20,0x40,0x48,
  0x20,0x22,0x15,0x08,0x00,0x12,0x0b,0x6d,0x5f,0x6e,0x4c,0x69,0x66,0x65,0x74,0x69,0x6d,0x65,0x18,0x00,
  0x20,0x40,0x48,0x20,0x22,0x12,0x08,0x00,0x12,0x08,0x6d,0x5f,0x6e,0x53,0x70,0x65,0x65,0x64,0x18,0x00,
  0x20,0x40,0x48,0x20,0x22,0x11,0x08,0x00,0x12,0x07,0x6d,0x5f,0x62,0x45,0x6d,0x69,0x74,0x18,0x00,0x20,
  0x40,0x48,0x20,0x09,0x6a,0x08,0x01,0x12,0x0e,0x44,0x54,0x5f,0x45,0x6e,0x74,0x69,0x74,0x79,0x46,0x6c,
  0x61,0x6d,0x65,0x18,0x00,0x22,0x20,0x08,0x06,0x12,0x09,0x62,0x61,0x73,0x65,0x63,0x6c,0x61,0x73,0x73,
  0x18,0x00,0x20,0x40,0x2a,0x0d,0x44,0x54,0x5f,0x42,0x61,0x73,0x65,0x45,0x6e,0x74,0x69,0x74,0x79,0x22,
  0x18,0x08,0x00,0x12,0x0e,0x6d,0x5f,0x68,0x45,0x6e,0x74,0x41,0x74,0x74,0x61,0x63,0x68,0x65,0x64,0x18,
  0x00,0x20,0x40,0x48,0x20,0x22,0x18,0x08,0x00,0x12,0x0e,0x6d,0x5f,0x62,0x43,0x68,0x65,0x61,0x70,0x45,
  0x66,0x66,0x65,0x63,0x74,0x18,0x00,0x20,0x40,0x48,0x20,0x09,0xba,0x01,0x08,0x01,0x12,0x11,0x44,0x54,
  0x5f,0x45,0x6e,0x74,0x69,0x74,0x79,0x46,0x72,0x65,0x65,0x7a,0x69,0x6e,0x67,0x18,0x00,0x22,0x20,0x08,
  0x06,0x12,0x09,0x62,0x61,0x73,0x65,0x63,0x6c,0x61,0x73,0x73,0x18,0x00,0x20,0x40,0x2a,0x0d,0x44,0x54,
  0x5f,0x42,0x61,0x73,0x65,0x45,0x6e,0x74,0x69,0x74,0x79,0x22,0x1b,0x08,0x02,0x12,0x11,0x6d,0x5f,0x76,
  0x46,0x72,0x65,0x65,0x7a,0x69,0x6e,0x67,0x4f,0x72,0x69,0x67,0x69,0x6e,0x18,0x04,0x20,0x40,0x48,0x00,
  0x22,0x0f,0x08,0x01,0x12,0x04,0x30,0x30,0x30,0x30,0x18,0x84,0x02,0x20,0x40,0x48,0x20,0x22,0x1e,0x08,
  0x05,0x12,0x13,0x6d,0x5f,0x66,0x6c,0x46,0x72,0x6f,0x7a,0x65,0x6e,0x50,0x65,0x72,0x48,0x69,0x74,0x62,
  0x6f,0x78,0x18,0x00,0x20,0x40,0x30,0x80,0x01,0x22,0x14,0x08,0x01,0x12,0x0a,0x6d,0x5f,0x66,0x6c,0x46,
  0x72,0x6f,0x7a,0x65,0x6e,0x18,0x04,0x20,0x40,0x48,0x20,0x22,0x1b,0x08,0x00,0x12,0x11,0x6d,0x5f,0x62,
  0x46,0x69,0x6e,0x69,0x73,0x68,0x46,0x72,0x65,0x65,0x7a,0x69,0x6e,0x67,0x18,0x00,0x20,0x40,0x48,0x20,
  0x09,0xeb,0x01,0x08,0x01,0x12,0x16,0x44,0x54,0x5f,0x45,0x6e,0x74,0x69,0x74,0x79,0x50,0x61,0x72,0x74,
  0x69,0x63,0x6c,0x65,0x54,0x72,0x61,0x69,0x6c,0x18,0x00,0x22,0x28,0x08,0x06,0x12,0x09,0x62,0x61,0x73,
  0x65,0x63,0x6c,0x61,0x73,0x73,0x18,0x00,0x20,0x40,0x2a,0x15,0x44,0x54,0x5f,0x42,0x61,0x73,0x65,0x50,
  0x61,0x72,0x74,0x69,0x63,0x6c,0x65,0x45,0x6e,0x74,0x69,0x74,0x79,0x22,0x19,0x08,0x00,0x12,0x0f,0x6d,
  0x5f,0x69,0x4d,0x61,0x74,0x65,0x72,0x69,0x61,0x6c,0x4e,0x61,0x6d,0x65,0x18,0x00,0x20,0x40,0x48,0x20,
  0x22,0x0f,0x08,0x01,0x12,0x04,0x30,0x30,0x30,0x30,0x18,0x84,0x02,0x20,0x40,0x48,0x20,0x22,0x10,0x08,
  0x05,0x12,0x06,0x6d,0x5f,0x49,0x6e,0x66,0x6f,0x18,0x00,0x20,0x40,0x30,0x04,0x22,0x16,0x08,0x01,0x12,
  0x0c,0x6d,0x5f,0x66,0x6c,0x4c,0x69,0x66,0x65,0x74,0x69,0x6d,0x65,0x18,0x04,0x20,0x40,0x48,0x20,0x22,
  0x17,0x08,0x01,0x12,0x0d,0x6d,0x5f,0x66,0x6c,0x53,0x74,0x61,0x72,0x74,0x53,0x69,0x7a,0x65,0x18,0x04,
  0x20,0x40,0x48,0x20,0x22,0x15,0x08,0x01,0x12,0x0b,0x6d,0x5f,0x66,0x6c,0x45,0x6e,0x64,0x53,0x69,0x7a,
  0x65,0x18,0x04,0x20,0x40,0x48,0x20,0x22,0x1d,0x08,0x00,0x12,0x13,0x6d,0x5f,0x68,0x43,0x6f,0x6e,0x73,
  0x74,0x72,0x61,0x69,0x6e,0x74,0x45,0x6e,0x74,0x69,0x74,0x79,0x18,0x00,0x20,0x40,0x48,0x20,0x09,0x53,
  0x08,0x01,0x12,0x12,0x44,0x54,0x5f,0x45,0x6e,0x76,0x41,0x6d,0x62,0x69,0x65,0x6e,0x74,0x4c,0x69,0x67,
  0x68,0x74,0x18,0x00,0x22,0x23,0x08,0x06,0x12,0x09,0x62,0x61,0x73,0x65,0x63,0x6c,0x61,0x73,0x73,0x18,
  0x00,0x20,0x40,0x2a,0x10,0x44,0x54,0x5f,0x53,0x70,0x61,0x74,0x69,0x61,0x6c,0x45,0x6e,0x74,0x69,0x74,
  0x79,0x22,0x14,0x08,0x02,0x12,0x0a,0x6d,0x5f,0x76,0x65,0x63,0x43,0x6f,0x6c,0x6f,0x72,0x18,0x04,0x20,
  0x40,0x48,0x00,0x09,0x83,0x02,0x08,0x01,0x12,0x13,0x44,0x54,0x5f,0x45,0x6e,0x76,0x44,0x4f,0x46,0x43,
  0x6f,0x6e,0x74,0x72,0x6f,0x6c,0x6c,0x65,0x72,0x18,0x00,0x22,0x20,0x08,0x06,0x12,0x09,0x62,0x61,0x73,
  0x65,0x63,0x6c,0x61,0x73,0x73,0x18,0x00,0x20,0x40,0x2a,0x0d,0x44,0x54,0x5f,0x42,0x61,0x73,0x65,0x45,
  0x6e,0x74,0x69,0x74,0x79,0x22,0x17,0x08,0x00,0x12,0x0d,0x6d,0x5f,0x62,0x44,0x4f,0x46,0x45,0x6e,0x61,
  0x62,0x6c,0x65,0x64,0x18,0x00,0x20,0x40,0x48,0x20,0x22,0x1b,0x08,0x01,0x12,0x11,0x6d,0x5f,0x66,0x6c,
  0x4e,0x65,0x61,0x72,0x42,0x6c,0x75,0x72,0x44,0x65,0x70,0x74,0x68,0x18,0x04,0x20,0x40,0x48,0x20,0x22,
  0x1c,0x08,0x01,0x12,0x12,0x6d,0x5f,0x66,0x6c,0x4e,0x65,0x61,0x72,0x46,0x6f,0x63,0x75,0x73,0x44,0x65,
  0x70,0x74,0x68,0x18,0x04,0x20,0x40,0x48,0x20,0x22,0x1b,0x08,0x01,0x12,0x11,0x6d,0x5f,0x66,0x6c,0x46,
  0x61,0x72,0x46,0x6f,0x63,0x75,0x73,0x44,0x65,0x70,0x74,0x68,0x18,0x04,0x20,0x40,0x48,0x20,0x22,0x1a,
  0x08,0x01,0x12,0x10,0x6d,0x5f,0x66,0x6c,0x46,0x61,0x72,0x42,0x6c,0x75,0x72,0x44,0x65,0x70,0x74,0x68,
  0x18,0x04,0x20,0x40,0x48,0x20,0x22,0x1c,0x08,0x01,0x12,0x12,0x6d,0x5f,0x66,0x6c,0x4e,0x65,0x61,0x72,
  0x42,0x6c,0x75,0x72,0x52,0x61,0x64,0x69,0x75,0x73,0x18,0x04,0x20,0x40,0x48,0x20,0x22,0x1b,0x08,0x01,
  0x12,0x11,0x6d,0x5f,0x66,0x6c,0x46,0x61,0x72,0x42,0x6c,0x75,0x72,0x52,0x61,0x64,0x69,0x75,0x73,0x18,
  0x04,0x20,0x40,0x48,0x20,0x09,0x5c,0x08,0x01,0x12,0x14,0x44,0x54,0x5f,0x45,0x6e,0x76,0x50,0x61,0x72,
  0x74,0x69,0x63,0x6c,0x65,0x53,0x63,0x72,0x69,0x70,0x74,0x18,0x00,0x22,0x23,0x08,0x06,0x12,0x09,0x62,
  0x61,0x73,0x65,0x63,0x6c,0x61,0x73,0x73,0x18,0x00,0x20,0x40,0x2a,0x10,0x44,0x54,0x5f,0x42,0x61,0x73,
  0x65,0x41,0x6e,0x69,0x6d,0x61,0x74,0x69,0x6e,0x67,0x22,0x1b,0x08,0x01,0x12,0x11,0x6d,0x5f,0x66,0x6c,
  0x53,0x65,0x71,0x75,0x65,0x6e,0x63,0x65,0x53,0x63,0x61,0x6c,0x65,0x18,0x04,0x20,0x40,0x48,0x20,0x09,
  0xf2,0x04,0x08,0x01,0x12,0x16,0x44,0x54,0x5f,0x45,0x6e,0x76,0x50,0x72,0x6f,0x6a,0x65,0x63,0x74,0x65,
  0x64,0x54,0x65,0x78,0x74,0x75,0x72,0x65,0x18,0x00,0x22,0x20,0x08,0x06,0x12,0x09,0x62,0x61,0x73,0x65,
  0x63,0x6c,0x61,0x73,0x73,0x18,0x00,0x20,0x40,0x2a,0x0d,0x44,0x54,0x5f,0x42,0x61,0x73,0x65,0x45,0x6e,
  0x74,0x69,0x74,0x79,0x22,0x19,0x08,0x00,0x12,0x0f,0x6d,0x5f,0x68,0x54,0x61,0x72,0x67,0x65,0x74,0x45,
  0x6e,0x74,0x69,0x74,0x79,0x18,0x00,0x20,0x40,0x48,0x20,0x22,0x12,0x08,0x00,0x12,0x08,0x6d,0x5f,0x62,
  0x53,0x74,0x61,0x74,0x65,0x18,0x00,0x20,0x40,0x48,0x20,0x22,0x19,0x08,0x00,0x12,0x0f,0x6d,0x5f,0x62,
  0x41,0x6c,0x77,0x61,0x79,0x73,0x55,0x70,0x64,0x61,0x74,0x65,0x18,0x00,0x20,0x40,0x48,0x20,0x22,0x16,
  0x08,0x01,0x12,0x0c,0x6d,0x5f,0x66,0x6c,0x4c,0x69,0x67,0x68,0x74,0x46,0x4f,0x56,0x18,0x04,0x20,0x40,
  0x48,0x20,0x22,0x1a,0x08,0x00,0x12,0x10,0x6d,0x5f,0x62,0x45,0x6e,0x61,0x62,0x6c,0x65,0x53,0x68,0x61,
  0x64,0x6f,0x77,0x73,0x18,0x00,0x20,0x40,0x48,0x20,0x22,0x1d,0x08,0x00,0x12,0x13,0x6d,0x5f,0x62,0x53,
  0x69,0x6d,0x70,0x6c,0x65,0x50,0x72,0x6f,0x6a,0x65,0x63,0x74,0x69,0x6f,0x6e,0x18,0x00,0x20,0x40,0x48,
  0x20,0x22,0x1c,0x08,0x00,0x12,0x12,0x6d,0x5f,0x62,0x4c,0x69,0x67,0x68,0x74,0x4f,0x6e,0x6c,0x79,0x54,
  0x61,0x72,0x67,0x65,0x74,0x18,0x00,0x20,0x40,0x48,0x20,0x22,0x17,0x08,0x00,0x12,0x0d,0x6d,0x5f,0x62,
  0x4c,0x69,0x67,0x68,0x74,0x57,0x6f,0x72,0x6c,0x64,0x18,0x00,0x20,0x40,0x48,0x20,0x22,0x18,0x08,0x00,
  0x12,0x0e,0x6d,0x5f,0x62,0x43,0x61,0x6d,0x65,0x72,0x61,0x53,0x70,0x61,0x63,0x65,0x18,0x00,0x20,0x40,
  0x48,0x20,0x22,0x1d,0x08,0x01,0x12,0x13,0x6d,0x5f,0x66,0x6c,0x42,0x72,0x69,0x67,0x68,0x74,0x6e,0x65,
  0x73,0x73,0x53,0x63,0x61,0x6c,0x65,0x18,0x04,0x20,0x40,0x48,0x20,0x22,0x16,0x08,0x00,0x12,0x0c,0x6d,
  0x5f,0x4c,0x69,0x67,0x68,0x74,0x43,0x6f,0x6c,0x6f,0x72,0x18,0x00,0x20,0x40,0x48,0x20,0x22,0x21,0x08,
  0x01,0x12,0x17,0x6d,0x5f,0x66,0x6c,0x43,0x6f,0x6c,0x6f,0x72,0x54,0x72,0x61,0x6e,0x73,0x69,0x74,0x69,
  0x6f,0x6e,0x54,0x69,0x6d,0x65,0x18,0x04,0x20,0x40,0x48,0x20,0x22,0x15,0x08,0x01,0x12,0x0b,0x6d,0x5f,
  0x66,0x6c,0x41,0x6d,0x62,0x69,0x65,0x6e,0x74,0x18,0x04,0x20,0x40,0x48,0x20,0x22,0x20,0x08,0x04,0x12,
  0x16,0x6d,0x5f,0x53,0x70,0x6f,0x74,0x6c,0x69,0x67,0x68,0x74,0x54,0x65,0x78,0x74,0x75,0x72,0x65,0x4e,
  0x61,0x6d,0x65,0x18,0x00,0x20,0x40,0x48,0x00,0x22,0x22,0x08,0x00,0x12,0x18,0x6d,0x5f,0x6e,0x53,0x70,
  0x6f,0x74,0x6c,0x69,0x67,0x68,0x74,0x54,0x65,0x78,0x74,0x75,0x72,0x65,0x46,0x72,0x61,0x6d,0x65,0x18,
  0x00,0x20,0x40,0x48,0x20,0x22,0x13,0x08,0x01,0x12,0x09,0x6d,0x5f,0x66,0x6c,0x4e,0x65,0x61,0x72,0x5a,
  0x18,0x04,0x20,0x40,0x48,0x20,0x22,0x12,0x08,0x01,0x12,0x08,0x6d,0x5f,0x66,0x6c,0x46,0x61,0x72,0x5a,
  0x18,0x04,0x20,0x40,0x48,0x20,0x22,0x1a,0x08,0x00,0x12,0x10,0x6d,0x5f,0x6e,0x53,0x68,0x61,0x64,0x6f,
  0x77,0x51,0x75,0x61,0x6c,0x69,0x74,0x79,0x18,0x00,0x20,0x40,0x48,0x20,0x22,0x1c,0x08,0x01,0x12,0x12,
  0x6d,0x5f,0x66,0x6c,0x50,0x72,0x6f,0x6a,0x65,0x63,0x74,0x69,0x6f,0x6e,0x53,0x69,0x7a,0x65,0x18,0x04,
  0x20,0x40,0x48,0x20,0x22,0x16,0x08,0x01,0x12,0x0c,0x6d,0x5f,0x66,0x6c,0x52,0x6f,0x74,0x61,0x74,0x69,
  0x6f,0x6e,0x18,0x04,0x20,0x40,0x48,0x20,0x22,0x12,0x08,0x00,0x12,0x08,0x6d,0x5f,0x69,0x53,0x74,0x79,
  0x6c,0x65,0x18,0x00,0x20,0x40,0x48,0x20,0x09,0x65,0x08,0x01,0x12,0x12,0x44,0x54,0x5f,0x45,0x6e,0x76,
  0x53,0x63,0x72,0x65,0x65,0x6e,0x45,0x66,0x66,0x65,0x63,0x74,0x18,0x00,0x22,0x20,0x08,0x06,0x12,0x09,
  0x62,0x61,0x73,0x65,0x63,0x6c,0x61,0x73,0x73,0x18,0x00,0x20,0x40,0x2a,0x0d,0x44,0x54,0x5f,0x42,0x61,
  0x73,0x65,0x45,0x6e,0x74,0x69,0x74,0x79,0x22,0x16,0x08,0x01,0x12,0x0c,0x6d,0x5f,0x66,0x6c,0x44,0x75,
  0x72,0x61,0x74,0x69,0x6f,0x6e,0x18,0x04,0x20,0x40,0x48,0x20,0x22,0x11,0x08,0x00,0x12,0x07,0x6d,0x5f,
  0x6e,0x54,0x79,0x70,0x65,0x18,0x00,0x20,0x40,0x48,0x20,0x09,0x80,0x02,0x08,0x01,0x12,0x13,0x44,0x54,
  0x5f,0x45,0x6e,0x76,0x53,0x63,0x72,0x65,0x65,0x6e,0x4f,0x76,0x65,0x72,0x6c,0x61,0x79,0x18,0x00,0x22,
  0x20,0x08,0x06,0x12,0x09,0x62,0x61,0x73,0x65,0x63,0x6c,0x61,0x73,0x73,0x18,0x00,0x20,0x40,0x2a,0x0d,
  0x44,0x54,0x5f,0x42,0x61,0x73,0x65,0x45,0x6e,0x74,0x69,0x74,0x79,0x22,0x1e,0x08,0x04,0x12,0x14,0x6d,
  0x5f,0x69,0x73,0x7a,0x4f,0x76,0x65,0x72,0x6c,0x61,0x79,0x4e,0x61,0x6d,0x65,0x73,0x5b,0x30,0x5d,0x18,
  0x00,0x20,0x40,0x48,0x00,0x22,0x1b,0x08,0x04,0x12,0x11,0x6d,0x5f,0x69,0x73,0x7a,0x4f,0x76,0x65,0x72,
  0x6c,0x61,0x79,0x4e,0x61,0x6d,0x65,0x73,0x18,0x00,0x20,0x40,0x48,0x00,0x22,0x1d,0x08,0x01,0x12,0x13,
  0x6d,0x5f,0x66,0x6c,0x4f,0x76,0x65,0x72,0x6c,0x61,0x79,0x54,0x69,0x6d,0x65,0x73,0x5b,0x30,0x5d,0x18,
  0x04,0x20,0x40,0x48,0x20,0x22,0x1a,0x08,0x04,0x12,0x10,0x6d,0x5f,0x66,0x6c,0x4f,0x76,0x65,0x72,0x6c,
  0x61,0x79,0x54,0x69,0x6d,0x65,0x73,0x18,0x00,0x20,0x40,0x48,0x00,0x22,0x17,0x08,0x01,0x12,0x0d,0x6d,
  0x5f,0x66,0x6c,0x53,0x74,0x61,0x72,0x74,0x54,0x69,0x6d,0x65,0x18,0x04,0x20,0x40,0x48,0x20,0x22,0x1b,
  0x08,0x00,0x12,0x11,0x6d,0x5f,0x69,0x44,0x65,0x73,0x69,0x72,0x65,0x64,0x4f,0x76,0x65,0x72,0x6c,0x61,
  0x79,0x18,0x00,0x20,0x40,0x48,0x20,0x22,0x15,0x08,0x00,0x12,0x0b,0x6d,0x5f,0x62,0x49,0x73,0x41,0x63,
  0x74,0x69,0x76,0x65,0x18,0x00,0x20,0x40,0x48,0x20,0x09,0x85,0x04,0x08,0x01,0x12,0x17,0x44,0x54,0x5f,
  0x45,0x6e,0x76,0x54,0x6f,0x6e,0x65,0x6d,0x61,0x70,0x43,0x6f,0x6e,0x74,0x72,0x6f,0x6c,0x6c,0x65,0x72,
  0x18,0x00,0x22,0x20,0x08,0x06,0x12,0x09,0x62,0x61,0x73,0x65,0x63,0x6c,0x61,0x73,0x73,0x18,0x00,0x20,
  0x40,0x2a,0x0d,0x44,0x54,0x5f,0x42,0x61,0x73,0x65,0x45,0x6e,0x74,0x69,0x74,0x79,0x22,0x25,0x08,0x00,
  0x12,0x1b,0x6d,0x5f,0x62,0x55,0x73,0x65,0x43,0x75,0x73,0x74,0x6f,0x6d,0x41,0x75,0x74,0x6f,0x45,0x78,
  0x70,0x6f,0x73,0x75,0x72,0x65,0x4d,0x69,0x6e,0x18,0x00,0x20,0x40,0x48,0x20,0x22,0x25,0x08,0x00,0x12,
  0x1b,0x6d,0x5f,0x62,0x55,0x73,0x65,0x43,0x75,0x73,0x74,0x6f,0x6d,0x41,0x75,0x74,0x6f,0x45,0x78,0x70,
  0x6f,0x73,0x75,0x72,0x65,0x4d,0x61,0x78,0x18,0x00,0x20,0x40,0x48,0x20,0x22,0x20,0x08,0x00,0x12,0x16,
  0x6d,0x5f,0x62,0x55,0x73,0x65,0x43,0x75,0x73,0x74,0x6f,0x6d,0x42,0x6c,0x6f,0x6f,0x6d,0x53,0x63,0x61,
  0x6c,0x65,0x18,0x00,0x20,0x40,0x48,0x20,0x22,0x23,0x08,0x01,0x12,0x19,0x6d,0x5f,0x66,0x6c,0x43,0x75,
  0x73,0x74,0x6f,0x6d,0x41,0x75,0x74,0x6f,0x45,0x78,0x70,0x6f,0x73,0x75,0x72,0x65,0x4d,0x69,0x6e,0x18,
  0x04,0x20,0x40,0x48,0x20,0x22,0x23,0x08,0x01,0x12,0x19,0x6d,0x5f,0x66,0x6c,0x43,0x75,0x73,0x74,0x6f,
  0x6d,0x41,0x75,0x74,0x6f,0x45,0x78,0x70,0x6f,0x73,0x75,0x72,0x65,0x4d,0x61,0x78,0x18,0x04,0x20,0x40,
  0x48,0x20,0x22,0x1e,0x08,0x01,0x12,0x14,0x6d,0x5f,0x66,0x6c,0x43,0x75,0x73,0x74,0x6f,0x6d,0x42,0x6c,
  0x6f,0x6f,0x6d,0x53,0x63,0x61,0x6c,0x65,0x18,0x04,0x20,0x40,0x48,0x20,0x22,0x25,0x08,0x01,0x12,0x1b,
  0x6d,0x5f,0x66,0x6c,0x43,0x75,0x73,0x74,0x6f,0x6d,0x42,0x6c,0x6f,0x6f,0x6d,0x53,0x63,0x61,0x6c,0x65,
  0x4d,0x69,0x6e,0x69,0x6d,0x75,0x6d,0x18,0x04,0x20,0x40,0x48,0x20,0x22,0x1b,0x08,0x01,0x12,0x11,0x6d,
  0x5f,0x66,0x6c,0x42,0x6c,0x6f,0x6f,0x6d,0x45,0x78,0x70,0x6f,0x6e,0x65,0x6e,0x74,0x18,0x04,0x20,0x40,
  0x48,0x20,0x22,0x1d,0x08,0x01,0x12,0x13,0x6d,0x5f,0x66,0x6c,0x42,0x6c,0x6f,0x6f,0x6d,0x53,0x61,0x74,
  0x75,0x72,0x61,0x74,0x69,0x6f,0x6e,0x18,0x04,0x20,0x40,0x48,0x20,0x22,0x22,0x08,0x01,0x12,0x18,0x6d,
  0x5f,0x66,0x6c,0x54,0x6f,0x6e,0x65,0x6d,0x61,0x70,0x50,0x65,0x72,0x63,0x65,0x6e,0x74,0x54,0x61,0x72,
  0x67,0x65,0x74,0x18,0x04,0x20,0x40,0x48,0x20,0x22,0x28,0x08,0x01,0x12,0x1e,0x6d,0x5f,0x66,0x6c,0x54,
  0x6f,0x6e,0x65,0x6d,0x61,0x70,0x50,0x65,0x72,0x63,0x65,0x6e,0x74,0x42,0x72,0x69,0x67,0x68,0x74,0x50,
  0x69,0x78,0x65,0x6c,0x73,0x18,0x04,0x20,0x40,0x48,0x20,0x22,0x1e,0x08,0x01,0x12,0x14,0x6d,0x5f,0x66,
  0x6c,0x54,0x6f,0x6e,0x65,0x6d,0x61,0x70,0x4d,0x69,0x6e,0x41,0x76,0x67,0x4c,0x75,0x6d,0x18,0x04,0x20,
  0x40,0x48,0x20,0x22,0x19,0x08,0x01,0x12,0x0f,0x6d,0x5f,0x66,0x6c,0x54,0x6f,0x6e,0x65,0x6d,0x61,0x70,
  0x52,0x61,0x74,0x65,0x18,0x04,0x20,0x40,0x48,0x20,0x09,0x93,0x03,0x08,0x01,0x12,0x0a,0x44,0x54,0x5f,
  0x45,0x6e,0x76,0x57,0x69,0x6e,0x64,0x18,0x00,0x22,0x20,0x08,0x06,0x12,0x09,0x62,0x61,0x73,0x65,0x63,
  0x6c,0x61,0x73,0x73,0x18,0x00,0x20,0x40,0x2a,0x0d,0x44,0x54,0x5f,0x42,0x61,0x73,0x65,0x45,0x6e,0x74,
  0x69,0x74,0x79,0x22,0x0f,0x08,0x00,0x12,0x04,0x30,0x30,0x30,0x30,0x18,0x80,0x02,0x20,0x40,0x48,0x20,
  0x22,0x19,0x08,0x05,0x12,0x0f,0x6d,0x5f,0x45,0x6e,0x76,0x57,0x69,0x6e,0x64,0x53,0x68,0x61,0x72,0x65,
  0x64,0x18,0x00,0x20,0x40,0x30,0x0c,0x22,0x14,0x08,0x00,0x12,0x0a,0x6d,0x5f,0x69,0x4d,0x69,0x6e,0x57,
  0x69,0x6e,0x64,0x18,0x00,0x20,0x40,0x48,0x20,0x22,0x14,0x08,0x00,0x12,0x0a,0x6d,0x5f,0x69,0x4d,0x61,
  0x78,0x57,0x69,0x6e,0x64,0x18,0x00,0x20,0x40,0x48,0x20,0x22,0x14,0x08,0x00,0x12,0x0a,0x6d,0x5f,0x69,
  0x4d,0x69,0x6e,0x47,0x75,0x73,0x74,0x18,0x00,0x20,0x40,0x48,0x20,0x22,0x14,0x08,0x00,0x12,0x0a,0x6d,
  0x5f,0x69,0x4d,0x61,0x78,0x47,0x75,0x73,0x74,0x18,0x00,0x20,0x40,0x48,0x20,0x22,0x1a,0x08,0x01,0x12,
  0x10,0x6d,0x5f,0x66,0x6c,0x4d,0x69,0x6e,0x47,0x75,0x73,0x74,0x44,0x65,0x6c,0x61,0x79,0x18,0x04,0x20,
  0x40,0x48,0x20,0x22,0x1a,0x08,0x01,0x12,0x10,0x6d,0x5f,0x66,0x6c,0x4d,0x61,0x78,0x47,0x75,0x73,0x74,
  0x44,0x65,0x6c,0x61,0x79,0x18,0x04,0x20,0x40,0x48,0x20,0x22,0x1a,0x08,0x00,0x12,0x10,0x6d,0x5f,0x69,
  0x47,0x75,0x73,0x74,0x44,0x69,0x72,0x43,0x68,0x61,0x6e,0x67,0x65,0x18,0x00,0x20,0x40,0x48,0x20,0x22,
  0x15,0x08,0x00,0x12,0x0b,0x6d,0x5f,0x69,0x57,0x69,0x6e,0x64,0x53,0x65,0x65,0x64,0x18,0x00,0x20,0x40,
  0x48,0x20,0x22,0x1b,0x08,0x00,0x12,0x11,0x6d,0x5f,0x69,0x49,0x6e,0x69,0x74,0x69,0x61,0x6c,0x57,0x69,
  0x6e,0x64,0x44,0x69,0x72,0x18,0x00,0x20,0x40,0x48,0x20,0x22,0x1e,0x08,0x01,0x12,0x14,0x6d,0x5f,0x66,
  0x6c,0x49,0x6e,0x69,0x74,0x69,0x61,0x6c,0x57,0x69,0x6e,0x64,0x53,0x70,0x65,0x65,0x64,0x18,0x04,0x20,
  0x40,0x48,0x20,0x22,0x17,0x08,0x01,0x12,0x0d,0x6d,0x5f,0x66,0x6c,0x53,0x74,0x61,0x72,0x74,0x54,0x69,
  0x6d,0x65,0x18,0x04,0x20,0x40,0x48,0x20,0x22,0x1a,0x08,0x01,0x12,0x10,0x6d,0x5f,0x66,0x6c,0x47,0x75,
  0x73,0x74,0x44,0x75,0x72,0x61,0x74,0x69,0x6f,0x6e,0x18,0x04,0x20,0x40,0x48,0x20,0x09,0xa0,0x03,0x08,
  0x01,0x12,0x10,0x44,0x54,0x5f,0x46,0x45,0x50,0x6c,0x61,0x79,0x65,0x72,0x44,0x65,0x63,0x61,0x6c,0x18,
  0x00,0x22,0x20,0x08,0x06,0x12,0x09,0x62,0x61,0x73,0x65,0x63,0x6c,0x61,0x73,0x73,0x18,0x00,0x20,0x40,
  0x2a,0x0d,0x44,0x54,0x5f,0x42,0x61,0x73,0x65,0x45,0x6e,0x74,0x69,0x74,0x79,0x22,0x15,0x08,0x00,0x12,
  0x0b,0x6d,0x5f,0x6e,0x55,0x6e,0x69,0x71,0x75,0x65,0x49,0x44,0x18,0x00,0x20,0x40,0x48,0x20,0x22,0x17,
  0x08,0x00,0x12,0x0d,0x6d,0x5f,0x75,0x6e,0x41,0x63,0x63,0x6f,0x75,0x6e,0x74,0x49,0x44,0x18,0x00,0x20,
  0x40,0x48,0x20,0x22,0x15,0x08,0x00,0x12,0x0b,0x6d,0x5f,0x75,0x6e,0x54,0x72,0x61,0x63,0x65,0x49,0x44,
  0x18,0x00,0x20,0x40,0x48,0x20,0x22,0x14,0x08,0x00,0x12,0x0a,0x6d,0x5f,0x72,0x74,0x47,0x63,0x54,0x69,
  0x6d,0x65,0x18,0x00,0x20,0x40,0x48,0x20,0x22,0x15,0x08,0x02,0x12,0x0b,0x6d,0x5f,0x76,0x65,0x63,0x45,
  0x6e,0x64,0x50,0x6f,0x73,0x18,0x04,0x20,0x40,0x48,0x00,0x22,0x14,0x08,0x02,0x12,0x0a,0x6d,0x5f,0x76,
  0x65,0x63,0x53,0x74,0x61,0x72,0x74,0x18,0x04,0x20,0x40,0x48,0x00,0x22,0x14,0x08,0x02,0x12,0x0a,0x6d,
  0x5f,0x76,0x65,0x63,0x52,0x69,0x67,0x68,0x74,0x18,0x04,0x20,0x40,0x48,0x00,0x22,0x15,0x08,0x02,0x12,
  0x0b,0x6d,0x5f,0x76,0x65,0x63,0x4e,0x6f,0x72,0x6d,0x61,0x6c,0x18,0x04,0x20,0x40,0x48,0x00,0x22,0x13,
  0x08,0x00,0x12,0x09,0x6d,0x5f,0x6e,0x45,0x6e,0x74,0x69,0x74,0x79,0x18,0x00,0x20,0x40,0x48,0x20,0x22,
  0x13,0x08,0x00,0x12,0x09,0x6d,0x5f,0x6e,0x50,0x6c,0x61,0x79,0x65,0x72,0x18,0x00,0x20,0x40,0x48,0x20,
  0x22,0x13,0x08,0x00,0x12,0x09,0x6d,0x5f,0x6e,0x48,0x69,0x74,0x62,0x6f,0x78,0x18,0x00,0x20,0x40,0x48,
  0x20,0x22,0x13,0x08,0x00,0x12,0x09,0x6d,0x5f,0x6e,0x54,0x69,0x6e,0x74,0x49,0x44,0x18,0x00,0x20,0x40,
  0x48,0x20,0x22,0x1a,0x08,0x01,0x12,0x10,0x6d,0x5f,0x66,0x6c,0x43,0x72,0x65,0x61,0x74,0x69,0x6f,0x6e,
  0x54,0x69,0x6d,0x65,0x18,0x04,0x20,0x40,0x48,0x20,0x22,0x14,0x08,0x00,0x12,0x0a,0x6d,0x5f,0x6e,0x56,
  0x65,0x72,0x73,0x69,0x6f,0x6e,0x18,0x00,0x20,0x40,0x48,0x20,0x22,0x0f,0x08,0x00,0x12,0x04,0x30,0x30,
  0x30,0x30,0x18,0x80,0x02,0x20,0x40,0x48,0x20,0x22,0x18,0x08,0x05,0x12,0x0d,0x6d,0x5f,0x75,0x62,0x53,
  0x69,0x67,0x6e,0x61,0x74,0x75,0x72,0x65,0x18,0x00,0x20,0x40,0x30,0x80,0x01,0x09,0x38,0x08,0x01,0x12,
  0x13,0x44,0x54,0x5f,0x46,0x69,0x72,0x65,0x43,0x72,0x61,0x63,0x6b,0x65,0x72,0x42,0x6c,0x61,0x73,0x74,
  0x18,0x00,0x22,0x1d,0x08,0x06,0x12,0x09,0x62,0x61,0x73,0x65,0x63,0x6c,0x61,0x73,0x73,0x18,0x00,0x20,
  0x40,0x2a,0x0a,0x44,0x54,0x5f,0x49,0x6e,0x66,0x65,0x72,0x6e,0x6f,0x09,0xd5,0x01,0x08,0x01,0x12,0x0c,
  0x44,0x54,0x5f,0x46,0x69,0x72,0x65,0x53,0x6d,0x6f,0x6b,0x65,0x18,0x00,0x22,0x20,0x08,0x06,0x12,0x09,
  0x62,0x61,0x73,0x65,0x63,0x6c,0x61,0x73,0x73,0x18,0x00,0x20,0x40,0x2a,0x0d,0x44,0x54,0x5f,0x42,0x61,
  0x73,0x65,0x45,0x6e,0x74,0x69,0x74,0x79,0x22,0x18,0x08,0x01,0x12,0x0e,0x6d,0x5f,0x66,0x6c,0x53,0x74,
  0x61,0x72,0x74,0x53,0x63,0x61,0x6c,0x65,0x18,0x04,0x20,0x40,0x48,0x20,0x22,0x13,0x08,0x01,0x12,0x09,
  0x6d,0x5f,0x66,0x6c,0x53,0x63,0x61,0x6c,0x65,0x18,0x04,0x20,0x40,0x48,0x20,0x22,0x17,0x08,0x01,0x12,
  0x0d,0x6d,0x5f,0x66,0x6c,0x53,0x63,0x61,0x6c,0x65,0x54,0x69,0x6d,0x65,0x18,0x04,0x20,0x40,0x48,0x20,
  0x22,0x12,0x08,0x00,0x12,0x08,0x6d,0x5f,0x6e,0x46,0x6c,0x61,0x67,0x73,0x18,0x00,0x20,0x40,0x48,0x20,
  0x22,0x1c,0x08,0x00,0x12,0x12,0x6d,0x5f,0x6e,0x46,0x6c,0x61,0x6d,0x65,0x4d,0x6f,0x64,0x65,0x6c,0x49,
  0x6e,0x64,0x65,0x78,0x18,0x00,0x20,0x40,0x48,0x20,0x22,0x25,0x08,0x00,0x12,0x1b,0x6d,0x5f,0x6e,0x46,
  0x6c,0x61,0x6d,0x65,0x46,0x72,0x6f,0x6d,0x41,0x62,0x6f,0x76,0x65,0x4d,0x6f,0x64,0x65,0x6c,0x49,0x6e,
  0x64,0x65,0x78,0x18,0x00,0x20,0x40,0x48,0x20,0x09,0x6d,0x08,0x01,0x12,0x0c,0x44,0x54,0x5f,0x46,0x69,
  0x72,0x65,0x54,0x72,0x61,0x69,0x6c,0x18,0x00,0x22,0x28,0x08,0x06,0x12,0x09,0x62,0x61,0x73,0x65,0x63,
  0x6c,0x61,0x73,0x73,0x18,0x00,0x20,0x40,0x2a,0x15,0x44,0x54,0x5f,0x42,0x61,0x73,0x65,0x50,0x61,0x72,
  0x74,0x69,0x63,0x6c,0x65,0x45,0x6e,0x74,0x69,0x74,0x79,0x22,0x17,0x08,0x00,0x12,0x0d,0x6d,0x5f,0x6e,
  0x41,0x74,0x74,0x61,0x63,0x68,0x6d,0x65,0x6e,0x74,0x18,0x00,0x20,0x40,0x48,0x20,0x22,0x16,0x08,0x01,
  0x12,0x0c,0x6d,0x5f,0x66,0x6c,0x4c,0x69,0x66,0x65,0x74,0x69,0x6d,0x65,0x18,0x04,0x20,0x40,0x48,0x20,
  0x09,0x37,0x08,0x01,0x12,0x0c,0x44,0x54,0x5f,0x46,0x6c,0x61,0x73,0x68,0x62,0x61,0x6e,0x67,0x18,0x00,
  0x22,0x23,0x08,0x06,0x12,0x09,0x62,0x61,0x73,0x65,0x63,0x6c,0x61,0x73,0x73,0x18,0x00,0x20,0x40,0x2a,
  0x10,0x44,0x54,0x5f,0x42,0x61,0x73,0x65,0x43,0x53,0x47,0x72,0x65,0x6e,0x61,0x64,0x65,0x09,0x92,0x04,
  0x08,0x01,0x12,0x10,0x44,0x54,0x5f,0x46,0x6f,0x67,0x43,0x6f,0x6e,0x74,0x72,0x6f,0x6c,0x6c,0x65,0x72,
  0x18,0x00,0x22,0x16,0x08,0x00,0x12,0x0c,0x6d,0x5f,0x66,0x6f,0x67,0x2e,0x65,0x6e,0x61,0x62,0x6c,0x65,
  0x18,0x00,0x20,0x40,0x48,0x20,0x22,0x15,0x08,0x00,0x12,0x0b,0x6d,0x5f,0x66,0x6f,0x67,0x2e,0x62,0x6c,
  0x65,0x6e,0x64,0x18,0x00,0x20,0x40,0x48,0x20,0x22,0x1a,0x08,0x02,0x12,0x10,0x6d,0x5f,0x66,0x6f,0x67,
  0x2e,0x64,0x69,0x72,0x50,0x72,0x69,0x6d,0x61,0x72,0x79,0x18,0x04,0x20,0x40,0x48,0x00,0x22,0x1c,0x08,
  0x00,0x12,0x12,0x6d,0x5f,0x66,0x6f,0x67,0x2e,0x63,0x6f,0x6c,0x6f,0x72,0x50,0x72,0x69,0x6d,0x61,0x72,
  0x79,0x18,0x00,0x20,0x40,0x48,0x20,0x22,0x1e,0x08,0x00,0x12,0x14,0x6d,0x5f,0x66,0x6f,0x67,0x2e,0x63,
  0x6f,0x6c,0x6f,0x72,0x53,0x65,0x63,0x6f,0x6e,0x64,0x61,0x72,0x79,0x18,0x00,0x20,0x40,0x48,0x20,0x22,
  0x15,0x08,0x01,0x12,0x0b,0x6d,0x5f,0x66,0x6f,0x67,0x2e,0x73,0x74,0x61,0x72,0x74,0x18,0x04,0x20,0x40,
  0x48,0x20,0x22,0x13,0x08,0x01,0x12,0x09,0x6d,0x5f,0x66,0x6f,0x67,0x2e,0x65,0x6e,0x64,0x18,0x04,0x20,
  0x40,0x48,0x20,0x22,0x14,0x08,0x01,0x12,0x0a,0x6d,0x5f,0x66,0x6f,0x67,0x2e,0x66,0x61,0x72,0x7a,0x18,
  0x04,0x20,0x40,0x48,0x20,0x22,0x1a,0x08,0x01,0x12,0x10,0x6d,0x5f,0x66,0x6f,0x67,0x2e,0x6d,0x61,0x78,
  0x64,0x65,0x6e,0x73,0x69,0x74,0x79,0x18,0x04,0x20,0x40,0x48,0x20,0x22,0x22,0x08,0x00,0x12,0x18,0x6d,
  0x5f,0x66,0x6f,0x67,0x2e,0x63,0x6f,0x6c,0x6f,0x72,0x50,0x72,0x69,0x6d,0x61,0x72,0x79,0x4c,0x65,0x72,
  0x70,0x54,0x6f,0x18,0x00,0x20,0x40,0x48,0x20,0x22,0x24,0x08,0x00,0x12,0x1a,0x6d,0x5f,0x66,0x6f,0x67,
  0x2e,0x63,0x6f,0x6c,0x6f,0x72,0x53,0x65,0x63,0x6f,0x6e,0x64,0x61,0x72,0x79,0x4c,0x65,0x72,0x70,0x54,
  0x6f,0x18,0x00,0x20,0x40,0x48,0x20,0x22,0x1b,0x08,0x01,0x12,0x11,0x6d,0x5f,0x66,0x6f,0x67,0x2e,0x73,
  0x74,0x61,0x72,0x74,0x4c,0x65,0x72,0x70,0x54,0x6f,0x18,0x04,0x20,0x40,0x48,0x20,0x22,0x19,0x08,0x01,
  0x12,0x0f,0x6d,0x5f,0x66,0x6f,0x67,0x2e,0x65,0x6e,0x64,0x4c,0x65,0x72,0x70,0x54,0x6f,0x18,0x04,0x20,
  0x40,0x48,0x20,0x22,0x20,0x08,0x01,0x12,0x16,0x6d,0x5f,0x66,0x6f,0x67,0x2e,0x6d,0x61,0x78,0x64,0x65,
  0x6e,0x73,0x69,0x74,0x79,0x4c,0x65,0x72,0x70,0x54,0x6f,0x18,0x04,0x20,0x40,0x48,0x20,0x22,0x18,0x08,
  0x01,0x12,0x0e,0x6d,0x5f,0x66,0x6f,0x67,0x2e,0x6c,0x65,0x72,0x70,0x74,0x69,0x6d,0x65,0x18,0x04,0x20,
  0x40,0x48,0x20,0x22,0x18,0x08,0x01,0x12,0x0e,0x6d,0x5f,0x66,0x6f,0x67,0x2e,0x64,0x75,0x72,0x61,0x74,
  0x69,0x6f,0x6e,0x18,0x04,0x20,0x40,0x48,0x20,0x22,0x1d,0x08,0x01,0x12,0x13,0x6d,0x5f,0x66,0x6f,0x67,
  0x2e,0x48,0x44,0x52,0x43,0x6f,0x6c,0x6f,0x72,0x53,0x63,0x61,0x6c,0x65,0x18,0x04,0x20,0x40,0x48,0x20,
  0x22,0x1c,0x08,0x01,0x12,0x12,0x6d,0x5f,0x66,0x6f,0x67,0x2e,0x5a,0x6f,0x6f,0x6d,0x46,0x6f,0x67,0x53,
  0x63,0x61,0x6c,0x65,0x18,0x04,0x20,0x40,0x48,0x20,0x09,0x68,0x08,0x01,0x12,0x12,0x44,0x54,0x5f,0x46,
  0x6f,0x6f,0x74,0x73,0x74,0x65,0x70,0x43,0x6f,0x6e,0x74,0x72,0x6f,0x6c,0x18,0x00,0x22,0x21,0x08,0x06,
  0x12,0x09,0x62,0x61,0x73,0x65,0x63,0x6c,0x61,0x73,0x73,0x18,0x00,0x20,0x40,0x2a,0x0e,0x44,0x54,0x5f,
  0x42,0x61,0x73,0x65,0x54,0x72,0x69,0x67,0x67,0x65,0x72,0x22,0x12,0x08,0x04,0x12,0x08,0x6d,0x5f,0x73,
  0x6f,0x75,0x72,0x63,0x65,0x18,0x00,0x20,0x40,0x48,0x00,0x22,0x17,0x08,0x04,0x12,0x0d,0x6d,0x5f,0x64,
  0x65,0x73,0x74,0x69,0x6e,0x61,0x74,0x69,0x6f,0x6e,0x18,0x00,0x20,0x40,0x48,0x00,0x09,0xb8,0x01,0x08,
  0x01,0x12,0x17,0x44,0x54,0x5f,0x46,0x75,0x6e,0x63,0x41,0x72,0x65,0x61,0x50,0x6f,0x72,0x74,0x61,0x6c,
  0x57,0x69,0x6e,0x64,0x6f,0x77,0x18,0x00,0x22,0x20,0x08,0x06,0x12,0x09,0x62,0x61,0x73,0x65,0x63,0x6c,
  0x61,0x73,0x73,0x18,0x00,0x20,0x40,0x2a,0x0d,0x44,0x54,0x5f,0x42,0x61,0x73,0x65,0x45,0x6e,0x74,0x69,
  0x74,0x79,0x22,0x1b,0x08,0x01,0x12,0x11,0x6d,0x5f,0x66,0x6c,0x46,0x61,0x64,0x65,0x53,0x74,0x61,0x72,
  0x74,0x44,0x69,0x73,0x74,0x18,0x04,0x20,0x40,0x48,0x20,0x22,0x16,0x08,0x01,0x12,0x0c,0x6d,0x5f,0x66,
  0x6c,0x46,0x61,0x64,0x65,0x44,0x69,0x73,0x74,0x18,0x04,0x20,0x40,0x48,0x20,0x22,0x1f,0x08,0x01,0x12,
  0x15,0x6d,0x5f,0x66,0x6c,0x54,0x72,0x61,0x6e,0x73,0x6c,0x75,0x63,0x65,0x6e,0x63,0x79,0x4c,0x69,0x6d,
  0x69,0x74,0x18,0x04,0x20,0x40,0x48,0x20,0x22,0x21,0x08,0x00,0x12,0x17,0x6d,0x5f,0x69,0x42,0x61,0x63,
  0x6b,0x67,0x72,0x6f,0x75,0x6e,0x64,0x4d,0x6f,0x64,0x65,0x6c,0x49,0x6e,0x64,0x65,0x78,0x18,0x00,0x20,
  0x40,0x48,0x20,0x09,0x34,0x08,0x01,0x12,0x0c,0x44,0x54,0x5f,0x46,0x75,0x6e,0x63,0x42,0x72,0x75,0x73,
  0x68,0x18,0x00,0x22,0x20,0x08,0x06,0x12,0x09,0x62,0x61,0x73,0x65,0x63,0x6c,0x61,0x73,0x73,0x18,0x00,
  0x20,0x40,0x2a,0x0d,0x44,0x54,0x5f,0x42,0x61,0x73,0x65,0x45,0x6e,0x74,0x69,0x74,0x79,0x09,0x54,0x08,
  0x01,0x12,0x0f,0x44,0x54,0x5f,0x46,0x75,0x6e,0x63,0x43,0x6f,0x6e,0x76,0x65,0x79,0x6f,0x72,0x18,0x00,
  0x22,0x20,0x08,0x06,0x12,0x09,0x62,0x61,0x73,0x65,0x63,0x6c,0x61,0x73,0x73,0x18,0x00,0x20,0x40,0x2a,
  0x0d,0x44,0x54,0x5f,0x42,0x61,0x73,0x65,0x45,0x6e,0x74,0x69,0x74,0x79,0x22,0x1b,0x08,0x01,0x12,0x11,
  0x6d,0x5f,0x66,0x6c,0x43,0x6f,0x6e,0x76,0x65,0x79,0x6f,0x72,0x53,0x70,0x65,0x65,0x64,0x18,0x04,0x20,
  0x40,0x48,0x20,0x09,0xb9,0x01,0x08,0x01,0x12,0x0d,0x44,0x54,0x5f,0x46,0x75,0x6e,0x63,0x4c,0x61,0x64,
  0x64,0x65,0x72,0x18,0x00,0x22,0x20,0x08,0x06,0x12,0x09,0x62,0x61,0x73,0x65,0x63,0x6c,0x61,0x73,0x73,
  0x18,0x00,0x20,0x40,0x2a,0x0d,0x44,0x54,0x5f,0x42,0x61,0x73,0x65,0x45,0x6e,0x74,0x69,0x74,0x79,0x22,
  0x25,0x08,0x02,0x12,0x1b,0x6d,0x5f,0x76,0x65,0x63,0x50,0x6c,0x61,0x79,0x65,0x72,0x4d,0x6f,0x75,0x6e,
  0x74,0x50,0x6f,0x73,0x69,0x74,0x69,0x6f,0x6e,0x54,0x6f,0x70,0x18,0x04,0x20,0x40,0x48,0x00,0x22,0x28,
  0x08,0x02,0x12,0x1e,0x6d,0x5f,0x76,0x65,0x63,0x50,0x6c,0x61,0x79,0x65,0x72,0x4d,0x6f,0x75,0x6e,0x74,
  0x50,0x6f,0x73,0x69,0x74,0x69,0x6f,0x6e,0x42,0x6f,0x74,0x74,0x6f,0x6d,0x18,0x04,0x20,0x40,0x48,0x00,
  0x22,0x18,0x08,0x02,0x12,0x0e,0x6d,0x5f,0x76,0x65,0x63,0x4c,0x61,0x64,0x64,0x65,0x72,0x44,0x69,0x72,
  0x18,0x04,0x20,0x40,0x48,0x00,0x22,0x17,0x08,0x00,0x12,0x0d,0x6d,0x5f,0x62,0x46,0x61,0x6b,0x65,0x4c,
  0x61,0x64,0x64,0x65,0x72,0x18,0x00,0x20,0x40,0x48,0x20,0x09,0x35,0x08,0x01,0x12,0x0e,0x44,0x54,0x5f,
  0x46,0x75,0x6e,0x63,0x4d,0x6f,0x6e,0x69,0x74,0x6f,0x72,0x18,0x00,0x22,0x1f,0x08,0x06,0x12,0x09,0x62,
  0x61,0x73,0x65,0x63,0x6c,0x61,0x73,0x73,0x18,0x00,0x20,0x40,0x2a,0x0c,0x44,0x54,0x5f,0x46,0x75,0x6e,
  0x63,0x42,0x72,0x75,0x73,0x68,0x09,0x66,0x08,0x01,0x12,0x11,0x44,0x54,0x5f,0x46,0x75,0x6e,0x63,0x4d,
  0x6f,0x76,0x65,0x4c,0x69,0x6e,0x65,0x61,0x72,0x18,0x00,0x22,0x20,0x08,0x06,0x12,0x09,0x62,0x61,0x73,
  0x65,0x63,0x6c,0x61,0x73,0x73,0x18,0x00,0x20,0x40,0x2a,0x0d,0x44,0x54,0x5f,0x42,0x61,0x73,0x65,0x54,
  0x6f,0x67,0x67,0x6c,0x65,0x22,0x17,0x08,0x02,0x12,0x0d,0x6d,0x5f,0x76,0x65,0x63,0x56,0x65,0x6c,0x6f,
  0x63,0x69,0x74,0x79,0x18,0x04,0x20,0x40,0x48,0x00,0x22,0x12,0x08,0x00,0x12,0x08,0x6d,0x5f,0x66,0x46,
  0x6c,0x61,0x67,0x73,0x18,0x00,0x20,0x40,0x48,0x20,0x09,0x68,0x08,0x01,0x12,0x0f,0x44,0x54,0x5f,0x46,
  0x75,0x6e,0x63,0x4f,0x63,0x63,0x6c,0x75,0x64,0x65,0x72,0x18,0x00,0x22,0x20,0x08,0x06,0x12,0x09,0x62,
  0x61,0x73,0x65,0x63,0x6c,0x61,0x73,0x73,0x18,0x00,0x20,0x40,0x2a,0x0d,0x44,0x54,0x5f,0x42,0x61,0x73,
  0x65,0x45,0x6e,0x74,0x69,0x74,0x79,0x22,0x13,0x08,0x00,0x12,0x09,0x6d,0x5f,0x62,0x41,0x63,0x74,0x69,
  0x76,0x65,0x18,0x00,0x20,0x40,0x48,0x20,0x22,0x1a,0x08,0x00,0x12,0x10,0x6d,0x5f,0x6e,0x4f,0x63,0x63,
  0x6c,0x75,0x64,0x65,0x72,0x49,0x6e,0x64,0x65,0x78,0x18,0x00,0x20,0x40,0x48,0x20,0x09,0x3d,0x08,0x01,
  0x12,0x16,0x44,0x54,0x5f,0x46,0x75,0x6e,0x63,0x52,0x65,0x66,0x6c,0x65,0x63,0x74,0x69,0x76,0x65,0x47,
  0x6c,0x61,0x73,0x73,0x18,0x00,0x22,0x1f,0x08,0x06,0x12,0x09,0x62,0x61,0x73,0x65,0x63,0x6c,0x61,0x73,
  0x73,0x18,0x00,0x20,0x40,0x2a,0x0c,0x44,0x54,0x5f,0x46,0x75,0x6e,0x63,0x42,0x72,0x75,0x73,0x68,0x09,
  0xc0,0x01,0x08,0x01,0x12,0x0f,0x44,0x54,0x5f,0x46,0x75,0x6e,0x63,0x52,0x6f,0x74,0x61,0x74,0x69,0x6e,
  0x67,0x18,0x00,0x22,0x20,0x08,0x06,0x12,0x09,0x62,0x61,0x73,0x65,0x63,0x6c,0x61,0x73,0x73,0x18,0x00,
  0x20,0x40,0x2a,0x0d,0x44,0x54,0x5f,0x42,0x61,0x73,0x65,0x45,0x6e,0x74,0x69,0x74,0x79,0x22,0x15,0x08,
  0x02,0x12,0x0b,0x6d,0x5f,0x76,0x65,0x63,0x4f,0x72,0x69,0x67,0x69,0x6e,0x18,0x04,0x20,0x40,0x48,0x00,
  0x22,0x1a,0x08,0x01,0x12,0x10,0x6d,0x5f,0x61,0x6e,0x67,0x52,0x6f,0x74,0x61,0x74,0x69,0x6f,0x6e,0x5b,
  0x30,0x5d,0x18,0x04,0x20,0x40,0x48,0x20,0x22,0x1a,0x08,0x01,0x12,0x10,0x6d,0x5f,0x61,0x6e,0x67,0x52,
  0x6f,0x74,0x61,0x74,0x69,0x6f,0x6e,0x5b,0x31,0x5d,0x18,0x04,0x20,0x40,0x48,0x20,0x22,0x1a,0x08,0x01,
  0x12,0x10,0x6d,0x5f,0x61,0x6e,0x67,0x52,0x6f,0x74,0x61,0x74,0x69,0x6f,0x6e,0x5b,0x32,0x5d,0x18,0x04,
  0x20,0x40,0x48,0x20,0x22,0x1c,0x08,0x00,0x12,0x12,0x6d,0x5f,0x66,0x6c,0x53,0x69,0x6d,0x75,0x6c,0x61,
  0x74,0x69,0x6f,0x6e,0x54,0x69,0x6d,0x65,0x18,0x00,0x20,0x40,0x48,0x20,0x09,0xf1,0x04,0x08,0x01,0x12,
  0x12,0x44,0x54,0x5f,0x46,0x75,0x6e,0x63,0x53,0x6d,0x6f,0x6b,0x65,0x56,0x6f,0x6c,0x75,0x6d,0x65,0x18,
  0x00,0x22,0x28,0x08,0x06,0x12,0x09,0x62,0x61,0x73,0x65,0x63,0x6c,0x61,0x73,0x73,0x18,0x00,0x20,0x40,
  0x2a,0x15,0x44,0x54,0x5f,0x42,0x61,0x73,0x65,0x50,0x61,0x72,0x74,0x69,0x63,0x6c,0x65,0x45,0x6e,0x74,
  0x69,0x74,0x79,0x22,0x12,0x08,0x00,0x12,0x08,0x6d,0x5f,0x43,0x6f,0x6c,0x6f,0x72,0x31,0x18,0x00,0x20,
  0x40,0x48,0x20,0x22,0x12,0x08,0x00,0x12,0x08,0x6d,0x5f,0x43,0x6f,0x6c,0x6f,0x72,0x32,0x18,0x00,0x20,
  0x40,0x48,0x20,0x22,0x18,0x08,0x04,0x12,0x0e,0x6d,0x5f,0x4d,0x61,0x74,0x65,0x72,0x69,0x61,0x6c,0x4e,
  0x61,0x6d,0x65,0x18,0x00,0x20,0x40,0x48,0x00,0x22,0x1d,0x08,0x01,0x12,0x13,0x6d,0x5f,0x50,0x61,0x72,
  0x74,0x69,0x63,0x6c,0x65,0x44,0x72,0x61,0x77,0x57,0x69,0x64,0x74,0x68,0x18,0x04,0x20,0x40,0x48,0x20,
  0x22,0x23,0x08,0x01,0x12,0x19,0x6d,0x5f,0x50,0x61,0x72,0x74,0x69,0x63,0x6c,0x65,0x53,0x70,0x61,0x63,
  0x69,0x6e,0x67,0x44,0x69,0x73,0x74,0x61,0x6e,0x63,0x65,0x18,0x04,0x20,0x40,0x48,0x20,0x22,0x1c,0x08,
  0x01,0x12,0x12,0x6d,0x5f,0x44,0x65,0x6e,0x73,0x69,0x74,0x79,0x52,0x61,0x6d,0x70,0x53,0x70,0x65,0x65,
  0x64,0x18,0x04,0x20,0x40,0x48,0x20,0x22,0x19,0x08,0x01,0x12,0x0f,0x6d,0x5f,0x52,0x6f,0x74,0x61,0x74,
  0x69,0x6f,0x6e,0x53,0x70,0x65,0x65,0x64,0x18,0x04,0x20,0x40,0x48,0x20,0x22,0x19,0x08,0x01,0x12,0x0f,
  0x6d,0x5f,0x4d,0x6f,0x76,0x65,0x6d,0x65,0x6e,0x74,0x53,0x70,0x65,0x65,0x64,0x18,0x04,0x20,0x40,0x48,
  0x20,0x22,0x13,0x08,0x01,0x12,0x09,0x6d,0x5f,0x44,0x65,0x6e,0x73,0x69,0x74,0x79,0x18,0x04,0x20,0x40,
  0x48,0x20,0x22,0x1b,0x08,0x01,0x12,0x11,0x6d,0x5f,0x6d,0x61,0x78,0x44,0x72,0x61,0x77,0x44,0x69,0x73,
  0x74,0x61,0x6e,0x63,0x65,0x18,0x04,0x20,0x40,0x48,0x20,0x22,0x16,0x08,0x00,0x12,0x0c,0x6d,0x5f,0x73,
  0x70,0x61,0x77,0x6e,0x66,0x6c,0x61,0x67,0x73,0x18,0x00,0x20,0x40,0x48,0x20,0x22,0x0f,0x08,0x02,0x12,
  0x04,0x30,0x30,0x30,0x30,0x18,0x84,0x02,0x20,0x40,0x48,0x00,0x22,0x15,0x08,0x05,0x12,0x0b,0x6d,0x5f,
  0x43,0x6f,0x6c,0x6c,0x69,0x73,0x69,0x6f,0x6e,0x18,0x00,0x20,0x40,0x30,0x08,0x22,0x13,0x08,0x02,0x12,
  0x09,0x6d,0x5f,0x76,0x65,0x63,0x4d,0x69,0x6e,0x73,0x18,0x04,0x20,0x40,0x48,0x00,0x22,0x13,0x08,0x02,
  0x12,0x09,0x6d,0x5f,0x76,0x65,0x63,0x4d,0x61,0x78,0x73,0x18,0x04,0x20,0x40,0x48,0x00,0x22,0x16,0x08,
  0x00,0x12,0x0c,0x6d,0x5f,0x6e,0x53,0x6f,0x6c,0x69,0x64,0x54,0x79,0x70,0x65,0x18,0x00,0x20,0x40,0x48,
  0x20,0x22,0x18,0x08,0x00,0x12,0x0e,0x6d,0x5f,0x75,0x73,0x53,0x6f,0x6c,0x69,0x64,0x46,0x6c,0x61,0x67,
  0x73,0x18,0x00,0x20,0x40,0x48,0x20,0x22,0x19,0x08,0x00,0x12,0x0f,0x6d,0x5f,0x6e,0x53,0x75,0x72,0x72,
  0x6f,0x75,0x6e,0x64,0x54,0x79,0x70,0x65,0x18,0x00,0x20,0x40,0x48,0x20,0x22,0x18,0x08,0x00,0x12,0x0e,
  0x6d,0x5f,0x74,0x72,0x69,0x67,0x67,0x65,0x72,0x42,0x6c,0x6f,0x61,0x74,0x18,0x00,0x20,0x40,0x48,0x20,
  0x22,0x27,0x08,0x02,0x12,0x1d,0x6d,0x5f,0x76,0x65,0x63,0x53,0x70,0x65,0x63,0x69,0x66,0x69,0x65,0x64,
  0x53,0x75,0x72,0x72,0x6f,0x75,0x6e,0x64,0x69,0x6e,0x67,0x4d,0x69,0x6e,0x73,0x18,0x04,0x20,0x40,0x48,
  0x00,0x22,0x27,0x08,0x02,0x12,0x1d,0x6d,0x5f,0x76,0x65,0x63,0x53,0x70,0x65,0x63,0x69,0x66,0x69,0x65,
  0x64,0x53,0x75,0x72,0x72,0x6f,0x75,0x6e,0x64,0x69,0x6e,0x67,0x4d,0x61,0x78,0x73,0x18,0x04,0x20,0x40,
  0x48,0x00,0x09,0x39,0x08,0x01,0x12,0x11,0x44,0x54,0x5f,0x46,0x75,0x6e,0x63,0x54,0x72,0x61,0x63,0x6b,
  0x54,0x72,0x61,0x69,0x6e,0x18,0x00,0x22,0x20,0x08,0x06,0x12,0x09,0x62,0x61,0x73,0x65,0x63,0x6c,0x61,
  0x73,0x73,0x18,0x00,0x20,0x40,0x2a,0x0d,0x44,0x54,0x5f,0x42,0x61,0x73,0x65,0x45,0x6e,0x74,0x69,0x74,
  0x79,0x09,0x84,0x05,0x08,0x01,0x12,0x0c,0x44,0x54,0x5f,0x46,0x75,0x6e,0x63,0x5f,0x44,0x75,0x73,0x74,
  0x18,0x00,0x22,0x11,0x08,0x00,0x12,0x07,0x6d,0x5f,0x43,0x6f,0x6c,0x6f,0x72,0x18,0x00,0x20,0x40,0x48,
  0x20,0x22,0x15,0x08,0x00,0x12,0x0b,0x6d,0x5f,0x53,0x70,0x61,0x77,0x6e,0x52,0x61,0x74,0x65,0x18,0x00,
  0x20,0x40,0x48,0x20,0x22,0x15,0x08,0x01,0x12,0x0b,0x6d,0x5f,0x66,0x6c,0x53,0x69,0x7a,0x65,0x4d,0x69,
  0x6e,0x18,0x04,0x20,0x40,0x48,0x20,0x22,0x15,0x08,0x01,0x12,0x0b,0x6d,0x5f,0x66,0x6c,0x53,0x69,0x7a,
  0x65,0x4d,0x61,0x78,0x18,0x04,0x20,0x40,0x48,0x20,0x22,0x17,0x08,0x00,0x12,0x0d,0x6d,0x5f,0x4c,0x69,
  0x66,0x65,0x74,0x69,0x6d,0x65,0x4d,0x69,0x6e,0x18,0x00,0x20,0x40,0x48,0x20,0x22,0x17,0x08,0x00,0x12,
  0x0d,0x6d,0x5f,0x4c,0x69,0x66,0x65,0x74,0x69,0x6d,0x65,0x4d,0x61,0x78,0x18,0x00,0x20,0x40,0x48,0x20,
  0x22,0x15,0x08,0x00,0x12,0x0b,0x6d,0x5f,0x44,0x75,0x73,0x74,0x46,0x6c,0x61,0x67,0x73,0x18,0x00,0x20,
  0x40,0x48,0x20,0x22,0x14,0x08,0x00,0x12,0x0a,0x6d,0x5f,0x53,0x70,0x65,0x65,0x64,0x4d,0x61,0x78,0x18,
  0x00,0x20,0x40,0x48,0x20,0x22,0x13,0x08,0x00,0x12,0x09,0x6d,0x5f,0x44,0x69,0x73,0x74,0x4d,0x61,0x78,
  0x18,0x00,0x20,0x40,0x48,0x20,0x22,0x17,0x08,0x00,0x12,0x0d,0x6d,0x5f,0x6e,0x4d,0x6f,0x64,0x65,0x6c,
  0x49,0x6e,0x64,0x65,0x78,0x18,0x00,0x20,0x40,0x48,0x20,0x22,0x15,0x08,0x01,0x12,0x0b,0x6d,0x5f,0x46,
  0x61,0x6c,0x6c,0x53,0x70,0x65,0x65,0x64,0x18,0x04,0x20,0x40,0x48,0x20,0x22,0x1b,0x08,0x00,0x12,0x11,
  0x6d,0x5f,0x62,0x41,0x66,0x66,0x65,0x63,0x74,0x65,0x64,0x42,0x79,0x57,0x69,0x6e,0x64,0x18,0x00,0x20,
  0x40,0x48,0x20,0x22,0x0f,0x08,0x02,0x12,0x04,0x30,0x30,0x30,0x30,0x18,0x84,0x02,0x20,0x40,0x48,0x00,
  0x22,0x15,0x08,0x05,0x12,0x0b,0x6d,0x5f,0x43,0x6f,0x6c,0x6c,0x69,0x73,0x69,0x6f,0x6e,0x18,0x00,0x20,
  0x40,0x30,0x07,0x22,0x13,0x08,0x02,0x12,0x09,0x6d,0x5f,0x76,0x65,0x63,0x4d,0x69,0x6e,0x73,0x18,0x04,
  0x20,0x40,0x48,0x00,0x22,0x13,0x08,0x02,0x12,0x09,0x6d,0x5f,0x76,0x65,0x63,0x4d,0x61,0x78,0x73,0x18,
  0x04,0x20,0x40,0x48,0x00,0x22,0x16,0x08,0x00,0x12,0x0c,0x6d,0x5f,0x6e,0x53,0x6f,0x6c,0x69,0x64,0x54,
  0x79,0x70,0x65,0x18,0x00,0x20,0x40,0x48,0x20,0x22,0x18,0x08,0x00,0x12,0x0e,0x6d,0x5f,0x75,0x73,0x53,
  0x6f,0x6c,0x69,0x64,0x46,0x6c,0x61,0x67,0x73,0x18,0x00,0x20,0x40,0x48,0x20,0x22,0x19,0x08,0x00,0x12,
  0x0f,0x6d,0x5f,0x6e,0x53,0x75,0x72,0x72,0x6f,0x75,0x6e,0x64,0x54,0x79,0x70,0x65,0x18,0x00,0x20,0x40,
  0x48,0x20,0x22,0x18,0x08,0x00,0x12,0x0e,0x6d,0x5f,0x74,0x72,0x69,0x67,0x67,0x65,0x72,0x42,0x6c,0x6f,
  0x61,0x74,0x18,0x00,0x20,0x40,0x48,0x20,0x22,0x27,0x08,0x02,0x12,0x1d,0x6d,0x5f,0x76,0x65,0x63,0x53,
  0x70,0x65,0x63,0x69,0x66,0x69,0x65,0x64,0x53,0x75,0x72,0x72,0x6f,0x75,0x6e,0x64,0x69,0x6e,0x67,0x4d,
  0x69,0x6e,0x73,0x18,0x04,0x20,0x40,0x48,0x00,0x22,0x18,0x08,0x01,0x12,0x0e,0x6d,0x5f,0x76,0x65,0x63,
  0x4f,0x72,0x69,0x67,0x69,0x6e,0x5b,0x30,0x5d,0x18,0x04,0x20,0x40,0x48,0x20,0x22,0x18,0x08,0x01,0x12,
  0x0e,0x6d,0x5f,0x76,0x65,0x63,0x4f,0x72,0x69,0x67,0x69,0x6e,0x5b,0x31,0x5d,0x18,0x04,0x20,0x40,0x48,
  0x20,0x22,0x18,0x08,0x01,0x12,0x0e,0x6d,0x5f,0x76,0x65,0x63,0x4f,0x72,0x69,0x67,0x69,0x6e,0x5b,0x32,
  0x5d,0x18,0x04,0x20,0x40,0x48,0x20,0x22,0x12,0x08,0x01,0x12,0x08,0x6d,0x5f,0x66,0x6c,0x53,0x69,0x7a,
  0x65,0x18,0x04,0x20,0x40,0x48,0x20,0x22,0x13,0x08,0x01,0x12,0x09,0x6d,0x5f,0x66,0x6c,0x53,0x70,0x65,
  0x65,0x64,0x18,0x04,0x20,0x40,0x48,0x20,0x09,0x71,0x08,0x01,0x12,0x0b,0x44,0x54,0x5f,0x46,0x75,0x6e,
  0x63,0x5f,0x4c,0x4f,0x44,0x18,0x00,0x22,0x20,0x08,0x06,0x12,0x09,0x62,0x61,0x73,0x65,0x63,0x6c,0x61,
  0x73,0x73,0x18,0x00,0x20,0x40,0x2a,0x0d,0x44,0x54,0x5f,0x42,0x61,0x73,0x65,0x45,0x6e,0x74,0x69,0x74,
  0x79,0x22,0x1d,0x08,0x00,0x12,0x13,0x6d,0x5f,0x6e,0x44,0x69,0x73,0x61,0x70,0x70,0x65,0x61,0x72,0x4d,
  0x69,0x6e,0x44,0x69,0x73,0x74,0x18,0x00,0x20,0x40,0x48,0x20,0x22,0x1d,0x08,0x00,0x12,0x13,0x6d,0x5f,
  0x6e,0x44,0x69,0x73,0x61,0x70,0x70,0x65,0x61,0x72,0x4d,0x61,0x78,0x44,0x69,0x73,0x74,0x18,0x00,0x20,
  0x40,0x48,0x20,0x09,0x37,0x08,0x01,0x12,0x0c,0x44,0x54,0x5f,0x48,0x45,0x47,0x72,0x65,0x6e,0x61,0x64,
  0x65,0x18,0x00,0x22,0x23,0x08,0x06,0x12,0x09,0x62,0x61,0x73,0x65,0x63,0x6c,0x61,0x73,0x73,0x18,0x00,
  0x20,0x40,0x2a,0x10,0x44,0x54,0x5f,0x42,0x61,0x73,0x65,0x43,0x53,0x47,0x72,0x65,0x6e,0x61,0x64,0x65,
  0x09,0x62,0x08,0x01,0x12,0x0d,0x44,0x54,0x5f,0x48,0x61,0x6e,0x64,0x6c,0x65,0x54,0x65,0x73,0x74,0x18,
  0x00,0x22,0x20,0x08,0x06,0x12,0x09,0x62,0x61,0x73,0x65,0x63,0x6c,0x61,0x73,0x73,0x18,0x00,0x20,0x40,
  0x2a,0x0d,0x44,0x54,0x5f,0x42,0x61,0x73,0x65,0x45,0x6e,0x74,0x69,0x74,0x79,0x22,0x12,0x08,0x00,0x12,
  0x08,0x6d,0x5f,0x48,0x61,0x6e,0x64,0x6c,0x65,0x18,0x00,0x20,0x40,0x48,0x20,0x22,0x17,0x08,0x00,0x12,
  0x0d,0x6d,0x5f,0x62,0x53,0x65,0x6e,0x64,0x48,0x61,0x6e,0x64,0x6c,0x65,0x18,0x00,0x20,0x40,0x48,0x20,
  0x09,0x42,0x08,0x01,0x12,0x17,0x44,0x54,0x5f,0x48,0x6f,0x73,0x74,0x61,0x67,0x65,0x43,0x61,0x72,0x72,
  0x69,0x61,0x62,0x6c,0x65,0x50,0x72,0x6f,0x70,0x18,0x00,0x22,0x23,0x08,0x06,0x12,0x09,0x62,0x61,0x73,
  0x65,0x63,0x6c,0x61,0x73,0x73,0x18,0x00,0x20,0x40,0x2a,0x10,0x44,0x54,0x5f,0x42,0x61,0x73,0x65,0x41,
  0x6e,0x69,0x6d,0x61,0x74,0x69,0x6e,0x67,0x09,0x40,0x08,0x01,0x12,0x14,0x44,0x54,0x5f,0x49,0x6e,0x63,
  0x65,0x6e,0x64,0x69,0x61,0x72,0x79,0x47,0x72,0x65,0x6e,0x61,0x64,0x65,0x18,0x00,0x22,0x24,0x08,0x06,
  0x12,0x09,0x62,0x61,0x73,0x65,0x63,0x6c,0x61,0x73,0x73,0x18,0x00,0x20,0x40,0x2a,0x11,0x44,0x54,0x5f,
  0x4d,0x6f,0x6c,0x6f,0x74,0x6f,0x76,0x47,0x72,0x65,0x6e,0x61,0x64,0x65,0x09,0xf5,0x01,0x08,0x01,0x12,
  0x0a,0x44,0x54,0x5f,0x49,0x6e,0x66,0x65,0x72,0x6e,0x6f,0x18,0x00,0x22,0x20,0x08,0x06,0x12,0x09,0x62,
  0x61,0x73,0x65,0x63,0x6c,0x61,0x73,0x73,0x18,0x00,0x20,0x40,0x2a,0x0d,0x44,0x54,0x5f,0x42,0x61,0x73,
  0x65,0x45,0x6e,0x74,0x69,0x74,0x79,0x22,0x0f,0x08,0x00,0x12,0x04,0x30,0x30,0x30,0x30,0x18,0x80,0x02,
  0x20,0x40,0x48,0x20,0x22,0x17,0x08,0x05,0x12,0x0c,0x6d,0x5f,0x66,0x69,0x72,0x65,0x58,0x44,0x65,0x6c,
  0x74,0x61,0x18,0x00,0x20,0x40,0x30,0x80,0x01,0x22,0x0f,0x08,0x00,0x12,0x04,0x30,0x30,0x30,0x30,0x18,
  0x80,0x02,0x20,0x40,0x48,0x20,0x22,0x17,0x08,0x05,0x12,0x0c,0x6d,0x5f,0x66,0x69,0x72,0x65,0x59,0x44,
  0x65,0x6c,0x74,0x61,0x18,0x00,0x20,0x40,0x30,0x80,0x01,0x22,0x0f,0x08,0x00,0x12,0x04,0x30,0x30,0x30,
  0x30,0x18,0x80,0x02,0x20,0x40,0x48,0x20,0x22,0x17,0x08,0x05,0x12,0x0c,0x6d,0x5f,0x66,0x69,0x72,0x65,
  0x5a,0x44,0x65,0x6c,0x74,0x61,0x18,0x00,0x20,0x40,0x30,0x80,0x01,0x22,0x0f,0x08,0x00,0x12,0x04,0x30,
  0x30,0x30,0x30,0x18,0x80,0x02,0x20,0x40,0x48,0x20,0x22,0x1b,0x08,0x05,0x12,0x10,0x6d,0x5f,0x62,0x46,
  0x69,0x72,0x65,0x49,0x73,0x42,0x75,0x72,0x6e,0x69,0x6e,0x67,0x18,0x00,0x20,0x40,0x30,0x80,0x01,0x22,
  0x15,0x08,0x00,0x12,0x0b,0x6d,0x5f,0x66,0x69,0x72,0x65,0x43,0x6f,0x75,0x6e,0x74,0x18,0x00,0x20,0x40,
  0x48,0x20,0x09,0x3d,0x08,0x01,0x12,0x15,0x44,0x54,0x5f,0x49,0x6e,0x66,0x6f,0x4c,0x61,0x64,0x64,0x65,
  0x72,0x44,0x69,0x73,0x6d,0x6f,0x75,0x6e,0x74,0x18,0x00,0x22,0x20,0x08,0x06,0x12,0x09,0x62,0x61,0x73,
  0x65,0x63,0x6c,0x61,0x73,0x73,0x18,0x00,0x20,0x40,0x2a,0x0d,0x44,0x54,0x5f,0x42,0x61,0x73,0x65,0x45,
  0x6e,0x74,0x69,0x74,0x79,0x09,0x54,0x08,0x01,0x12,0x16,0x44,0x54,0x5f,0x49,0x6e,0x66,0x6f,0x4f,0x76,
  0x65,0x72,0x6c,0x61,0x79,0x41,0x63,0x63,0x65,0x73,0x73,0x6f,0x72,0x18,0x00,0x22,0x1e,0x08,0x00,0x12,
  0x14,0x6d,0x5f,0x69,0x54,0x65,0x78,0x74,0x75,0x72,0x65,0x46,0x72,0x61,0x6d,0x65,0x49,0x6e,0x64,0x65,
  0x78,0x18,0x00,0x20,0x40,0x48,0x20,0x22,0x16,0x08,0x00,0x12,0x0c,0x6d,0x5f,0x69,0x4f,0x76,0x65,0x72,
  0x6c,0x61,0x79,0x49,0x44,0x18,0x00,0x20,0x40,0x48,0x20,0x09,0x4b,0x08,0x01,0x12,0x07,0x44,0x54,0x5f,
  0x49,0x74,0x65,0x6d,0x18,0x00,0x22,0x23,0x08,0x06,0x12,0x09,0x62,0x61,0x73,0x65,0x63,0x6c,0x61,0x73,
  0x73,0x18,0x00,0x20,0x40,0x2a,0x10,0x44,0x54,0x5f,0x42,0x61,0x73,0x65,0x41,0x6e,0x69,0x6d,0x61,0x74,
  0x69,0x6e,0x67,0x22,0x17,0x08,0x00,0x12,0x0d,0x6d,0x5f,0x62,0x53,0x68,0x6f,0x75,0x6c,0x64,0x47,0x6c,
  0x6f,0x77,0x18,0x00,0x20,0x40,0x48,0x20,0x09,0x75,0x08,0x01,0x12,0x19,0x44,0x54,0x5f,0x49,0x74,0x65,
  0x6d,0x41,0x73,0x73,0x61,0x75,0x6c,0x74,0x53,0x75,0x69,0x74,0x55,0x73,0x65,0x61,0x62,0x6c,0x65,0x18,
  0x00,0x22,0x1a,0x08,0x06,0x12,0x09,0x62,0x61,0x73,0x65,0x63,0x6c,0x61,0x73,0x73,0x18,0x00,0x20,0x40,
  0x2a,0x07,0x44,0x54,0x5f,0x49,0x74,0x65,0x6d,0x22,0x17,0x08,0x00,0x12,0x0d,0x6d,0x5f,0x6e,0x41,0x72,
  0x6d,0x6f,0x72,0x56,0x61,0x6c,0x75,0x65,0x18,0x00,0x20,0x40,0x48,0x20,0x22,0x1f,0x08,0x00,0x12,0x15,
  0x6d,0x5f,0x62,0x49,0x73,0x48,0x65,0x61,0x76,0x79,0x41,0x73,0x73,0x61,0x75,0x6c,0x74,0x53,0x75,0x69,
  0x74,0x18,0x00,0x20,0x40,0x48,0x20,0x09,0x65,0x08,0x01,0x12,0x0e,0x44,0x54,0x5f,0x49,0x74,0x65,0x6d,
  0x44,0x6f,0x67,0x74,0x61,0x67,0x73,0x18,0x00,0x22,0x1a,0x08,0x06,0x12,0x09,0x62,0x61,0x73,0x65,0x63,
  0x6c,0x61,0x73,0x73,0x18,0x00,0x20,0x40,0x2a,0x07,0x44,0x54,0x5f,0x49,0x74,0x65,0x6d,0x22,0x18,0x08,
  0x00,0x12,0x0e,0x6d,0x5f,0x4f,0x77,0x6e,0x69,0x6e,0x67,0x50,0x6c,0x61,0x79,0x65,0x72,0x18,0x00,0x20,
  0x40,0x48,0x20,0x22,0x19,0x08,0x00,0x12,0x0f,0x6d,0x5f,0x4b,0x69,0x6c,0x6c,0x69,0x6e,0x67,0x50,0x6c,
  0x61,0x79,0x65,0x72,0x18,0x00,0x20,0x40,0x48,0x20,0x09,0x3e,0x08,0x01,0x12,0x12,0x44,0x54,0x5f,0x49,
  0x74,0x65,0x6d,0x5f,0x48,0x65,0x61,0x6c,0x74,0x68,0x73,0x68,0x6f,0x74,0x18,0x00,0x22,0x24,0x08,0x06,
  0x12,0x09,0x62,0x61,0x73,0x65,0x63,0x6c,0x61,0x73,0x73,0x18,0x00,0x20,0x40,0x2a,0x11,0x44,0x54,0x5f,
  0x57,0x65,0x61,0x70,0x6f,0x6e,0x42,0x61,0x73,0x65,0x49,0x74,0x65,0x6d,0x09,0xbc,0x02,0x08,0x01,0x12,
  0x0c,0x44,0x54,0x5f,0x4c,0x69,0x67,0x68,0x74,0x47,0x6c,0x6f,0x77,0x18,0x00,0x22,0x15,0x08,0x00,0x12,
  0x0b,0x6d,0x5f,0x63,0x6c,0x72,0x52,0x65,0x6e,0x64,0x65,0x72,0x18,0x00,0x20,0x40,0x48,0x20,0x22,0x1b,
  0x08,0x00,0x12,0x11,0x6d,0x5f,0x6e,0x48,0x6f,0x72,0x69,0x7a,0x6f,0x6e,0x74,0x61,0x6c,0x53,0x69,0x7a,
  0x65,0x18,0x00,0x20,0x40,0x48,0x20,0x22,0x19,0x08,0x00,0x12,0x0f,0x6d,0x5f,0x6e,0x56,0x65,0x72,0x74,
  0x69,0x63,0x61,0x6c,0x53,0x69,0x7a,0x65,0x18,0x00,0x20,0x40,0x48,0x20,0x22,0x14,0x08,0x00,0x12,0x0a,
  0x6d,0x5f,0x6e,0x4d,0x69,0x6e,0x44,0x69,0x73,0x74,0x18,0x00,0x20,0x40,0x48,0x20,0x22,0x14,0x08,0x00,
  0x12,0x0a,0x6d,0x5f,0x6e,0x4d,0x61,0x78,0x44,0x69,0x73,0x74,0x18,0x00,0x20,0x40,0x48,0x20,0x22,0x19,
  0x08,0x00,0x12,0x0f,0x6d,0x5f,0x6e,0x4f,0x75,0x74,0x65,0x72,0x4d,0x61,0x78,0x44,0x69,0x73,0x74,0x18,
  0x00,0x20,0x40,0x48,0x20,0x22,0x16,0x08,0x00,0x12,0x0c,0x6d,0x5f,0x73,0x70,0x61,0x77,0x6e,0x66,0x6c,
  0x61,0x67,0x73,0x18,0x00,0x20,0x40,0x48,0x20,0x22,0x15,0x08,0x02,0x12,0x0b,0x6d,0x5f,0x76,0x65,0x63,
  0x4f,0x72,0x69,0x67,0x69,0x6e,0x18,0x04,0x20,0x40,0x48,0x00,0x22,0x17,0x08,0x02,0x12,0x0d,0x6d,0x5f,
  0x61,0x6e,0x67,0x52,0x6f,0x74,0x61,0x74,0x69,0x6f,0x6e,0x18,0x04,0x20,0x40,0x48,0x00,0x22,0x14,0x08,
  0x00,0x12,0x0a,0x6d,0x6f,0x76,0x65,0x70,0x61,0x72,0x65,0x6e,0x74,0x18,0x00,0x20,0x40,0x48,0x20,0x22,
  0x1b,0x08,0x01,0x12,0x11,0x6d,0x5f,0x66,0x6c,0x47,0x6c,0x6f,0x77,0x50,0x72,0x6f,0x78,0x79,0x53,0x69,
  0x7a,0x65,0x18,0x04,0x20,0x40,0x48,0x20,0x22,0x17,0x08,0x01,0x12,0x0d,0x48,0x44,0x52,0x43,0x6f,0x6c,
  0x6f,0x72,0x53,0x63,0x61,0x6c,0x65,0x18,0x04,0x20,0x40,0x48,0x20,0x09,0xba,0x03,0x08,0x01,0x12,0x18,
  0x44,0x54,0x5f,0x4d,0x61,0x74,0x65,0x72,0x69,0x61,0x6c,0x4d,0x6f,0x64,0x69,0x66,0x79,0x43,0x6f,0x6e,
  0x74,0x72,0x6f,0x6c,0x18,0x00,0x22,0x20,0x08,0x06,0x12,0x09,0x62,0x61,0x73,0x65,0x63,0x6c,0x61,0x73,
  0x73,0x18,0x00,0x20,0x40,0x2a,0x0d,0x44,0x54,0x5f,0x42,0x61,0x73,0x65,0x45,0x6e,0x74,0x69,0x74,0x79,
  0x22,0x1a,0x08,0x04,0x12,0x10,0x6d,0x5f,0x73,0x7a,0x4d,0x61,0x74,0x65,0x72,0x69,0x61,0x6c,0x4e,0x61,
  0x6d,0x65,0x18,0x00,0x20,0x40,0x48,0x00,0x22,0x19,0x08,0x04,0x12,0x0f,0x6d,0x5f,0x73,0x7a,0x4d,0x61,
  0x74,0x65,0x72,0x69,0x61,0x6c,0x56,0x61,0x72,0x18,0x00,0x20,0x40,0x48,0x00,0x22,0x1e,0x08,0x04,0x12,
  0x14,0x6d,0x5f,0x73,0x7a,0x4d,0x61,0x74,0x65,0x72,0x69,0x61,0x6c,0x56,0x61,0x72,0x56,0x61,0x6c,0x75,
  0x65,0x18,0x00,0x20,0x40,0x48,0x00,0x22,0x17,0x08,0x00,0x12,0x0d,0x6d,0x5f,0x69,0x46,0x72,0x61,0x6d,
  0x65,0x53,0x74,0x61,0x72,0x74,0x18,0x00,0x20,0x40,0x48,0x20,0x22,0x15,0x08,0x00,0x12,0x0b,0x6d,0x5f,
  0x69,0x46,0x72,0x61,0x6d,0x65,0x45,0x6e,0x64,0x18,0x00,0x20,0x40,0x48,0x20,0x22,0x11,0x08,0x00,0x12,
  0x07,0x6d,0x5f,0x62,0x57,0x72,0x61,0x70,0x18,0x00,0x20,0x40,0x48,0x20,0x22,0x17,0x08,0x01,0x12,0x0d,
  0x6d,0x5f,0x66,0x6c,0x46,0x72,0x61,0x6d,0x65,0x72,0x61,0x74,0x65,0x18,0x04,0x20,0x40,0x48,0x20,0x22,
  0x25,0x08,0x00,0x12,0x1b,0x6d,0x5f,0x62,0x4e,0x65,0x77,0x41,0x6e,0x69,0x6d,0x43,0x6f,0x6d,0x6d,0x61,
  0x6e,0x64,0x73,0x53,0x65,0x6d,0x61,0x70,0x68,0x6f,0x72,0x65,0x18,0x00,0x20,0x40,0x48,0x20,0x22,0x21,
  0x08,0x01,0x12,0x17,0x6d,0x5f,0x66,0x6c,0x46,0x6c,0x6f,0x61,0x74,0x4c,0x65,0x72,0x70,0x53,0x74,0x61,
  0x72,0x74,0x56,0x61,0x6c,0x75,0x65,0x18,0x04,0x20,0x40,0x48,0x20,0x22,0x1f,0x08,0x01,0x12,0x15,0x6d,
  0x5f,0x66,0x6c,0x46,0x6c,0x6f,0x61,0x74,0x4c,0x65,0x72,0x70,0x45,0x6e,0x64,0x56,0x61,0x6c,0x75,0x65,
  0x18,0x04,0x20,0x40,0x48,0x20,0x22,0x25,0x08,0x01,0x12,0x1b,0x6d,0x5f,0x66,0x6c,0x46,0x6c,0x6f,0x61,
  0x74,0x4c,0x65,0x72,0x70,0x54,0x72,0x61,0x6e,0x73,0x69,0x74,0x69,0x6f,0x6e,0x54,0x69,0x6d,0x65,0x18,
  0x04,0x20,0x40,0x48,0x20,0x22,0x1a,0x08,0x00,0x12,0x10,0x6d,0x5f,0x62,0x46,0x6c,0x6f,0x61,0x74,0x4c,
  0x65,0x72,0x70,0x57,0x72,0x61,0x70,0x18,0x00,0x20,0x40,0x48,0x20,0x22,0x17,0x08,0x00,0x12,0x0d,0x6d,
  0x5f,0x6e,0x4d,0x6f,0x64,0x69,0x66,0x79,0x4d,0x6f,0x64,0x65,0x18,0x00,0x20,0x40,0x48,0x20,0x09,0x3c,
  0x08,0x01,0x12,0x11,0x44,0x54,0x5f,0x4d,0x6f,0x6c,0x6f,0x74,0x6f,0x76,0x47,0x72,0x65,0x6e,0x61,0x64,
  0x65,0x18,0x00,0x22,0x23,0x08,0x06,0x12,0x09,0x62,0x61,0x73,0x65,0x63,0x6c,0x61,0x73,0x73,0x18,0x00,
  0x20,0x40,0x2a,0x10,0x44,0x54,0x5f,0x42,0x61,0x73,0x65,0x43,0x53,0x47,0x72,0x65,0x6e,0x61,0x64,0x65,
  0x09,0x64,0x08,0x01,0x12,0x14,0x44,0x54,0x5f,0x4d,0x6f,0x6c,0x6f,0x74,0x6f,0x76,0x50,0x72,0x6f,0x6a,
  0x65,0x63,0x74,0x69,0x6c,0x65,0x18,0x00,0x22,0x2d,0x08,0x06,0x12,0x09,0x62,0x61,0x73,0x65,0x63,0x6c,
  0x61,0x73,0x73,0x18,0x00,0x20,0x40,0x2a,0x1a,0x44,0x54,0x5f,0x42,0x61,0x73,0x65,0x43,0x53,0x47,0x72,
  0x65,0x6e,0x61,0x64,0x65,0x50,0x72,0x6f,0x6a,0x65,0x63,0x74,0x69,0x6c,0x65,0x22,0x19,0x08,0x00,0x12,
  0x0f,0x6d,0x5f,0x62,0x49,0x73,0x49,0x6e,0x63,0x47,0x72,0x65,0x6e,0x61,0x64,0x65,0x18,0x00,0x20,0x40,
  0x48,0x20,0x09,0xba,0x02,0x08,0x01,0x12,0x0f,0x44,0x54,0x5f,0x4d,0x6f,0x76,0x69,0x65,0x44,0x69,0x73,
  0x70,0x6c,0x61,0x79,0x18,0x00,0x22,0x20,0x08,0x06,0x12,0x09,0x62,0x61,0x73,0x65,0x63,0x6c,0x61,0x73,
  0x73,0x18,0x00,0x20,0x40,0x2a,0x0d,0x44,0x54,0x5f,0x42,0x61,0x73,0x65,0x45,0x6e,0x74,0x69,0x74,0x79,
  0x22,0x14,0x08,0x00,0x12,0x0a,0x6d,0x5f,0x62,0x45,0x6e,0x61,0x62,0x6c,0x65,0x64,0x18,0x00,0x20,0x40,
  0x48,0x20,0x22,0x14,0x08,0x00,0x12,0x0a,0x6d,0x5f,0x62,0x4c,0x6f,0x6f,0x70,0x69,0x6e,0x67,0x18,0x00,
  0x20,0x40,0x48,0x20,0x22,0x1b,0x08,0x04,0x12,0x11,0x6d,0x5f,0x73,0x7a,0x4d,0x6f,0x76,0x69,0x65,0x46,
  0x69,0x6c,0x65,0x6e,0x61,0x6d,0x65,0x18,0x00,0x20,0x40,0x48,0x00,0x22,0x17,0x08,0x04,0x12,0x0d,0x6d,
  0x5f,0x73,0x7a,0x47,0x72,0x6f,0x75,0x70,0x4e,0x61,0x6d,0x65,0x18,0x00,0x20,0x40,0x48,0x00,0x22,0x1a,
  0x08,0x00,0x12,0x10,0x6d,0x5f,0x62,0x53,0x74,0x72,0x65,0x74,0x63,0x68,0x54,0x6f,0x46,0x69,0x6c,0x6c,
  0x18,0x00,0x20,0x40,0x48,0x20,0x22,0x18,0x08,0x00,0x12,0x0e,0x6d,0x5f,0x62,0x46,0x6f,0x72,0x63,0x65,
  0x64,0x53,0x6c,0x61,0x76,0x65,0x18,0x00,0x20,0x40,0x48,0x20,0x22,0x19,0x08,0x00,0x12,0x0f,0x6d,0x5f,
  0x62,0x55,0x73,0x65,0x43,0x75,0x73,0x74,0x6f,0x6d,0x55,0x56,0x73,0x18,0x00,0x20,0x40,0x48,0x20,0x22,
  0x12,0x08,0x01,0x12,0x08,0x6d,0x5f,0x66,0x6c,0x55,0x4d,0x69,0x6e,0x18,0x04,0x20,0x40,0x48,0x20,0x22,
  0x12,0x08,0x01,0x12,0x08,0x6d,0x5f,0x66,0x6c,0x55,0x4d,0x61,0x78,0x18,0x04,0x20,0x40,0x48,0x20,0x22,
  0x12,0x08,0x01,0x12,0x08,0x6d,0x5f,0x66,0x6c,0x56,0x4d,0x69,0x6e,0x18,0x04,0x20,0x40,0x48,0x20,0x22,
  0x12,0x08,0x01,0x12,0x08,0x6d,0x5f,0x66,0x6c,0x56,0x4d,0x61,0x78,0x18,0x04,0x20,0x40,0x48,0x20,0x09,
  0x41,0x08,0x01,0x12,0x11,0x44,0x54,0x5f,0x4d,0x6f,0x76,0x69,0x65,0x45,0x78,0x70,0x6c,0x6f,0x73,0x69,
  0x6f,0x6e,0x18,0x00,0x22,0x28,0x08,0x06,0x12,0x09,0x62,0x61,0x73,0x65,0x63,0x6c,0x61,0x73,0x73,0x18,
  0x00,0x20,0x40,0x2a,0x15,0x44,0x54,0x5f,0x42,0x61,0x73,0x65,0x50,0x61,0x72,0x74,0x69,0x63,0x6c,0x65,
  0x45,0x6e,0x74,0x69,0x74,0x79,0x09,0x3b,0x08,0x01,0x12,0x0a,0x44,0x54,0x5f,0x4e,0x65,0x78,0x74,0x42,
  0x6f,0x74,0x18,0x00,0x22,0x29,0x08,0x06,0x12,0x09,0x62,0x61,0x73,0x65,0x63,0x6c,0x61,0x73,0x73,0x18,
  0x00,0x20,0x40,0x2a,0x16,0x44,0x54,0x5f,0x42,0x61,0x73,0x65,0x43,0x6f,0x6d,0x62,0x61,0x74,0x43,0x68,
  0x61,0x72,0x61,0x63,0x74,0x65,0x72,0x09,0x42,0x08,0x01,0x12,0x0f,0x44,0x54,0x5f,0x50,0x61,0x72,0x74,
  0x69,0x63,0x6c,0x65,0x46,0x69,0x72,0x65,0x18,0x00,0x22,0x13,0x08,0x02,0x12,0x09,0x6d,0x5f,0x76,0x4f,
  0x72,0x69,0x67,0x69,0x6e,0x18,0x04,0x20,0x40,0x48,0x00,0x22,0x16,0x08,0x02,0x12,0x0c,0x6d,0x5f,0x76,
  0x44,0x69,0x72,0x65,0x63,0x74,0x69,0x6f,0x6e,0x18,0x04,0x20,0x40,0x48,0x00,0x09,0x79,0x08,0x01,0x12,
  0x1d,0x44,0x54,0x5f,0x50,0x61,0x72,0x74,0x69,0x63,0x6c,0x65,0x50,0x65,0x72,0x66,0x6f,0x72,0x6d,0x61,
  0x6e,0x63,0x65,0x4d,0x6f,0x6e,0x69,0x74,0x6f,0x72,0x18,0x00,0x22,0x20,0x08,0x06,0x12,0x09,0x62,0x61,
  0x73,0x65,0x63,0x6c,0x61,0x73,0x73,0x18,0x00,0x20,0x40,0x2a,0x0d,0x44,0x54,0x5f,0x42,0x61,0x73,0x65,
  0x45,0x6e,0x74,0x69,0x74,0x79,0x22,0x18,0x08,0x00,0x12,0x0e,0x6d,0x5f,0x62,0x4d,0x65,0x61,0x73,0x75,
  0x72,0x65,0x50,0x65,0x72,0x66,0x18,0x00,0x20,0x40,0x48,0x20,0x22,0x18,0x08,0x00,0x12,0x0e,0x6d,0x5f,
  0x62,0x44,0x69,0x73,0x70,0x6c,0x61,0x79,0x50,0x65,0x72,0x66,0x18,0x00,0x20,0x40,0x48,0x20,0x09,0xda,
  0x01,0x08,0x01,0x12,0x17,0x44,0x54,0x5f,0x50,0x61,0x72,0x74,0x69,0x63,0x6c,0x65,0x53,0x6d,0x6f,0x6b,
  0x65,0x47,0x72,0x65,0x6e,0x61,0x64,0x65,0x18,0x00,0x22,0x28,0x08,0x06,0x12,0x09,0x62,0x61,0x73,0x65,
  0x63,0x6c,0x61,0x73,0x73,0x18,0x00,0x20,0x40,0x2a,0x15,0x44,0x54,0x5f,0x42,0x61,0x73,0x65,0x50,0x61,
  0x72,0x74,0x69,0x63,0x6c,0x65,0x45,0x6e,0x74,0x69,0x74,0x79,0x22,0x17,0x08,0x01,0x12,0x0d,0x6d,0x5f,
  0x66,0x6c,0x53,0x70,0x61,0x77,0x6e,0x54,0x69,0x6d,0x65,0x18,0x04,0x20,0x40,0x48,0x20,0x22,0x19,0x08,
  0x01,0x12,0x0f,0x6d,0x5f,0x46,0x61,0x64,0x65,0x53,0x74,0x61,0x72,0x74,0x54,0x69,0x6d,0x65,0x18,0x04,
  0x20,0x40,0x48,0x20,0x22,0x17,0x08,0x01,0x12,0x0d,0x6d,0x5f,0x46,0x61,0x64,0x65,0x45,0x6e,0x64,0x54,
  0x69,0x6d,0x65,0x18,0x04,0x20,0x40,0x48,0x20,0x22,0x14,0x08,0x02,0x12,0x0a,0x6d,0x5f,0x4d,0x69,0x6e,
  0x43,0x6f,0x6c,0x6f,0x72,0x18,0x04,0x20,0x40,0x48,0x00,0x22,0x14,0x08,0x02,0x12,0x0a,0x6d,0x5f,0x4d,
  0x61,0x78,0x43,0x6f,0x6c,0x6f,0x72,0x18,0x04,0x20,0x40,0x48,0x00,0x22,0x18,0x08,0x00,0x12,0x0e,0x6d,
  0x5f,0x43,0x75,0x72,0x72,0x65,0x6e,0x74,0x53,0x74,0x61,0x67,0x65,0x18,0x00,0x20,0x40,0x48,0x20,0x09,
  0xfe,0x03,0x08,0x01,0x12,0x11,0x44,0x54,0x5f,0x50,0x61,0x72,0x74,0x69,0x63,0x6c,0x65,0x53,0x79,0x73,
  0x74,0x65,0x6d,0x18,0x00,0x22,0x15,0x08,0x02,0x12,0x0b,0x6d,0x5f,0x76,0x65,0x63,0x4f,0x72,0x69,0x67,
  0x69,0x6e,0x18,0x04,0x20,0x40,0x48,0x00,0x22,0x14,0x08,0x00,0x12,0x0a,0x6d,0x5f,0x66,0x45,0x66,0x66,
  0x65,0x63,0x74,0x73,0x18,0x00,0x20,0x40,0x48,0x20,0x22,0x18,0x08,0x00,0x12,0x0e,0x6d,0x5f,0x68,0x4f,
  0x77,0x6e,0x65,0x72,0x45,0x6e,0x74,0x69,0x74,0x79,0x18,0x00,0x20,0x40,0x48,0x20,0x22,0x14,0x08,0x00,
  0x12,0x0a,0x6d,0x6f,0x76,0x65,0x70,0x61,0x72,0x65,0x6e,0x74,0x18,0x00,0x20,0x40,0x48,0x20,0x22,0x1d,
  0x08,0x00,0x12,0x13,0x6d,0x5f,0x69,0x50,0x61,0x72,0x65,0x6e,0x74,0x41,0x74,0x74,0x61,0x63,0x68,0x6d,
  0x65,0x6e,0x74,0x18,0x00,0x20,0x40,0x48,0x20,0x22,0x17,0x08,0x02,0x12,0x0d,0x6d,0x5f,0x61,0x6e,0x67,
  0x52,0x6f,0x74,0x61,0x74,0x69,0x6f,0x6e,0x18,0x04,0x20,0x40,0x48,0x00,0x22,0x18,0x08,0x00,0x12,0x0e,
  0x6d,0x5f,0x69,0x45,0x66,0x66,0x65,0x63,0x74,0x49,0x6e,0x64,0x65,0x78,0x18,0x00,0x20,0x40,0x48,0x20,
  0x22,0x13,0x08,0x00,0x12,0x09,0x6d,0x5f,0x62,0x41,0x63,0x74,0x69,0x76,0x65,0x18,0x00,0x20,0x40,0x48,
  0x20,0x22,0x15,0x08,0x00,0x12,0x0b,0x6d,0x5f,0x6e,0x53,0x74,0x6f,0x70,0x54,0x79,0x70,0x65,0x18,0x00,
  0x20,0x40,0x48,0x20,0x22,0x17,0x08,0x01,0x12,0x0d,0x6d,0x5f,0x66,0x6c,0x53,0x74,0x61,0x72,0x74,0x54,
  0x69,0x6d,0x65,0x18,0x04,0x20,0x40,0x48,0x20,0x22,0x1e,0x08,0x04,0x12,0x14,0x6d,0x5f,0x73,0x7a,0x53,
  0x6e,0x61,0x70,0x73,0x68,0x6f,0x74,0x46,0x69,0x6c,0x65,0x4e,0x61,0x6d,0x65,0x18,0x00,0x20,0x40,0x48,
  0x00,0x22,0x0f,0x08,0x00,0x12,0x04,0x30,0x30,0x30,0x30,0x18,0x80,0x02,0x20,0x40,0x48,0x20,0x22,0x20,
  0x08,0x05,0x12,0x16,0x6d,0x5f,0x76,0x53,0x65,0x72,0x76,0x65,0x72,0x43,0x6f,0x6e,0x74,0x72,0x6f,0x6c,
  0x50,0x6f,0x69,0x6e,0x74,0x73,0x18,0x00,0x20,0x40,0x30,0x04,0x22,0x0f,0x08,0x00,0x12,0x04,0x30,0x30,
  0x30,0x30,0x18,0x80,0x02,0x20,0x40,0x48,0x20,0x22,0x2a,0x08,0x05,0x12,0x20,0x6d,0x5f,0x69,0x53,0x65,
  0x72,0x76,0x65,0x72,0x43,0x6f,0x6e,0x74,0x72,0x6f,0x6c,0x50,0x6f,0x69,0x6e,0x74,0x41,0x73,0x73,0x69,
  0x67,0x6e,0x6d,0x65,0x6e,0x74,0x73,0x18,0x00,0x20,0x40,0x30,0x40,0x22,0x0f,0x08,0x00,0x12,0x04,0x30,
  0x30,0x30,0x30,0x18,0x80,0x02,0x20,0x40,0x48,0x20,0x22,0x1d,0x08,0x05,0x12,0x13,0x6d,0x5f,0x68,0x43,
  0x6f,0x6e,0x74,0x72,0x6f,0x6c,0x50,0x6f,0x69,0x6e,0x74,0x45,0x6e,0x74,0x73,0x18,0x00,0x20,0x40,0x30,
  0x40,0x22,0x0f,0x08,0x00,0x12,0x04,0x30,0x30,0x30,0x30,0x18,0x80,0x02,0x20,0x40,0x48,0x20,0x22,0x20,
  0x08,0x05,0x12,0x16,0x6d,0x5f,0x69,0x43,0x6f,0x6e,0x74,0x72,0x6f,0x6c,0x50,0x6f,0x69,0x6e,0x74,0x50,
  0x61,0x72,0x65,0x6e,0x74,0x73,0x18,0x00,0x20,0x40,0x30,0x40,0x09,0x44,0x08,0x01,0x12,0x0a,0x44,0x54,
  0x5f,0x50,0x68,0x79,0x73,0x42,0x6f,0x78,0x18,0x00,0x22,0x20,0x08,0x06,0x12,0x09,0x62,0x61,0x73,0x65,
  0x63,0x6c,0x61,0x73,0x73,0x18,0x00,0x20,0x40,0x2a,0x0d,0x44,0x54,0x5f,0x42,0x61,0x73,0x65,0x45,0x6e,
  0x74,0x69,0x74,0x79,0x22,0x10,0x08,0x01,0x12,0x06,0x6d,0x5f,0x6d,0x61,0x73,0x73,0x18,0x04,0x20,0x40,
  0x48,0x20,0x09,0x67,0x08,0x01,0x12,0x15,0x44,0x54,0x5f,0x50,0x68,0x79,0x73,0x42,0x6f,0x78,0x4d,0x75,
  0x6c,0x74,0x69,0x70,0x6c,0x61,0x79,0x65,0x72,0x18,0x00,0x22,0x1d,0x08,0x06,0x12,0x09,0x62,0x61,0x73,
  0x65,0x63,0x6c,0x61,0x73,0x73,0x18,0x00,0x20,0x40,0x2a,0x0a,0x44,0x54,0x5f,0x50,0x68,0x79,0x73,0x42,
  0x6f,0x78,0x22,0x18,0x08,0x00,0x12,0x0e,0x6d,0x5f,0x69,0x50,0x68,0x79,0x73,0x69,0x63,0x73,0x4d,0x6f,
  0x64,0x65,0x18,0x00,0x20,0x40,0x48,0x20,0x22,0x11,0x08,0x01,0x12,0x07,0x6d,0x5f,0x66,0x4d,0x61,0x73,
  0x73,0x18,0x04,0x20,0x40,0x48,0x20,0x09,0x38,0x08,0x01,0x12,0x0d,0x44,0x54,0x5f,0x50,0x68,0x79,0x73,
  0x4d,0x61,0x67,0x6e,0x65,0x74,0x18,0x00,0x22,0x23,0x08,0x06,0x12,0x09,0x62,0x61,0x73,0x65,0x63,0x6c,
  0x61,0x73,0x73,0x18,0x00,0x20,0x40,0x2a,0x10,0x44,0x54,0x5f,0x42,0x61,0x73,0x65,0x41,0x6e,0x69,0x6d,
  0x61,0x74,0x69,0x6e,0x67,0x09,0x65,0x08,0x01,0x12,0x0e,0x44,0x54,0x5f,0x50,0x68,0x79,0x73,0x69,0x63,
  0x73,0x50,0x72,0x6f,0x70,0x18,0x00,0x22,0x23,0x08,0x06,0x12,0x09,0x62,0x61,0x73,0x65,0x63,0x6c,0x61,
  0x73,0x73,0x18,0x00,0x20,0x40,0x2a,0x10,0x44,0x54,0x5f,0x42,0x72,0x65,0x61,0x6b,0x61,0x62,0x6c,0x65,
  0x50,0x72,0x6f,0x70,0x22,0x12,0x08,0x00,0x12,0x08,0x6d,0x5f,0x62,0x41,0x77,0x61,0x6b,0x65,0x18,0x00,
  0x20,0x40,0x48,0x20,0x22,0x16,0x08,0x00,0x12,0x0c,0x6d,0x5f,0x73,0x70,0x61,0x77,0x6e,0x66,0x6c,0x61,
  0x67,0x73,0x18,0x00,0x20,0x40,0x48,0x20,0x09,0xa5,0x01,0x08,0x01,0x12,0x19,0x44,0x54,0x5f,0x50,0x68,
  0x79,0x73,0x69,0x63,0x73,0x50,0x72,0x6f,0x70,0x4d,0x75,0x6c,0x74,0x69,0x70,0x6c,0x61,0x79,0x65,0x72,
  0x18,0x00,0x22,0x21,0x08,0x06,0x12,0x09,0x62,0x61,0x73,0x65,0x63,0x6c,0x61,0x73,0x73,0x18,0x00,0x20,
  0x40,0x2a,0x0e,0x44,0x54,0x5f,0x50,0x68,0x79,0x73,0x69,0x63,0x73,0x50,0x72,0x6f,0x70,0x22,0x18,0x08,
  0x00,0x12,0x0e,0x6d,0x5f,0x69,0x50,0x68,0x79,0x73,0x69,0x63,0x73,0x4d,0x6f,0x64,0x65,0x18,0x00,0x20,
  0x40,0x48,0x20,0x22,0x11,0x08,0x01,0x12,0x07,0x6d,0x5f,0x66,0x4d,0x61,0x73,0x73,0x18,0x04,0x20,0x40,
  0x48,0x20,0x22,0x19,0x08,0x02,0x12,0x0f,0x6d,0x5f,0x63,0x6f,0x6c,0x6c,0x69,0x73,0x69,0x6f,0x6e,0x4d,
  0x69,0x6e,0x73,0x18,0x04,0x20,0x40,0x48,0x00,0x22,0x19,0x08,0x02,0x12,0x0f,0x6d,0x5f,0x63,0x6f,0x6c,
  0x6c,0x69,0x73,0x69,0x6f,0x6e,0x4d,0x61,0x78,0x73,0x18,0x04,0x20,0x40,0x48,0x00,0x09,0xf1,0x01,0x08,
  0x01,0x12,0x0c,0x44,0x54,0x5f,0x50,0x6c,0x61,0x6e,0x74,0x65,0x64,0x43,0x34,0x18,0x00,0x22,0x23,0x08,
  0x06,0x12,0x09,0x62,0x61,0x73,0x65,0x63,0x6c,0x61,0x73,0x73,0x18,0x00,0x20,0x40,0x2a,0x10,0x44,0x54,
  0x5f,0x42,0x61,0x73,0x65,0x41,0x6e,0x69,0x6d,0x61,0x74,0x69,0x6e,0x67,0x22,0x18,0x08,0x00,0x12,0x0e,
  0x6d,0x5f,0x62,0x42,0x6f,0x6d,0x62,0x54,0x69,0x63,0x6b,0x69,0x6e,0x67,0x18,0x00,0x20,0x40,0x48,0x20,
  0x22,0x14,0x08,0x01,0x12,0x0a,0x6d,0x5f,0x66,0x6c,0x43,0x34,0x42,0x6c,0x6f,0x77,0x18,0x04,0x20,0x40,
  0x48,0x20,0x22,0x19,0x08,0x01,0x12,0x0f,0x6d,0x5f,0x66,0x6c,0x54,0x69,0x6d,0x65,0x72,0x4c,0x65,0x6e,
  0x67,0x74,0x68,0x18,0x04,0x20,0x40,0x48,0x20,0x22,0x1a,0x08,0x01,0x12,0x10,0x6d,0x5f,0x66,0x6c,0x44,
  0x65,0x66,0x75,0x73,0x65,0x4c,0x65,0x6e,0x67,0x74,0x68,0x18,0x04,0x20,0x40,0x48,0x20,0x22,0x1d,0x08,
  0x01,0x12,0x13,0x6d,0x5f,0x66,0x6c,0x44,0x65,0x66,0x75,0x73,0x65,0x43,0x6f,0x75,0x6e,0x74,0x44,0x6f,
  0x77,0x6e,0x18,0x04,0x20,0x40,0x48,0x20,0x22,0x18,0x08,0x00,0x12,0x0e,0x6d,0x5f,0x62,0x42,0x6f,0x6d,
  0x62,0x44,0x65,0x66,0x75,0x73,0x65,0x64,0x18,0x00,0x20,0x40,0x48,0x20,0x22,0x18,0x08,0x00,0x12,0x0e,
  0x6d,0x5f,0x68,0x42,0x6f,0x6d,0x62,0x44,0x65,0x66,0x75,0x73,0x65,0x72,0x18,0x00,0x20,0x40,0x48,0x20,
  0x09,0xe9,0x01,0x08,0x01,0x12,0x09,0x44,0x54,0x5f,0x50,0x6c,0x61,0x73,0x6d,0x61,0x18,0x00,0x22,0x20,
  0x08,0x06,0x12,0x09,0x62,0x61,0x73,0x65,0x63,0x6c,0x61,0x73,0x73,0x18,0x00,0x20,0x40,0x2a,0x0d,0x44,
  0x54,0x5f,0x42,0x61,0x73,0x65,0x45,0x6e,0x74,0x69,0x74,0x79,0x22,0x18,0x08,0x01,0x12,0x0e,0x6d,0x5f,
  0x66,0x6c,0x53,0x74,0x61,0x72,0x74,0x53,0x63,0x61,0x6c,0x65,0x18,0x04,0x20,0x40,0x48,0x20,0x22,0x13,
  0x08,0x01,0x12,0x09,0x6d,0x5f,0x66,0x6c,0x53,0x63,0x61,0x6c,0x65,0x18,0x04,0x20,0x40,0x48,0x20,0x22,
  0x17,0x08,0x01,0x12,0x0d,0x6d,0x5f,0x66,0x6c,0x53,0x63,0x61,0x6c,0x65,0x54,0x69,0x6d,0x65,0x18,0x04,
  0x20,0x40,0x48,0x20,0x22,0x12,0x08,0x00,0x12,0x08,0x6d,0x5f,0x6e,0x46,0x6c,0x61,0x67,0x73,0x18,0x00,
  0x20,0x40,0x48,0x20,0x22,0x1d,0x08,0x00,0x12,0x13,0x6d,0x5f,0x6e,0x50,0x6c,0x61,0x73,0x6d,0x61,0x4d,
  0x6f,0x64,0x65,0x6c,0x49,0x6e,0x64,0x65,0x78,0x18,0x00,0x20,0x40,0x48,0x20,0x22,0x1e,0x08,0x00,0x12,
  0x14,0x6d,0x5f,0x6e,0x50,0x6c,0x61,0x73,0x6d,0x61,0x4d,0x6f,0x64,0x65,0x6c,0x49,0x6e,0x64,0x65,0x78,
  0x32,0x18,0x00,0x20,0x40,0x48,0x20,0x22,0x1b,0x08,0x00,0x12,0x11,0x6d,0x5f,0x6e,0x47,0x6c,0x6f,0x77,
  0x4d,0x6f,0x64,0x65,0x6c,0x49,0x6e,0x64,0x65,0x78,0x18,0x00,0x20,0x40,0x48,0x20,0x09,0x9c,0x03,0x08,
  0x01,0x12,0x11,0x44,0x54,0x5f,0x50,0x6c,0x61,0x79,0x65,0x72,0x52,0x65,0x73,0x6f,0x75,0x72,0x63,0x65,
  0x18,0x00,0x22,0x0f,0x08,0x00,0x12,0x04,0x30,0x30,0x30,0x30,0x18,0x80,0x02,0x20,0x40,0x48,0x20,0x22,
  0x11,0x08,0x05,0x12,0x07,0x6d,0x5f,0x69,0x50,0x69,0x6e,0x67,0x18,0x00,0x20,0x40,0x30,0x41,0x22,0x0f,
  0x08,0x00,0x12,0x04,0x30,0x30,0x30,0x30,0x18,0x80,0x02,0x20,0x40,0x48,0x20,0x22,0x12,0x08,0x05,0x12,
  0x08,0x6d,0x5f,0x69,0x4b,0x69,0x6c,0x6c,0x73,0x18,0x00,0x20,0x40,0x30,0x41,0x22,0x0f,0x08,0x00,0x12,
  0x04,0x30,0x30,0x30,0x30,0x18,0x80,0x02,0x20,0x40,0x48,0x20,0x22,0x14,0x08,0x05,0x12,0x0a,0x6d,0x5f,
  0x69,0x41,0x73,0x73,0x69,0x73,0x74,0x73,0x18,0x00,0x20,0x40,0x30,0x41,0x22,0x0f,0x08,0x00,0x12,0x04,
  0x30,0x30,0x30,0x30,0x18,0x80,0x02,0x20,0x40,0x48,0x20,0x22,0x13,0x08,0x05,0x12,0x09,0x6d,0x5f,0x69,
  0x44,0x65,0x61,0x74,0x68,0x73,0x18,0x00,0x20,0x40,0x30,0x41,0x22,0x0f,0x08,0x00,0x12,0x04,0x30,0x30,
  0x30,0x30,0x18,0x80,0x02,0x20,0x40,0x48,0x20,0x22,0x16,0x08,0x05,0x12,0x0c,0x6d,0x5f,0x62,0x43,0x6f,
  0x6e,0x6e,0x65,0x63,0x74,0x65,0x64,0x18,0x00,0x20,0x40,0x30,0x41,0x22,0x0f,0x08,0x00,0x12,0x04,0x30,
  0x30,0x30,0x30,0x18,0x80,0x02,0x20,0x40,0x48,0x20,0x22,0x11,0x08,0x05,0x12,0x07,0x6d,0x5f,0x69,0x54,
  0x65,0x61,0x6d,0x18,0x00,0x20,0x40,0x30,0x41,0x22,0x0f,0x08,0x00,0x12,0x04,0x30,0x30,0x30,0x30,0x18,
  0x80,0x02,0x20,0x40,0x48,0x20,0x22,0x18,0x08,0x05,0x12,0x0e,0x6d,0x5f,0x69,0x50,0x65,0x6e,0x64,0x69,
  0x6e,0x67,0x54,0x65,0x61,0x6d,0x18,0x00,0x20,0x40,0x30,0x41,0x22,0x0f,0x08,0x00,0x12,0x04,0x30,0x30,
  0x30,0x30,0x18,0x80,0x02,0x20,0x40,0x48,0x20,0x22,0x12,0x08,0x05,0x12,0x08,0x6d,0x5f,0x62,0x41,0x6c,
  0x69,0x76,0x65,0x18,0x00,0x20,0x40,0x30,0x41,0x22,0x0f,0x08,0x00,0x12,0x04,0x30,0x30,0x30,0x30,0x18,
  0x80,0x02,0x20,0x40,0x48,0x20,0x22,0x13,0x08,0x05,0x12,0x09,0x6d,0x5f,0x69,0x48,0x65,0x61,0x6c,0x74,
  0x68,0x18,0x00,0x20,0x40,0x30,0x41,0x22,0x0f,0x08,0x00,0x12,0x04,0x30,0x30,0x30,0x30,0x18,0x80,0x02,
  0x20,0x40,0x48,0x20,0x22,0x19,0x08,0x05,0x12,0x0f,0x6d,0x5f,0x69,0x43,0x6f,0x61,0x63,0x68,0x69,0x6e,
  0x67,0x54,0x65,0x61,0x6d,0x18,0x00,0x20,0x40,0x30,0x41,0x09,0x90,0x02,0x08,0x01,0x12,0x0e,0x44,0x54,
  0x5f,0x50,0x6f,0x69,0x6e,0x74,0x43,0x61,0x6d,0x65,0x72,0x61,0x18,0x00,0x22,0x20,0x08,0x06,0x12,0x09,
  0x62,0x61,0x73,0x65,0x63,0x6c,0x61,0x73,0x73,0x18,0x00,0x20,0x40,0x2a,0x0d,0x44,0x54,0x5f,0x42,0x61,
  0x73,0x65,0x45,0x6e,0x74,0x69,0x74,0x79,0x22,0x0f,0x08,0x01,0x12,0x05,0x6d,0x5f,0x46,0x4f,0x56,0x18,
  0x04,0x20,0x40,0x48,0x20,0x22,0x16,0x08,0x01,0x12,0x0c,0x6d,0x5f,0x52,0x65,0x73,0x6f,0x6c,0x75,0x74,
  0x69,0x6f,0x6e,0x18,0x04,0x20,0x40,0x48,0x20,0x22,0x16,0x08,0x00,0x12,0x0c,0x6d,0x5f,0x62,0x46,0x6f,
  0x67,0x45,0x6e,0x61,0x62,0x6c,0x65,0x18,0x00,0x20,0x40,0x48,0x20,0x22,0x14,0x08,0x00,0x12,0x0a,0x6d,
  0x5f,0x46,0x6f,0x67,0x43,0x6f,0x6c,0x6f,0x72,0x18,0x00,0x20,0x40,0x48,0x20,0x22,0x16,0x08,0x01,0x12,
  0x0c,0x6d,0x5f,0x66,0x6c,0x46,0x6f,0x67,0x53,0x74,0x61,0x72,0x74,0x18,0x04,0x20,0x40,0x48,0x20,0x22,
  0x14,0x08,0x01,0x12,0x0a,0x6d,0x5f,0x66,0x6c,0x46,0x6f,0x67,0x45,0x6e,0x64,0x18,0x04,0x20,0x40,0x48,
  0x20,0x22,0x1b,0x08,0x01,0x12,0x11,0x6d,0x5f,0x66,0x6c,0x46,0x6f,0x67,0x4d,0x61,0x78,0x44,0x65,0x6e,
  0x73,0x69,0x74,0x79,0x18,0x04,0x20,0x40,0x48,0x20,0x22,0x13,0x08,0x00,0x12,0x09,0x6d,0x5f,0x62,0x41,
  0x63,0x74,0x69,0x76,0x65,0x18,0x00,0x20,0x40,0x48,0x20,0x22,0x21,0x08,0x00,0x12,0x17,0x6d,0x5f,0x62,
  0x55,0x73,0x65,0x53,0x63,0x72,0x65,0x65,0x6e,0x41,0x73,0x70,0x65,0x63,0x74,0x52,0x61,0x74,0x69,0x6f,
  0x18,0x00,0x20,0x40,0x48,0x20,0x09,0x9b,0x02,0x08,0x01,0x12,0x16,0x44,0x54,0x5f,0x50,0x6f,0x69,0x6e,
  0x74,0x43,0x6f,0x6d,0x6d,0x65,0x6e,0x74,0x61,0x72,0x79,0x4e,0x6f,0x64,0x65,0x18,0x00,0x22,0x23,0x08,
  0x06,0x12,0x09,0x62,0x61,0x73,0x65,0x63,0x6c,0x61,0x73,0x73,0x18,0x00,0x20,0x40,0x2a,0x10,0x44,0x54,
  0x5f,0x42,0x61,0x73,0x65,0x41,0x6e,0x69,0x6d,0x61,0x74,0x69,0x6e,0x67,0x22,0x13,0x08,0x00,0x12,0x09,
  0x6d,0x5f,0x62,0x41,0x63,0x74,0x69,0x76,0x65,0x18,0x00,0x20,0x40,0x48,0x20,0x22,0x17,0x08,0x01,0x12,
  0x0d,0x6d,0x5f,0x66,0x6c,0x53,0x74,0x61,0x72,0x74,0x54,0x69,0x6d,0x65,0x18,0x04,0x20,0x40,0x48,0x20,
  0x22,0x1d,0x08,0x04,0x12,0x13,0x6d,0x5f,0x69,0x73,0x7a,0x43,0x6f,0x6d,0x6d,0x65,0x6e,0x74,0x61,0x72,
  0x79,0x46,0x69,0x6c,0x65,0x18,0x00,0x20,0x40,0x48,0x00,0x22,0x22,0x08,0x04,0x12,0x18,0x6d,0x5f,0x69,
  0x73,0x7a,0x43,0x6f,0x6d,0x6d,0x65,0x6e,0x74,0x61,0x72,0x79,0x46,0x69,0x6c,0x65,0x4e,0x6f,0x48,0x44,
  0x52,0x18,0x00,0x20,0x40,0x48,0x00,0x22,0x17,0x08,0x04,0x12,0x0d,0x6d,0x5f,0x69,0x73,0x7a,0x53,0x70,
  0x65,0x61,0x6b,0x65,0x72,0x73,0x18,0x00,0x20,0x40,0x48,0x00,0x22,0x17,0x08,0x00,0x12,0x0d,0x6d,0x5f,
  0x69,0x4e,0x6f,0x64,0x65,0x4e,0x75,0x6d,0x62,0x65,0x72,0x18,0x00,0x20,0x40,0x48,0x20,0x22,0x1a,0x08,
  0x00,0x12,0x10,0x6d,0x5f,0x69,0x4e,0x6f,0x64,0x65,0x4e,0x75,0x6d,0x62,0x65,0x72,0x4d,0x61,0x78,0x18,
  0x00,0x20,0x40,0x48,0x20,0x22,0x19,0x08,0x00,0x12,0x0f,0x6d,0x5f,0x68,0x56,0x69,0x65,0x77,0x50,0x6f,
  0x73,0x69,0x74,0x69,0x6f,0x6e,0x18,0x00,0x20,0x40,0x48,0x20,0x09,0x7c,0x08,0x01,0x12,0x11,0x44,0x54,
  0x5f,0x50,0x6f,0x69,0x6e,0x74,0x57,0x6f,0x72,0x6c,0x64,0x54,0x65,0x78,0x74,0x18,0x00,0x22,0x20,0x08,
  0x06,0x12,0x09,0x62,0x61,0x73,0x65,0x63,0x6c,0x61,0x73,0x73,0x18,0x00,0x20,0x40,0x2a,0x0d,0x44,0x54,
  0x5f,0x42,0x61,0x73,0x65,0x45,0x6e,0x74,0x69,0x74,0x79,0x22,0x12,0x08,0x04,0x12,0x08,0x6d,0x5f,0x73,
  0x7a,0x54,0x65,0x78,0x74,0x18,0x00,0x20,0x40,0x48,0x00,0x22,0x16,0x08,0x01,0x12,0x0c,0x6d,0x5f,0x66,
  0x6c,0x54,0x65,0x78,0x74,0x53,0x69,0x7a,0x65,0x18,0x04,0x20,0x40,0x48,0x20,0x22,0x15,0x08,0x00,0x12,
  0x0b,0x6d,0x5f,0x74,0x65,0x78,0x74,0x43,0x6f,0x6c,0x6f,0x72,0x18,0x00,0x20,0x40,0x48,0x20,0x09,0x82,
  0x03,0x08,0x01,0x12,0x11,0x44,0x54,0x5f,0x50,0x6f,0x73,0x65,0x43,0x6f,0x6e,0x74,0x72,0x6f,0x6c,0x6c,
  0x65,0x72,0x18,0x00,0x22,0x20,0x08,0x06,0x12,0x09,0x62,0x61,0x73,0x65,0x63,0x6c,0x61,0x73,0x73,0x18,
  0x00,0x20,0x40,0x2a,0x0d,0x44,0x54,0x5f,0x42,0x61,0x73,0x65,0x45,0x6e,0x74,0x69,0x74,0x79,0x22,0x0f,
  0x08,0x00,0x12,0x04,0x30,0x30,0x30,0x30,0x18,0x80,0x02,0x20,0x40,0x48,0x20,0x22,0x12,0x08,0x05,0x12,
  0x08,0x6d,0x5f,0x68,0x50,0x72,0x6f,0x70,0x73,0x18,0x00,0x20,0x40,0x30,0x08,0x22,0x0f,0x08,0x00,0x12,
  0x04,0x30,0x30,0x30,0x30,0x18,0x80,0x02,0x20,0x40,0x48,0x20,0x22,0x17,0x08,0x05,0x12,0x0d,0x6d,0x5f,
  0x63,0x68,0x50,0x6f,0x73,0x65,0x49,0x6e,0x64,0x65,0x78,0x18,0x00,0x20,0x40,0x30,0x09,0x22,0x1c,0x08,
  0x00,0x12,0x12,0x6d,0x5f,0x62,0x50,0x6f,0x73,0x65,0x56,0x61,0x6c,0x75,0x65,0x50,0x61,0x72,0x69,0x74,
  0x79,0x18,0x00,0x20,0x40,0x48,0x20,0x22,0x16,0x08,0x01,0x12,0x0c,0x6d,0x5f,0x66,0x50,0x6f,0x73,0x65,
  0x56,0x61,0x6c,0x75,0x65,0x18,0x04,0x20,0x40,0x48,0x20,0x22,0x1e,0x08,0x01,0x12,0x14,0x6d,0x5f,0x66,
  0x49,0x6e,0x74,0x65,0x72,0x70,0x6f,0x6c,0x61,0x74,0x69,0x6f,0x6e,0x54,0x69,0x6d,0x65,0x18,0x04,0x20,
  0x40,0x48,0x20,0x22,0x1e,0x08,0x00,0x12,0x14,0x6d,0x5f,0x62,0x49,0x6e,0x74,0x65,0x72,0x70,0x6f,0x6c,
  0x61,0x74,0x69,0x6f,0x6e,0x57,0x72,0x61,0x70,0x18,0x00,0x20,0x40,0x48,0x20,0x22,0x1b,0x08,0x01,0x12,
  0x11,0x6d,0x5f,0x66,0x43,0x79,0x63,0x6c,0x65,0x46,0x72,0x65,0x71,0x75,0x65,0x6e,0x63,0x79,0x18,0x04,
  0x20,0x40,0x48,0x20,0x22,0x15,0x08,0x00,0x12,0x0b,0x6d,0x5f,0x6e,0x46,0x4d,0x6f,0x64,0x54,0x79,0x70,
  0x65,0x18,0x00,0x20,0x40,0x48,0x20,0x22,0x1b,0x08,0x01,0x12,0x11,0x6d,0x5f,0x66,0x46,0x4d,0x6f,0x64,
  0x54,0x69,0x6d,0x65,0x4f,0x66,0x66,0x73,0x65,0x74,0x18,0x04,0x20,0x40,0x48,0x20,0x22,0x15,0x08,0x01,
  0x12,0x0b,0x6d,0x5f,0x66,0x46,0x4d,0x6f,0x64,0x52,0x61,0x74,0x65,0x18,0x04,0x20,0x40,0x48,0x20,0x22,
  0x1a,0x08,0x01,0x12,0x10,0x6d,0x5f,0x66,0x46,0x4d,0x6f,0x64,0x41,0x6d,0x70,0x6c,0x69,0x74,0x75,0x64,
  0x65,0x18,0x04,0x20,0x40,0x48,0x20,0x09,0x8b,0x01,0x08,0x01,0x12,0x18,0x44,0x54,0x5f,0x50,0x6f,0x73,
  0x74,0x50,0x72,0x6f,0x63,0x65,0x73,0x73,0x43,0x6f,0x6e,0x74,0x72,0x6f,0x6c,0x6c,0x65,0x72,0x18,0x00,
  0x22,0x20,0x08,0x06,0x12,0x09,0x62,0x61,0x73,0x65,0x63,0x6c,0x61,0x73,0x73,0x18,0x00,0x20,0x40,0x2a,
  0x0d,0x44,0x54,0x5f,0x42,0x61,0x73,0x65,0x45,0x6e,0x74,0x69,0x74,0x79,0x22,0x0f,0x08,0x00,0x12,0x04,
  0x30,0x30,0x30,0x30,0x18,0x80,0x02,0x20,0x40,0x48,0x20,0x22,0x23,0x08,0x05,0x12,0x19,0x6d,0x5f,0x66,
  0x6c,0x50,0x6f,0x73,0x74,0x50,0x72,0x6f,0x63,0x65,0x73,0x73,0x50,0x61,0x72,0x61,0x6d,0x65,0x74,0x65,
  0x72,0x73,0x18,0x00,0x20,0x40,0x30,0x10,0x22,0x13,0x08,0x00,0x12,0x09,0x6d,0x5f,0x62,0x4d,0x61,0x73,
  0x74,0x65,0x72,0x18,0x00,0x20,0x40,0x48,0x20,0x09,0x51,0x08,0x01,0x12,0x10,0x44,0x54,0x5f,0x50,0x72,
  0x65,0x63,0x69,0x70,0x69,0x74,0x61,0x74,0x69,0x6f,0x6e,0x18,0x00,0x22,0x20,0x08,0x06,0x12,0x09,0x62,
  0x61,0x73,0x65,0x63,0x6c,0x61,0x73,0x73,0x18,0x00,0x20,0x40,0x2a,0x0d,0x44,0x54,0x5f,0x42,0x61,0x73,
  0x65,0x45,0x6e,0x74,0x69,0x74,0x79,0x22,0x17,0x08,0x00,0x12,0x0d,0x6d,0x5f,0x6e,0x50,0x72,0x65,0x63,
  0x69,0x70,0x54,0x79,0x70,0x65,0x18,0x00,0x20,0x40,0x48,0x20,0x09,0x3f,0x08,0x01,0x12,0x17,0x44,0x54,
  0x5f,0x50,0x72,0x65,0x63,0x69,0x70,0x69,0x74,0x61,0x74,0x69,0x6f,0x6e,0x42,0x6c,0x6f,0x63,0x6b,0x65,
  0x72,0x18,0x00,0x22,0x20,0x08,0x06,0x12,0x09,0x62,0x61,0x73,0x65,0x63,0x6c,0x61,0x73,0x73,0x18,0x00,
  0x20,0x40,0x2a,0x0d,0x44,0x54,0x5f,0x42,0x61,0x73,0x65,0x45,0x6e,0x74,0x69,0x74,0x79,0x09,0x40,0x08,
  0x01,0x12,0x15,0x44,0x54,0x5f,0x50,0x72,0x65,0x64,0x69,0x63,0x74,0x65,0x64,0x56,0x69,0x65,0x77,0x4d,
  0x6f,0x64,0x65,0x6c,0x18,0x00,0x22,0x23,0x08,0x06,0x12,0x09,0x62,0x61,0x73,0x65,0x63,0x6c,0x61,0x73,
  0x73,0x18,0x00,0x20,0x40,0x2a,0x10,0x44,0x54,0x5f,0x42,0x61,0x73,0x65,0x56,0x69,0x65,0x77,0x4d,0x6f,
  0x64,0x65,0x6c,0x09,0x3d,0x08,0x01,0x12,0x13,0x44,0x54,0x5f,0x50,0x72,0x6f,0x70,0x44,0x6f,0x6f,0x72,
  0x52,0x6f,0x74,0x61,0x74,0x69,0x6e,0x67,0x18,0x00,0x22,0x22,0x08,0x06,0x12,0x09,0x62,0x61,0x73,0x65,
  0x63,0x6c,0x61,0x73,0x73,0x18,0x00,0x20,0x40,0x2a,0x0f,0x44,0x54,0x5f,0x42,0x61,0x73,0x65,0x50,0x72,
  0x6f,0x70,0x44,0x6f,0x6f,0x72,0x09,0x59,0x08,0x01,0x12,0x0b,0x44,0x54,0x5f,0x50,0x72,0x6f,0x70,0x4a,
  0x65,0x65,0x70,0x18,0x00,0x22,0x2a,0x08,0x06,0x12,0x09,0x62,0x61,0x73,0x65,0x63,0x6c,0x61,0x73,0x73,
  0x18,0x00,0x20,0x40,0x2a,0x17,0x44,0x54,0x5f,0x50,0x72,0x6f,0x70,0x56,0x65,0x68,0x69,0x63,0x6c,0x65,
  0x44,0x72,0x69,0x76,0x65,0x61,0x62,0x6c,0x65,0x22,0x1a,0x08,0x00,0x12,0x10,0x6d,0x5f,0x62,0x48,0x65,
  0x61,0x64,0x6c,0x69,0x67,0x68,0x74,0x49,0x73,0x4f,0x6e,0x18,0x00,0x20,0x40,0x48,0x20,0x09,0xce,0x04,
  0x08,0x01,0x12,0x1b,0x44,0x54,0x5f,0x50,0x72,0x6f,0x70,0x56,0x65,0x68,0x69,0x63,0x6c,0x65,0x43,0x68,
  0x6f,0x72,0x65,0x6f,0x47,0x65,0x6e,0x65,0x72,0x69,0x63,0x18,0x00,0x22,0x21,0x08,0x06,0x12,0x09,0x62,
  0x61,0x73,0x65,0x63,0x6c,0x61,0x73,0x73,0x18,0x00,0x20,0x40,0x2a,0x0e,0x44,0x54,0x5f,0x44,0x79,0x6e,
  0x61,0x6d,0x69,0x63,0x50,0x72,0x6f,0x70,0x22,0x13,0x08,0x00,0x12,0x09,0x6d,0x5f,0x68,0x50,0x6c,0x61,
  0x79,0x65,0x72,0x18,0x00,0x20,0x40,0x48,0x20,0x22,0x18,0x08,0x00,0x12,0x0e,0x6d,0x5f,0x62,0x45,0x6e,
  0x74,0x65,0x72,0x41,0x6e,0x69,0x6d,0x4f,0x6e,0x18,0x00,0x20,0x40,0x48,0x20,0x22,0x17,0x08,0x00,0x12,
  0x0d,0x6d,0x5f,0x62,0x45,0x78,0x69,0x74,0x41,0x6e,0x69,0x6d,0x4f,0x6e,0x18,0x00,0x20,0x40,0x48,0x20,
  0x22,0x22,0x08,0x00,0x12,0x18,0x6d,0x5f,0x62,0x46,0x6f,0x72,0x63,0x65,0x45,0x79,0x65,0x73,0x54,0x6f,
  0x41,0x74,0x74,0x61,0x63,0x68,0x6d,0x65,0x6e,0x74,0x18,0x00,0x20,0x40,0x48,0x20,0x22,0x1e,0x08,0x02,
  0x12,0x14,0x6d,0x5f,0x76,0x65,0x63,0x45,0x79,0x65,0x45,0x78,0x69,0x74,0x45,0x6e,0x64,0x70,0x6f,0x69,
  0x6e,0x74,0x18,0x04,0x20,0x40,0x48,0x00,0x22,0x27,0x08,0x00,0x12,0x1d,0x6d,0x5f,0x76,0x65,0x68,0x69,
  0x63,0x6c,0x65,0x56,0x69,0x65,0x77,0x2e,0x62,0x43,0x6c,0x61,0x6d,0x70,0x45,0x79,0x65,0x41,0x6e,0x67,
  0x6c,0x65,0x73,0x18,0x00,0x20,0x40,0x48,0x20,0x22,0x28,0x08,0x01,0x12,0x1e,0x6d,0x5f,0x76,0x65,0x68,
  0x69,0x63,0x6c,0x65,0x56,0x69,0x65,0x77,0x2e,0x66,0x6c,0x50,0x69,0x74,0x63,0x68,0x43,0x75,0x72,0x76,
  0x65,0x5a,0x65,0x72,0x6f,0x18,0x04,0x20,0x40,0x48,0x20,0x22,0x2a,0x08,0x01,0x12,0x20,0x6d,0x5f,0x76,
  0x65,0x68,0x69,0x63,0x6c,0x65,0x56,0x69,0x65,0x77,0x2e,0x66,0x6c,0x50,0x69,0x74,0x63,0x68,0x43,0x75,
  0x72,0x76,0x65,0x4c,0x69,0x6e,0x65,0x61,0x72,0x18,0x04,0x20,0x40,0x48,0x20,0x22,0x27,0x08,0x01,0x12,
  0x1d,0x6d,0x5f,0x76,0x65,0x68,0x69,0x63,0x6c,0x65,0x56,0x69,0x65,0x77,0x2e,0x66,0x6c,0x52,0x6f,0x6c,
  0x6c,0x43,0x75,0x72,0x76,0x65,0x5a,0x65,0x72,0x6f,0x18,0x04,0x20,0x40,0x48,0x20,0x22,0x29,0x08,0x01,
  0x12,0x1f,0x6d,0x5f,0x76,0x65,0x68,0x69,0x63,0x6c,0x65,0x56,0x69,0x65,0x77,0x2e,0x66,0x6c,0x52,0x6f,
  0x6c,0x6c,0x43,0x75,0x72,0x76,0x65,0x4c,0x69,0x6e,0x65,0x61,0x72,0x18,0x04,0x20,0x40,0x48,0x20,0x22,
  0x1d,0x08,0x01,0x12,0x13,0x6d,0x5f,0x76,0x65,0x68,0x69,0x63,0x6c,0x65,0x56,0x69,0x65,0x77,0x2e,0x66,
  0x6c,0x46,0x4f,0x56,0x18,0x04,0x20,0x40,0x48,0x20,0x22,0x20,0x08,0x01,0x12,0x16,0x6d,0x5f,0x76,0x65,
  0x68,0x69,0x63,0x6c,0x65,0x56,0x69,0x65,0x77,0x2e,0x66,0x6c,0x59,0x61,0x77,0x4d,0x69,0x6e,0x18,0x04,
  0x20,0x40,0x48,0x20,0x22,0x20,0x08,0x01,0x12,0x16,0x6d,0x5f,0x76,0x65,0x68,0x69,0x63,0x6c,0x65,0x56,
  0x69,0x65,0x77,0x2e,0x66,0x6c,0x59,0x61,0x77,0x4d,0x61,0x78,0x18,0x04,0x20,0x40,0x48,0x20,0x22,0x22,
  0x08,0x01,0x12,0x18,0x6d,0x5f,0x76,0x65,0x68,0x69,0x63,0x6c,0x65,0x56,0x69,0x65,0x77,0x2e,0x66,0x6c,
  0x50,0x69,0x74,0x63,0x68,0x4d,0x69,0x6e,0x18,0x04,0x20,0x40,0x48,0x20,0x22,0x22,0x08,0x01,0x12,0x18,
  0x6d,0x5f,0x76,0x65,0x68,0x69,0x63,0x6c,0x65,0x56,0x69,0x65,0x77,0x2e,0x66,0x6c,0x50,0x69,0x74,0x63,
  0x68,0x4d,0x61,0x78,0x18,0x04,0x20,0x40,0x48,0x20,0x09,0xb2,0x03,0x08,0x01,0x12,0x17,0x44,0x54,0x5f,
  0x50,0x72,0x6f,0x70,0x56,0x65,0x68,0x69,0x63,0x6c,0x65,0x44,0x72,0x69,0x76,0x65,0x61,0x62,0x6c,0x65,
  0x18,0x00,0x22,0x23,0x08,0x06,0x12,0x09,0x62,0x61,0x73,0x65,0x63,0x6c,0x61,0x73,0x73,0x18,0x00,0x20,
  0x40,0x2a,0x10,0x44,0x54,0x5f,0x42,0x61,0x73,0x65,0x41,0x6e,0x69,0x6d,0x61,0x74,0x69,0x6e,0x67,0x22,
  0x13,0x08,0x00,0x12,0x09,0x6d,0x5f,0x68,0x50,0x6c,0x61,0x79,0x65,0x72,0x18,0x00,0x20,0x40,0x48,0x20,
  0x22,0x12,0x08,0x00,0x12,0x08,0x6d,0x5f,0x6e,0x53,0x70,0x65,0x65,0x64,0x18,0x00,0x20,0x40,0x48,0x20,
  0x22,0x10,0x08,0x00,0x12,0x06,0x6d,0x5f,0x6e,0x52,0x50,0x4d,0x18,0x00,0x20,0x40,0x48,0x20,0x22,0x16,
  0x08,0x01,0x12,0x0c,0x6d,0x5f,0x66,0x6c,0x54,0x68,0x72,0x6f,0x74,0x74,0x6c,0x65,0x18,0x04,0x20,0x40,
  0x48,0x20,0x22,0x1a,0x08,0x00,0x12,0x10,0x6d,0x5f,0x6e,0x42,0x6f,0x6f,0x73,0x74,0x54,0x69,0x6d,0x65,
  0x4c,0x65,0x66,0x74,0x18,0x00,0x20,0x40,0x48,0x20,0x22,0x15,0x08,0x00,0x12,0x0b,0x6d,0x5f,0x6e,0x48,
  0x61,0x73,0x42,0x6f,0x6f,0x73,0x74,0x18,0x00,0x20,0x40,0x48,0x20,0x22,0x23,0x08,0x00,0x12,0x19,0x6d,
  0x5f,0x6e,0x53,0x63,0x61,0x6e,0x6e,0x65,0x72,0x44,0x69,0x73,0x61,0x62,0x6c,0x65,0x64,0x57,0x65,0x61,
  0x70,0x6f,0x6e,0x73,0x18,0x00,0x20,0x40,0x48,0x20,0x22,0x23,0x08,0x00,0x12,0x19,0x6d,0x5f,0x6e,0x53,
  0x63,0x61,0x6e,0x6e,0x65,0x72,0x44,0x69,0x73,0x61,0x62,0x6c,0x65,0x64,0x56,0x65,0x68,0x69,0x63,0x6c,
  0x65,0x18,0x00,0x20,0x40,0x48,0x20,0x22,0x18,0x08,0x00,0x12,0x0e,0x6d,0x5f,0x62,0x45,0x6e,0x74,0x65,
  0x72,0x41,0x6e,0x69,0x6d,0x4f,0x6e,0x18,0x00,0x20,0x40,0x48,0x20,0x22,0x17,0x08,0x00,0x12,0x0d,0x6d,
  0x5f,0x62,0x45,0x78,0x69,0x74,0x41,0x6e,0x69,0x6d,0x4f,0x6e,0x18,0x00,0x20,0x40,0x48,0x20,0x22,0x19,
  0x08,0x00,0x12,0x0f,0x6d,0x5f,0x62,0x55,0x6e,0x61,0x62,0x6c,0x65,0x54,0x6f,0x46,0x69,0x72,0x65,0x18,
  0x00,0x20,0x40,0x48,0x20,0x22,0x1e,0x08,0x02,0x12,0x14,0x6d,0x5f,0x76,0x65,0x63,0x45,0x79,0x65,0x45,
  0x78,0x69,0x74,0x45,0x6e,0x64,0x70,0x6f,0x69,0x6e,0x74,0x18,0x04,0x20,0x40,0x48,0x00,0x22,0x13,0x08,
  0x00,0x12,0x09,0x6d,0x5f,0x62,0x48,0x61,0x73,0x47,0x75,0x6e,0x18,0x00,0x20,0x40,0x48,0x20,0x22,0x1b,
  0x08,0x02,0x12,0x11,0x6d,0x5f,0x76,0x65,0x63,0x47,0x75,0x6e,0x43,0x72,0x6f,0x73,0x73,0x68,0x61,0x69,
  0x72,0x18,0x04,0x20,0x40,0x48,0x00,0x09,0x8b,0x01,0x08,0x01,0x12,0x15,0x44,0x54,0x5f,0x50,0x72,0x6f,
  0x70,0x5f,0x48,0x61,0x6c,0x6c,0x75,0x63,0x69,0x6e,0x61,0x74,0x69,0x6f,0x6e,0x18,0x00,0x22,0x23,0x08,
  0x06,0x12,0x09,0x62,0x61,0x73,0x65,0x63,0x6c,0x61,0x73,0x73,0x18,0x00,0x20,0x40,0x2a,0x10,0x44,0x54,
  0x5f,0x42,0x61,0x73,0x65,0x41,0x6e,0x69,0x6d,0x61,0x74,0x69,0x6e,0x67,0x22,0x14,0x08,0x00,0x12,0x0a,
  0x6d,0x5f,0x62,0x45,0x6e,0x61,0x62,0x6c,0x65,0x64,0x18,0x00,0x20,0x40,0x48,0x20,0x22,0x18,0x08,0x01,
  0x12,0x0e,0x6d,0x5f,0x66,0x56,0x69,0x73,0x69,0x62,0x6c,0x65,0x54,0x69,0x6d,0x65,0x18,0x04,0x20,0x40,
  0x48,0x20,0x22,0x19,0x08,0x01,0x12,0x0f,0x6d,0x5f,0x66,0x52,0x65,0x63,0x68,0x61,0x72,0x67,0x65,0x54,
  0x69,0x6d,0x65,0x18,0x04,0x20,0x40,0x48,0x20,0x09,0x6e,0x08,0x01,0x12,0x0e,0x44,0x54,0x5f,0x50,0x72,
  0x6f,0x78,0x79,0x54,0x6f,0x67,0x67,0x6c,0x65,0x18,0x00,0x22,0x20,0x08,0x06,0x12,0x09,0x62,0x61,0x73,
  0x65,0x63,0x6c,0x61,0x73,0x73,0x18,0x00,0x20,0x40,0x2a,0x0d,0x44,0x54,0x5f,0x42,0x61,0x73,0x65,0x45,
  0x6e,0x74,0x69,0x74,0x79,0x22,0x0f,0x08,0x00,0x12,0x04,0x30,0x30,0x30,0x30,0x18,0x80,0x02,0x20,0x40,
  0x48,0x20,0x22,0x0e,0x08,0x05,0x12,0x04,0x62,0x6c,0x61,0x68,0x18,0x00,0x20,0x40,0x30,0x01,0x22,0x15,
  0x08,0x00,0x12,0x0b,0x6d,0x5f,0x57,0x69,0x74,0x68,0x50,0x72,0x6f,0x78,0x79,0x18,0x00,0x20,0x40,0x48,
  0x20,0x09,0x9e,0x01,0x08,0x01,0x12,0x10,0x44,0x54,0x5f,0x51,0x75,0x61,0x64,0x72,0x61,0x74,0x69,0x63,
  0x42,0x65,0x61,0x6d,0x18,0x00,0x22,0x20,0x08,0x06,0x12,0x09,0x62,0x61,0x73,0x65,0x63,0x6c,0x61,0x73,
  0x73,0x18,0x00,0x20,0x40,0x2a,0x0d,0x44,0x54,0x5f,0x42,0x61,0x73,0x65,0x45,0x6e,0x74,0x69,0x74,0x79,
  0x22,0x1a,0x08,0x02,0x12,0x10,0x6d,0x5f,0x74,0x61,0x72,0x67,0x65,0x74,0x50,0x6f,0x73,0x69,0x74,0x69,
  0x6f,0x6e,0x18,0x04,0x20,0x40,0x48,0x00,0x22,0x1b,0x08,0x02,0x12,0x11,0x6d,0x5f,0x63,0x6f,0x6e,0x74,
  0x72,0x6f,0x6c,0x50,0x6f,0x73,0x69,0x74,0x69,0x6f,0x6e,0x18,0x04,0x20,0x40,0x48,0x00,0x22,0x16,0x08,
  0x01,0x12,0x0c,0x6d,0x5f,0x73,0x63,0x72,0x6f,0x6c,0x6c,0x52,0x61,0x74,0x65,0x18,0x04,0x20,0x40,0x48,
  0x20,0x22,0x13,0x08,0x01,0x12,0x09,0x6d,0x5f,0x66,0x6c,0x57,0x69,0x64,0x74,0x68,0x18,0x04,0x20,0x40,
  0x48,0x20,0x09,0xe2,0x01,0x08,0x01,0x12,0x0a,0x44,0x54,0x5f,0x52,0x61,0x67,0x64,0x6f,0x6c,0x6c,0x18,
  0x00,0x22,0x23,0x08,0x06,0x12,0x09,0x62,0x61,0x73,0x65,0x63,0x6c,0x61,0x73,0x73,0x18,0x00,0x20,0x40,
  0x2a,0x10,0x44,0x54,0x5f,0x42,0x61,0x73,0x65,0x41,0x6e,0x69,0x6d,0x61,0x74,0x69,0x6e,0x67,0x22,0x18,
  0x08,0x02,0x12,0x0e,0x6d,0x5f,0x72,0x61,0x67,0x41,0x6e,0x67,0x6c,0x65,0x73,0x5b,0x30,0x5d,0x18,0x04,
  0x20,0x40,0x48,0x00,0x22,0x15,0x08,0x04,0x12,0x0b,0x6d,0x5f,0x72,0x61,0x67,0x41,0x6e,0x67,0x6c,0x65,
  0x73,0x18,0x00,0x20,0x40,0x48,0x00,0x22,0x15,0x08,0x02,0x12,0x0b,0x6d,0x5f,0x72,0x61,0x67,0x50,0x6f,
  0x73,0x5b,0x30,0x5d,0x18,0x04,0x20,0x40,0x48,0x00,0x22,0x12,0x08,0x04,0x12,0x08,0x6d,0x5f,0x72,0x61,
  0x67,0x50,0x6f,0x73,0x18,0x00,0x20,0x40,0x48,0x00,0x22,0x16,0x08,0x00,0x12,0x0c,0x6d,0x5f,0x68,0x55,
  0x6e,0x72,0x61,0x67,0x64,0x6f,0x6c,0x6c,0x18,0x00,0x20,0x40,0x48,0x20,0x22,0x19,0x08,0x01,0x12,0x0f,
  0x6d,0x5f,0x66,0x6c,0x42,0x6c,0x65,0x6e,0x64,0x57,0x65,0x69,0x67,0x68,0x74,0x18,0x04,0x20,0x40,0x48,
  0x20,0x22,0x1c,0x08,0x00,0x12,0x12,0x6d,0x5f,0x6e,0x4f,0x76,0x65,0x72,0x6c,0x61,0x79,0x53,0x65,0x71,
  0x75,0x65,0x6e,0x63,0x65,0x18,0x00,0x20,0x40,0x48,0x20,0x09,0x3c,0x08,0x01,0x12,0x11,0x44,0x54,0x5f,
  0x52,0x61,0x67,0x64,0x6f,0x6c,0x6c,0x4d,0x61,0x6e,0x61,0x67,0x65,0x72,0x18,0x00,0x22,0x23,0x08,0x00,
  0x12,0x19,0x6d,0x5f,0x69,0x43,0x75,0x72,0x72,0x65,0x6e,0x74,0x4d,0x61,0x78,0x52,0x61,0x67,0x64,0x6f,
  0x6c,0x6c,0x43,0x6f,0x75,0x6e,0x74,0x18,0x00,0x20,0x40,0x48,0x20,0x09,0xce,0x01,0x08,0x01,0x12,0x13,
  0x44,0x54,0x5f,0x52,0x61,0x67,0x64,0x6f,0x6c,0x6c,0x5f,0x41,0x74,0x74,0x61,0x63,0x68,0x65,0x64,0x18,
  0x00,0x22,0x1d,0x08,0x06,0x12,0x09,0x62,0x61,0x73,0x65,0x63,0x6c,0x61,0x73,0x73,0x18,0x00,0x20,0x40,
  0x2a,0x0a,0x44,0x54,0x5f,0x52,0x61,0x67,0x64,0x6f,0x6c,0x6c,0x22,0x1d,0x08,0x00,0x12,0x13,0x6d,0x5f,
  0x62,0x6f,0x6e,0x65,0x49,0x6e,0x64,0x65,0x78,0x41,0x74,0x74,0x61,0x63,0x68,0x65,0x64,0x18,0x00,0x20,
  0x40,0x48,0x20,0x22,0x26,0x08,0x00,0x12,0x1c,0x6d,0x5f,0x72,0x61,0x67,0x64,0x6f,0x6c,0x6c,0x41,0x74,
  0x74,0x61,0x63,0x68,0x65,0x64,0x4f,0x62,0x6a,0x65,0x63,0x74,0x49,0x6e,0x64,0x65,0x78,0x18,0x00,0x20,
  0x40,0x48,0x20,0x22,0x24,0x08,0x02,0x12,0x1a,0x6d,0x5f,0x61,0x74,0x74,0x61,0x63,0x68,0x6d,0x65,0x6e,
  0x74,0x50,0x6f,0x69,0x6e,0x74,0x42,0x6f,0x6e,0x65,0x53,0x70,0x61,0x63,0x65,0x18,0x04,0x20,0x40,0x48,
  0x00,0x22,0x27,0x08,0x02,0x12,0x1d,0x6d,0x5f,0x61,0x74,0x74,0x61,0x63,0x68,0x6d,0x65,0x6e,0x74,0x50,
  0x6f,0x69,0x6e,0x74,0x52,0x61,0x67,0x64,0x6f,0x6c,0x6c,0x53,0x70,0x61,0x63,0x65,0x18,0x04,0x20,0x40,
  0x48,0x00,0x09,0x9d,0x03,0x08,0x01,0x12,0x0e,0x44,0x54,0x5f,0x52,0x6f,0x63,0x6b,0x65,0x74,0x54,0x72,
  0x61,0x69,0x6c,0x18,0x00,0x22,0x28,0x08,0x06,0x12,0x09,0x62,0x61,0x73,0x65,0x63,0x6c,0x61,0x73,0x73,
  0x18,0x00,0x20,0x40,0x2a,0x15,0x44,0x54,0x5f,0x42,0x61,0x73,0x65,0x50,0x61,0x72,0x74,0x69,0x63,0x6c,
  0x65,0x45,0x6e,0x74,0x69,0x74,0x79,0x22,0x15,0x08,0x01,0x12,0x0b,0x6d,0x5f,0x53,0x70,0x61,0x77,0x6e,
  0x52,0x61,0x74,0x65,0x18,0x04,0x20,0x40,0x48,0x20,0x22,0x16,0x08,0x02,0x12,0x0c,0x6d,0x5f,0x53,0x74,
  0x61,0x72,0x74,0x43,0x6f,0x6c,0x6f,0x72,0x18,0x04,0x20,0x40,0x48,0x00,0x22,0x14,0x08,0x02,0x12,0x0a,
  0x6d,0x5f,0x45,0x6e,0x64,0x43,0x6f,0x6c,0x6f,0x72,0x18,0x04,0x20,0x40,0x48,0x00,0x22,0x1c,0x08,0x01,
  0x12,0x12,0x6d,0x5f,0x50,0x61,0x72,0x74,0x69,0x63,0x6c,0x65,0x4c,0x69,0x66,0x65,0x74,0x69,0x6d,0x65,
  0x18,0x04,0x20,0x40,0x48,0x20,0x22,0x18,0x08,0x01,0x12,0x0e,0x6d,0x5f,0x53,0x74,0x6f,0x70,0x45,0x6d,
  0x69,0x74,0x54,0x69,0x6d,0x65,0x18,0x04,0x20,0x40,0x48,0x20,0x22,0x14,0x08,0x01,0x12,0x0a,0x6d,0x5f,
  0x4d,0x69,0x6e,0x53,0x70,0x65,0x65,0x64,0x18,0x04,0x20,0x40,0x48,0x20,0x22,0x14,0x08,0x01,0x12,0x0a,
  0x6d,0x5f,0x4d,0x61,0x78,0x53,0x70,0x65,0x65,0x64,0x18,0x04,0x20,0x40,0x48,0x20,0x22,0x15,0x08,0x01,
  0x12,0x0b,0x6d,0x5f,0x53,0x74,0x61,0x72,0x74,0x53,0x69,0x7a,0x65,0x18,0x04,0x20,0x40,0x48,0x20,0x22,
  0x13,0x08,0x01,0x12,0x09,0x6d,0x5f,0x45,0x6e,0x64,0x53,0x69,0x7a,0x65,0x18,0x04,0x20,0x40,0x48,0x20,
  0x22,0x17,0x08,0x01,0x12,0x0d,0x6d,0x5f,0x53,0x70,0x61,0x77,0x6e,0x52,0x61,0x64,0x69,0x75,0x73,0x18,
  0x04,0x20,0x40,0x48,0x20,0x22,0x11,0x08,0x00,0x12,0x07,0x6d,0x5f,0x62,0x45,0x6d,0x69,0x74,0x18,0x00,
  0x20,0x40,0x48,0x20,0x22,0x17,0x08,0x00,0x12,0x0d,0x6d,0x5f,0x6e,0x41,0x74,0x74,0x61,0x63,0x68,0x6d,
  0x65,0x6e,0x74,0x18,0x00,0x20,0x40,0x48,0x20,0x22,0x13,0x08,0x01,0x12,0x09,0x6d,0x5f,0x4f,0x70,0x61,
  0x63,0x69,0x74,0x79,0x18,0x04,0x20,0x40,0x48,0x20,0x22,0x14,0x08,0x00,0x12,0x0a,0x6d,0x5f,0x62,0x44,
  0x61,0x6d,0x61,0x67,0x65,0x64,0x18,0x00,0x20,0x40,0x48,0x20,0x22,0x18,0x08,0x01,0x12,0x0e,0x6d,0x5f,
  0x66,0x6c,0x46,0x6c,0x61,0x72,0x65,0x53,0x63,0x61,0x6c,0x65,0x18,0x04,0x20,0x40,0x48,0x20,0x09,0x96,
  0x05,0x08,0x01,0x12,0x0f,0x44,0x54,0x5f,0x52,0x6f,0x70,0x65,0x4b,0x65,0x79,0x66,0x72,0x61,0x6d,0x65,
  0x18,0x00,0x22,0x18,0x08,0x00,0x12,0x0e,0x6d,0x5f,0x6e,0x43,0x68,0x61,0x6e,0x67,0x65,0x43,0x6f,0x75,
  0x6e,0x74,0x18,0x00,0x20,0x40,0x48,0x20,0x22,0x23,0x08,0x00,0x12,0x19,0x6d,0x5f,0x69,0x52,0x6f,0x70,
  0x65,0x4d,0x61,0x74,0x65,0x72,0x69,0x61,0x6c,0x4d,0x6f,0x64,0x65,0x6c,0x49,0x6e,0x64,0x65,0x78,0x18,
  0x00,0x20,0x40,0x48,0x20,0x22,0x17,0x08,0x00,0x12,0x0d,0x6d,0x5f,0x68,0x53,0x74,0x61,0x72,0x74,0x50,
  0x6f,0x69,0x6e,0x74,0x18,0x00,0x20,0x40,0x48,0x20,0x22,0x15,0x08,0x00,0x12,0x0b,0x6d,0x5f,0x68,0x45,
  0x6e,0x64,0x50,0x6f,0x69,0x6e,0x74,0x18,0x00,0x20,0x40,0x48,0x20,0x22,0x1c,0x08,0x00,0x12,0x12,0x6d,
  0x5f,0x69,0x53,0x74,0x61,0x72,0x74,0x41,0x74,0x74,0x61,0x63,0x68,0x6d,0x65,0x6e,0x74,0x18,0x00,0x20,
  0x40,0x48,0x20,0x22,0x1a,0x08,0x00,0x12,0x10,0x6d,0x5f,0x69,0x45,0x6e,0x64,0x41,0x74,0x74,0x61,0x63,
  0x68,0x6d,0x65,0x6e,0x74,0x18,0x00,0x20,0x40,0x48,0x20,0x22,0x19,0x08,0x00,0x12,0x0f,0x6d,0x5f,0x66,
  0x4c,0x6f,0x63,0x6b,0x65,0x64,0x50,0x6f,0x69,0x6e,0x74,0x73,0x18,0x00,0x20,0x40,0x48,0x20,0x22,0x11,
  0x08,0x00,0x12,0x07,0x6d,0x5f,0x53,0x6c,0x61,0x63,0x6b,0x18,0x00,0x20,0x40,0x48,0x20,0x22,0x16,0x08,
  0x00,0x12,0x0c,0x6d,0x5f,0x52,0x6f,0x70,0x65,0x4c,0x65,0x6e,0x67,0x74,0x68,0x18,0x00,0x20,0x40,0x48,
  0x20,0x22,0x15,0x08,0x00,0x12,0x0b,0x6d,0x5f,0x52,0x6f,0x70,0x65,0x46,0x6c,0x61,0x67,0x73,0x18,0x00,
  0x20,0x40,0x48,0x20,0x22,0x18,0x08,0x01,0x12,0x0e,0x6d,0x5f,0x54,0x65,0x78,0x74,0x75,0x72,0x65,0x53,
  0x63,0x61,0x6c,0x65,0x18,0x04,0x20,0x40,0x48,0x20,0x22,0x15,0x08,0x00,0x12,0x0b,0x6d,0x5f,0x6e,0x53,
  0x65,0x67,0x6d,0x65,0x6e,0x74,0x73,0x18,0x00,0x20,0x40,0x48,0x20,0x22,0x26,0x08,0x00,0x12,0x1c,0x6d,
  0x5f,0x62,0x43,0x6f,0x6e,0x73,0x74,0x72,0x61,0x69,0x6e,0x42,0x65,0x74,0x77,0x65,0x65,0x6e,0x45,0x6e,
  0x64,0x70,0x6f,0x69,0x6e,0x74,0x73,0x18,0x00,0x20,0x40,0x48,0x20,0x22,0x12,0x08,0x00,0x12,0x08,0x6d,
  0x5f,0x53,0x75,0x62,0x64,0x69,0x76,0x18,0x00,0x20,0x40,0x48,0x20,0x22,0x11,0x08,0x01,0x12,0x07,0x6d,
  0x5f,0x57,0x69,0x64,0x74,0x68,0x18,0x04,0x20,0x40,0x48,0x20,0x22,0x19,0x08,0x01,0x12,0x0f,0x6d,0x5f,
  0x66,0x6c,0x53,0x63,0x72,0x6f,0x6c,0x6c,0x53,0x70,0x65,0x65,0x64,0x18,0x04,0x20,0x40,0x48,0x20,0x22,
  0x15,0x08,0x02,0x12,0x0b,0x6d,0x5f,0x76,0x65,0x63,0x4f,0x72,0x69,0x67,0x69,0x6e,0x18,0x04,0x20,0x40,
  0x48,0x00,0x22,0x14,0x08,0x00,0x12,0x0a,0x6d,0x6f,0x76,0x65,0x70,0x61,0x72,0x65,0x6e,0x74,0x18,0x00,
  0x20,0x40,0x48,0x20,0x22,0x1d,0x08,0x00,0x12,0x13,0x6d,0x5f,0x69,0x50,0x61,0x72,0x65,0x6e,0x74,0x41,
  0x74,0x74,0x61,0x63,0x68,0x6d,0x65,0x6e,0x74,0x18,0x00,0x20,0x40,0x48,0x20,0x22,0x2a,0x08,0x00,0x12,
  0x20,0x6d,0x5f,0x69,0x44,0x65,0x66,0x61,0x75,0x6c,0x74,0x52,0x6f,0x70,0x65,0x4d,0x61,0x74,0x65,0x72,
  0x69,0x61,0x6c,0x4d,0x6f,0x64,0x65,0x6c,0x49,0x6e,0x64,0x65,0x78,0x18,0x00,0x20,0x40,0x48,0x20,0x22,
  0x18,0x08,0x00,0x12,0x0e,0x6d,0x5f,0x6e,0x4d,0x69,0x6e,0x43,0x50,0x55,0x4c,0x65,0x76,0x65,0x6c,0x18,
  0x00,0x20,0x40,0x48,0x20,0x22,0x18,0x08,0x00,0x12,0x0e,0x6d,0x5f,0x6e,0x4d,0x61,0x78,0x43,0x50,0x55,
  0x4c,0x65,0x76,0x65,0x6c,0x18,0x00,0x20,0x40,0x48,0x20,0x22,0x18,0x08,0x00,0x12,0x0e,0x6d,0x5f,0x6e,
  0x4d,0x69,0x6e,0x47,0x50,0x55,0x4c,0x65,0x76,0x65,0x6c,0x18,0x00,0x20,0x40,0x48,0x20,0x22,0x18,0x08,
  0x00,0x12,0x0e,0x6d,0x5f,0x6e,0x4d,0x61,0x78,0x47,0x50,0x55,0x4c,0x65,0x76,0x65,0x6c,0x18,0x00,0x20,
  0x40,0x48,0x20,0x09,0xa9,0x02,0x08,0x01,0x12,0x0e,0x44,0x54,0x5f,0x53,0x63,0x65,0x6e,0x65,0x45,0x6e,
  0x74,0x69,0x74,0x79,0x18,0x00,0x22,0x20,0x08,0x06,0x12,0x09,0x62,0x61,0x73,0x65,0x63,0x6c,0x61,0x73,
  0x73,0x18,0x00,0x20,0x40,0x2a,0x0d,0x44,0x54,0x5f,0x42,0x61,0x73,0x65,0x45,0x6e,0x74,0x69,0x74,0x79,
  0x22,0x1d,0x08,0x00,0x12,0x13,0x6d,0x5f,0x6e,0x53,0x63,0x65,0x6e,0x65,0x53,0x74,0x72,0x69,0x6e,0x67,
  0x49,0x6e,0x64,0x65,0x78,0x18,0x00,0x20,0x40,0x48,0x20,0x22,0x1a,0x08,0x00,0x12,0x10,0x6d,0x5f,0x62,
  0x49,0x73,0x50,0x6c,0x61,0x79,0x69,0x6e,0x67,0x42,0x61,0x63,0x6b,0x18,0x00,0x20,0x40,0x48,0x20,0x22,
  0x13,0x08,0x00,0x12,0x09,0x6d,0x5f,0x62,0x50,0x61,0x75,0x73,0x65,0x64,0x18,0x00,0x20,0x40,0x48,0x20,
  0x22,0x18,0x08,0x00,0x12,0x0e,0x6d,0x5f,0x62,0x4d,0x75,0x6c,0x74,0x69,0x70,0x6c,0x61,0x79,0x65,0x72,
  0x18,0x00,0x20,0x40,0x48,0x20,0x22,0x1d,0x08,0x01,0x12,0x13,0x6d,0x5f,0x66,0x6c,0x46,0x6f,0x72,0x63,
  0x65,0x43,0x6c,0x69,0x65,0x6e,0x74,0x54,0x69,0x6d,0x65,0x18,0x04,0x20,0x40,0x48,0x20,0x22,0x0f,0x08,
  0x00,0x12,0x04,0x30,0x30,0x30,0x30,0x18,0x80,0x02,0x20,0x40,0x48,0x20,0x22,0x17,0x08,0x05,0x12,0x0c,
  0x6d,0x5f,0x68,0x41,0x63,0x74,0x6f,0x72,0x4c,0x69,0x73,0x74,0x18,0x00,0x20,0x40,0x30,0x80,0x01,0x22,
  0x0f,0x08,0x00,0x12,0x04,0x30,0x30,0x30,0x30,0x18,0x80,0x02,0x20,0x40,0x48,0x20,0x22,0x15,0x08,0x05,
  0x12,0x0b,0x6c,0x65,0x6e,0x67,0x74,0x68,0x70,0x72,0x6f,0x78,0x79,0x18,0x00,0x20,0x40,0x30,0x01,0x22,
  0x16,0x08,0x00,0x12,0x0c,0x6c,0x65,0x6e,0x67,0x74,0x68,0x70,0x72,0x6f,0x70,0x31,0x36,0x18,0x00,0x20,
  0x40,0x48,0x20,0x09,0x3b,0x08,0x01,0x12,0x10,0x44,0x54,0x5f,0x53,0x65,0x6e,0x73,0x6f,0x72,0x47,0x72,
  0x65,0x6e,0x61,0x64,0x65,0x18,0x00,0x22,0x23,0x08,0x06,0x12,0x09,0x62,0x61,0x73,0x65,0x63,0x6c,0x61,
  0x73,0x73,0x18,0x00,0x20,0x40,0x2a,0x10,0x44,0x54,0x5f,0x42,0x61,0x73,0x65,0x43,0x53,0x47,0x72,0x65,
  0x6e,0x61,0x64,0x65,0x09,0x4f,0x08,0x01,0x12,0x1a,0x44,0x54,0x5f,0x53,0x65,0x6e,0x73,0x6f,0x72,0x47,
  0x72,0x65,0x6e,0x61,0x64,0x65,0x50,0x72,0x6f,0x6a,0x65,0x63,0x74,0x69,0x6c,0x65,0x18,0x00,0x22,0x2d,
  0x08,0x06,0x12,0x09,0x62,0x61,0x73,0x65,0x63,0x6c,0x61,0x73,0x73,0x18,0x00,0x20,0x40,0x2a,0x1a,0x44,
  0x54,0x5f,0x42,0x61,0x73,0x65,0x43,0x53,0x47,0x72,0x65,0x6e,0x61,0x64,0x65,0x50,0x72,0x6f,0x6a,0x65,
  0x63,0x74,0x69,0x6c,0x65,0x09,0xce,0x01,0x08,0x01,0x12,0x10,0x44,0x54,0x5f,0x53,0x68,0x61,0x64,0x6f,
  0x77,0x43,0x6f,0x6e,0x74,0x72,0x6f,0x6c,0x18,0x00,0x22,0x20,0x08,0x06,0x12,0x09,0x62,0x61,0x73,0x65,
  0x63,0x6c,0x61,0x73,0x73,0x18,0x00,0x20,0x40,0x2a,0x0d,0x44,0x54,0x5f,0x42,0x61,0x73,0x65,0x45,0x6e,
  0x74,0x69,0x74,0x79,0x22,0x1b,0x08,0x02,0x12,0x11,0x6d,0x5f,0x73,0x68,0x61,0x64,0x6f,0x77,0x44,0x69,
  0x72,0x65,0x63,0x74,0x69,0x6f,0x6e,0x18,0x04,0x20,0x40,0x48,0x00,0x22,0x17,0x08,0x00,0x12,0x0d,0x6d,
  0x5f,0x73,0x68,0x61,0x64,0x6f,0x77,0x43,0x6f,0x6c,0x6f,0x72,0x18,0x00,0x20,0x40,0x48,0x20,0x22,0x1b,
  0x08,0x01,0x12,0x11,0x6d,0x5f,0x66,0x6c,0x53,0x68,0x61,0x64,0x6f,0x77,0x4d,0x61,0x78,0x44,0x69,0x73,
  0x74,0x18,0x04,0x20,0x40,0x48,0x20,0x22,0x1b,0x08,0x00,0x12,0x11,0x6d,0x5f,0x62,0x44,0x69,0x73,0x61,
  0x62,0x6c,0x65,0x53,0x68,0x61,0x64,0x6f,0x77,0x73,0x18,0x00,0x20,0x40,0x48,0x20,0x22,0x24,0x08,0x00,
  0x12,0x1a,0x6d,0x5f,0x62,0x45,0x6e,0x61,0x62,0x6c,0x65,0x4c,0x6f,0x63,0x61,0x6c,0x4c,0x69,0x67,0x68,
  0x74,0x53,0x68,0x61,0x64,0x6f,0x77,0x73,0x18,0x00,0x20,0x40,0x48,0x20,0x09,0xaa,0x02,0x08,0x01,0x12,
  0x13,0x44,0x54,0x5f,0x53,0x6c,0x69,0x64,0x65,0x73,0x68,0x6f,0x77,0x44,0x69,0x73,0x70,0x6c,0x61,0x79,
  0x18,0x00,0x22,0x20,0x08,0x06,0x12,0x09,0x62,0x61,0x73,0x65,0x63,0x6c,0x61,0x73,0x73,0x18,0x00,0x20,
  0x40,0x2a,0x0d,0x44,0x54,0x5f,0x42,0x61,0x73,0x65,0x45,0x6e,0x74,0x69,0x74,0x79,0x22,0x14,0x08,0x00,
  0x12,0x0a,0x6d,0x5f,0x62,0x45,0x6e,0x61,0x62,0x6c,0x65,0x64,0x18,0x00,0x20,0x40,0x48,0x20,0x22,0x19,
  0x08,0x04,0x12,0x0f,0x6d,0x5f,0x73,0x7a,0x44,0x69,0x73,0x70,0x6c,0x61,0x79,0x54,0x65,0x78,0x74,0x18,
  0x00,0x20,0x40,0x48,0x00,0x22,0x20,0x08,0x04,0x12,0x16,0x6d,0x5f,0x73,0x7a,0x53,0x6c,0x69,0x64,0x65,
  0x73,0x68,0x6f,0x77,0x44,0x69,0x72,0x65,0x63,0x74,0x6f,0x72,0x79,0x18,0x00,0x20,0x40,0x48,0x00,0x22,
  0x0f,0x08,0x01,0x12,0x04,0x30,0x30,0x30,0x30,0x18,0x84,0x02,0x20,0x40,0x48,0x20,0x22,0x1f,0x08,0x05,
  0x12,0x15,0x6d,0x5f,0x63,0x68,0x43,0x75,0x72,0x72,0x65,0x6e,0x74,0x53,0x6c,0x69,0x64,0x65,0x4c,0x69,
  0x73,0x74,0x73,0x18,0x00,0x20,0x40,0x30,0x10,0x22,0x19,0x08,0x01,0x12,0x0f,0x6d,0x5f,0x66,0x4d,0x69,
  0x6e,0x53,0x6c,0x69,0x64,0x65,0x54,0x69,0x6d,0x65,0x18,0x04,0x20,0x40,0x48,0x20,0x22,0x19,0x08,0x01,
  0x12,0x0f,0x6d,0x5f,0x66,0x4d,0x61,0x78,0x53,0x6c,0x69,0x64,0x65,0x54,0x69,0x6d,0x65,0x18,0x04,0x20,
  0x40,0x48,0x20,0x22,0x16,0x08,0x00,0x12,0x0c,0x6d,0x5f,0x69,0x43,0x79,0x63,0x6c,0x65,0x54,0x79,0x70,
  0x65,0x18,0x00,0x20,0x40,0x48,0x20,0x22,0x1a,0x08,0x00,0x12,0x10,0x6d,0x5f,0x62,0x4e,0x6f,0x4c,0x69,
  0x73,0x74,0x52,0x65,0x70,0x65,0x61,0x74,0x73,0x18,0x00,0x20,0x40,0x48,0x20,0x09,0x3a,0x08,0x01,0x12,
  0x0f,0x44,0x54,0x5f,0x53,0x6d,0x6f,0x6b,0x65,0x47,0x72,0x65,0x6e,0x61,0x64,0x65,0x18,0x00,0x22,0x23,
  0x08,0x06,0x12,0x09,0x62,0x61,0x73,0x65,0x63,0x6c,0x61,0x73,0x73,0x18,0x00,0x20,0x40,0x2a,0x10,0x44,
  0x54,0x5f,0x42,0x61,0x73,0x65,0x43,0x53,0x47,0x72,0x65,0x6e,0x61,0x64,0x65,0x09,0x8e,0x01,0x08,0x01,
  0x12,0x19,0x44,0x54,0x5f,0x53,0x6d,0x6f,0x6b,0x65,0x47,0x72,0x65,0x6e,0x61,0x64,0x65,0x50,0x72,0x6f,
  0x6a,0x65,0x63,0x74,0x69,0x6c,0x65,0x18,0x00,0x22,0x2d,0x08,0x06,0x12,0x09,0x62,0x61,0x73,0x65,0x63,
  0x6c,0x61,0x73,0x73,0x18,0x00,0x20,0x40,0x2a,0x1a,0x44,0x54,0x5f,0x42,0x61,0x73,0x65,0x43,0x53,0x47,
  0x72,0x65,0x6e,0x61,0x64,0x65,0x50,0x72,0x6f,0x6a,0x65,0x63,0x74,0x69,0x6c,0x65,0x22,0x1b,0x08,0x00,
  0x12,0x11,0x6d,0x5f,0x62,0x44,0x69,0x64,0x53,0x6d,0x6f,0x6b,0x65,0x45,0x66,0x66,0x65,0x63,0x74,0x18,
  0x00,0x20,0x40,0x48,0x20,0x22,0x21,0x08,0x00,0x12,0x17,0x6d,0x5f,0x6e,0x53,0x6d,0x6f,0x6b,0x65,0x45,
  0x66,0x66,0x65,0x63,0x74,0x54,0x69,0x63,0x6b,0x42,0x65,0x67,0x69,0x6e,0x18,0x00,0x20,0x40,0x48,0x20,
  0x09,0x94,0x04,0x08,0x01,0x12,0x0d,0x44,0x54,0x5f,0x53,0x6d,0x6f,0x6b,0x65,0x53,0x74,0x61,0x63,0x6b,
  0x18,0x00,0x22,0x28,0x08,0x06,0x12,0x09,0x62,0x61,0x73,0x65,0x63,0x6c,0x61,0x73,0x73,0x18,0x00,0x20,
  0x40,0x2a,0x15,0x44,0x54,0x5f,0x42,0x61,0x73,0x65,0x50,0x61,0x72,0x74,0x69,0x63,0x6c,0x65,0x45,0x6e,
  0x74,0x69,0x74,0x79,0x22,0x17,0x08,0x01,0x12,0x0d,0x6d,0x5f,0x53,0x70,0x72,0x65,0x61,0x64,0x53,0x70,
  0x65,0x65,0x64,0x18,0x04,0x20,0x40,0x48,0x20,0x22,0x11,0x08,0x01,0x12,0x07,0x6d,0x5f,0x53,0x70,0x65,
  0x65,0x64,0x18,0x04,0x20,0x40,0x48,0x20,0x22,0x15,0x08,0x01,0x12,0x0b,0x6d,0x5f,0x53,0x74,0x61,0x72,
  0x74,0x53,0x69,0x7a,0x65,0x18,0x04,0x20,0x40,0x48,0x20,0x22,0x13,0x08,0x01,0x12,0x09,0x6d,0x5f,0x45,
  0x6e,0x64,0x53,0x69,0x7a,0x65,0x18,0x04,0x20,0x40,0x48,0x20,0x22,0x10,0x08,0x01,0x12,0x06,0x6d,0x5f,
  0x52,0x61,0x74,0x65,0x18,0x04,0x20,0x40,0x48,0x20,0x22,0x15,0x08,0x01,0x12,0x0b,0x6d,0x5f,0x4a,0x65,
  0x74,0x4c,0x65,0x6e,0x67,0x74,0x68,0x18,0x04,0x20,0x40,0x48,0x20,0x22,0x11,0x08,0x00,0x12,0x07,0x6d,
  0x5f,0x62,0x45,0x6d,0x69,0x74,0x18,0x00,0x20,0x40,0x48,0x20,0x22,0x18,0x08,0x01,0x12,0x0e,0x6d,0x5f,
  0x66,0x6c,0x42,0x61,0x73,0x65,0x53,0x70,0x72,0x65,0x61,0x64,0x18,0x04,0x20,0x40,0x48,0x20,0x22,0x13,
  0x08,0x01,0x12,0x09,0x6d,0x5f,0x66,0x6c,0x54,0x77,0x69,0x73,0x74,0x18,0x04,0x20,0x40,0x48,0x20,0x22,
  0x17,0x08,0x01,0x12,0x0d,0x6d,0x5f,0x66,0x6c,0x52,0x6f,0x6c,0x6c,0x53,0x70,0x65,0x65,0x64,0x18,0x04,
  0x20,0x40,0x48,0x20,0x22,0x1a,0x08,0x00,0x12,0x10,0x6d,0x5f,0x69,0x4d,0x61,0x74,0x65,0x72,0x69,0x61,
  0x6c,0x4d,0x6f,0x64,0x65,0x6c,0x18,0x00,0x20,0x40,0x48,0x20,0x22,0x1f,0x08,0x02,0x12,0x15,0x6d,0x5f,
  0x41,0x6d,0x62,0x69,0x65,0x6e,0x74,0x4c,0x69,0x67,0x68,0x74,0x2e,0x6d,0x5f,0x76,0x50,0x6f,0x73,0x18,
  0x04,0x20,0x40,0x48,0x00,0x22,0x21,0x08,0x02,0x12,0x17,0x6d,0x5f,0x41,0x6d,0x62,0x69,0x65,0x6e,0x74,
  0x4c,0x69,0x67,0x68,0x74,0x2e,0x6d,0x5f,0x76,0x43,0x6f,0x6c,0x6f,0x72,0x18,0x04,0x20,0x40,0x48,0x00,
  0x22,0x26,0x08,0x01,0x12,0x1c,0x6d,0x5f,0x41,0x6d,0x62,0x69,0x65,0x6e,0x74,0x4c,0x69,0x67,0x68,0x74,
  0x2e,0x6d,0x5f,0x66,0x6c,0x49,0x6e,0x74,0x65,0x6e,0x73,0x69,0x74,0x79,0x18,0x04,0x20,0x40,0x48,0x20,
  0x22,0x1b,0x08,0x02,0x12,0x11,0x6d,0x5f,0x44,0x69,0x72,0x4c,0x69,0x67,0x68,0x74,0x2e,0x6d,0x5f,0x76,
  0x50,0x6f,0x73,0x18,0x04,0x20,0x40,0x48,0x00,0x22,0x1d,0x08,0x02,0x12,0x13,0x6d,0x5f,0x44,0x69,0x72,
  0x4c,0x69,0x67,0x68,0x74,0x2e,0x6d,0x5f,0x76,0x43,0x6f,0x6c,0x6f,0x72,0x18,0x04,0x20,0x40,0x48,0x00,
  0x22,0x22,0x08,0x01,0x12,0x18,0x6d,0x5f,0x44,0x69,0x72,0x4c,0x69,0x67,0x68,0x74,0x2e,0x6d,0x5f,0x66,
  0x6c,0x49,0x6e,0x74,0x65,0x6e,0x73,0x69,0x74,0x79,0x18,0x04,0x20,0x40,0x48,0x20,0x22,0x11,0x08,0x02,
  0x12,0x07,0x6d,0x5f,0x76,0x57,0x69,0x6e,0x64,0x18,0x04,0x20,0x40,0x48,0x00,0x09,0xa8,0x03,0x08,0x01,
  0x12,0x0d,0x44,0x54,0x5f,0x53,0x6d,0x6f,0x6b,0x65,0x54,0x72,0x61,0x69,0x6c,0x18,0x00,0x22,0x28,0x08,
  0x06,0x12,0x09,0x62,0x61,0x73,0x65,0x63,0x6c,0x61,0x73,0x73,0x18,0x00,0x20,0x40,0x2a,0x15,0x44,0x54,
  0x5f,0x42,0x61,0x73,0x65,0x50,0x61,0x72,0x74,0x69,0x63,0x6c,0x65,0x45,0x6e,0x74,0x69,0x74,0x79,0x22,
  0x15,0x08,0x01,0x12,0x0b,0x6d,0x5f,0x53,0x70,0x61,0x77,0x6e,0x52,0x61,0x74,0x65,0x18,0x04,0x20,0x40,
  0x48,0x20,0x22,0x16,0x08,0x02,0x12,0x0c,0x6d,0x5f,0x53,0x74,0x61,0x72,0x74,0x43,0x6f,0x6c,0x6f,0x72,
  0x18,0x04,0x20,0x40,0x48,0x00,0x22,0x14,0x08,0x02,0x12,0x0a,0x6d,0x5f,0x45,0x6e,0x64,0x43,0x6f,0x6c,
  0x6f,0x72,0x18,0x04,0x20,0x40,0x48,0x00,0x22,0x1c,0x08,0x01,0x12,0x12,0x6d,0x5f,0x50,0x61,0x72,0x74,
  0x69,0x63,0x6c,0x65,0x4c,0x69,0x66,0x65,0x74,0x69,0x6d,0x65,0x18,0x04,0x20,0x40,0x48,0x20,0x22,0x18,
  0x08,0x01,0x12,0x0e,0x6d,0x5f,0x53,0x74,0x6f,0x70,0x45,0x6d,0x69,0x74,0x54,0x69,0x6d,0x65,0x18,0x04,
  0x20,0x40,0x48,0x20,0x22,0x14,0x08,0x01,0x12,0x0a,0x6d,0x5f,0x4d,0x69,0x6e,0x53,0x70,0x65,0x65,0x64,
  0x18,0x04,0x20,0x40,0x48,0x20,0x22,0x14,0x08,0x01,0x12,0x0a,0x6d,0x5f,0x4d,0x61,0x78,0x53,0x70,0x65,
  0x65,0x64,0x18,0x04,0x20,0x40,0x48,0x20,0x22,0x1c,0x08,0x01,0x12,0x12,0x6d,0x5f,0x4d,0x69,0x6e,0x44,
  0x69,0x72,0x65,0x63,0x74,0x65,0x64,0x53,0x70,0x65,0x65,0x64,0x18,0x04,0x20,0x40,0x48,0x20,0x22,0x1c,
  0x08,0x01,0x12,0x12,0x6d,0x5f,0x4d,0x61,0x78,0x44,0x69,0x72,0x65,0x63,0x74,0x65,0x64,0x53,0x70,0x65,
  0x65,0x64,0x18,0x04,0x20,0x40,0x48,0x20,0x22,0x15,0x08,0x01,0x12,0x0b,0x6d,0x5f,0x53,0x74,0x61,0x72,
  0x74,0x53,0x69,0x7a,0x65,0x18,0x04,0x20,0x40,0x48,0x20,0x22,0x13,0x08,0x01,0x12,0x09,0x6d,0x5f,0x45,
  0x6e,0x64,0x53,0x69,0x7a,0x65,0x18,0x04,0x20,0x40,0x48,0x20,0x22,0x17,0x08,0x01,0x12,0x0d,0x6d,0x5f,
  0x53,0x70,0x61,0x77,0x6e,0x52,0x61,0x64,0x69,0x75,0x73,0x18,0x04,0x20,0x40,0x48,0x20,0x22,0x11,0x08,
  0x00,0x12,0x07,0x6d,0x5f,0x62,0x45,0x6d,0x69,0x74,0x18,0x00,0x20,0x40,0x48,0x20,0x22,0x17,0x08,0x00,
  0x12,0x0d,0x6d,0x5f,0x6e,0x41,0x74,0x74,0x61,0x63,0x68,0x6d,0x65,0x6e,0x74,0x18,0x00,0x20,0x40,0x48,
  0x20,0x22,0x13,0x08,0x01,0x12,0x09,0x6d,0x5f,0x4f,0x70,0x61,0x63,0x69,0x74,0x79,0x18,0x04,0x20,0x40,
  0x48,0x20,0x09,0xae,0x01,0x08,0x01,0x12,0x10,0x44,0x54,0x5f,0x53,0x70,0x61,0x74,0x69,0x61,0x6c,0x45,
  0x6e,0x74,0x69,0x74,0x79,0x18,0x00,0x22,0x20,0x08,0x06,0x12,0x09,0x62,0x61,0x73,0x65,0x63,0x6c,0x61,
  0x73,0x73,0x18,0x00,0x20,0x40,0x2a,0x0d,0x44,0x54,0x5f,0x42,0x61,0x73,0x65,0x45,0x6e,0x74,0x69,0x74,
  0x79,0x22,0x15,0x08,0x02,0x12,0x0b,0x6d,0x5f,0x76,0x65,0x63,0x4f,0x72,0x69,0x67,0x69,0x6e,0x18,0x04,
  0x20,0x40,0x48,0x00,0x22,0x16,0x08,0x01,0x12,0x0c,0x6d,0x5f,0x6d,0x69,0x6e,0x46,0x61,0x6c,0x6c,0x6f,
  0x66,0x66,0x18,0x04,0x20,0x40,0x48,0x20,0x22,0x16,0x08,0x01,0x12,0x0c,0x6d,0x5f,0x6d,0x61,0x78,0x46,
  0x61,0x6c,0x6c,0x6f,0x66,0x66,0x18,0x04,0x20,0x40,0x48,0x20,0x22,0x17,0x08,0x01,0x12,0x0d,0x6d,0x5f,
  0x66,0x6c,0x43,0x75,0x72,0x57,0x65,0x69,0x67,0x68,0x74,0x18,0x04,0x20,0x40,0x48,0x20,0x22,0x14,0x08,
  0x00,0x12,0x0a,0x6d,0x5f,0x62,0x45,0x6e,0x61,0x62,0x6c,0x65,0x64,0x18,0x00,0x20,0x40,0x48,0x20,0x09,
  0xf1,0x01,0x08,0x01,0x12,0x11,0x44,0x54,0x5f,0x53,0x70,0x6f,0x72,0x65,0x45,0x78,0x70,0x6c,0x6f,0x73,
  0x69,0x6f,0x6e,0x18,0x00,0x22,0x28,0x08,0x06,0x12,0x09,0x62,0x61,0x73,0x65,0x63,0x6c,0x61,0x73,0x73,
  0x18,0x00,0x20,0x40,0x2a,0x15,0x44,0x54,0x5f,0x42,0x61,0x73,0x65,0x50,0x61,0x72,0x74,0x69,0x63,0x6c,
  0x65,0x45,0x6e,0x74,0x69,0x74,0x79,0x22,0x17,0x08,0x01,0x12,0x0d,0x6d,0x5f,0x66,0x6c,0x53,0x70,0x61,
  0x77,0x6e,0x52,0x61,0x74,0x65,0x18,0x04,0x20,0x40,0x48,0x20,0x22,0x1e,0x08,0x01,0x12,0x14,0x6d,0x5f,
  0x66,0x6c,0x50,0x61,0x72,0x74,0x69,0x63,0x6c,0x65,0x4c,0x69,0x66,0x65,0x74,0x69,0x6d,0x65,0x18,0x04,
  0x20,0x40,0x48,0x20,0x22,0x17,0x08,0x01,0x12,0x0d,0x6d,0x5f,0x66,0x6c,0x53,0x74,0x61,0x72,0x74,0x53,
  0x69,0x7a,0x65,0x18,0x04,0x20,0x40,0x48,0x20,0x22,0x15,0x08,0x01,0x12,0x0b,0x6d,0x5f,0x66,0x6c,0x45,
  0x6e,0x64,0x53,0x69,0x7a,0x65,0x18,0x04,0x20,0x40,0x48,0x20,0x22,0x19,0x08,0x01,0x12,0x0f,0x6d,0x5f,
  0x66,0x6c,0x53,0x70,0x61,0x77,0x6e,0x52,0x61,0x64,0x69,0x75,0x73,0x18,0x04,0x20,0x40,0x48,0x20,0x22,
  0x11,0x08,0x00,0x12,0x07,0x6d,0x5f,0x62,0x45,0x6d,0x69,0x74,0x18,0x00,0x20,0x40,0x48,0x20,0x22,0x17,
  0x08,0x00,0x12,0x0d,0x6d,0x5f,0x62,0x44,0x6f,0x6e,0x74,0x52,0x65,0x6d,0x6f,0x76,0x65,0x18,0x00,0x20,
  0x40,0x48,0x20,0x09,0xed,0x01,0x08,0x01,0x12,0x0d,0x44,0x54,0x5f,0x53,0x70,0x6f,0x72,0x65,0x54,0x72,
  0x61,0x69,0x6c,0x18,0x00,0x22,0x28,0x08,0x06,0x12,0x09,0x62,0x61,0x73,0x65,0x63,0x6c,0x61,0x73,0x73,
  0x18,0x00,0x20,0x40,0x2a,0x15,0x44,0x54,0x5f,0x42,0x61,0x73,0x65,0x50,0x61,0x72,0x74,0x69,0x63,0x6c,
  0x65,0x45,0x6e,0x74,0x69,0x74,0x79,0x22,0x17,0x08,0x01,0x12,0x0d,0x6d,0x5f,0x66,0x6c,0x53,0x70,0x61,
  0x77,0x6e,0x52,0x61,0x74,0x65,0x18,0x04,0x20,0x40,0x48,0x20,0x22,0x17,0x08,0x02,0x12,0x0d,0x6d,0x5f,
  0x76,0x65,0x63,0x45,0x6e,0x64,0x43,0x6f,0x6c,0x6f,0x72,0x18,0x04,0x20,0x40,0x48,0x00,0x22,0x1e,0x08,
  0x01,0x12,0x14,0x6d,0x5f,0x66,0x6c,0x50,0x61,0x72,0x74,0x69,0x63,0x6c,0x65,0x4c,0x69,0x66,0x65,0x74,
  0x69,0x6d,0x65,0x18,0x04,0x20,0x40,0x48,0x20,0x22,0x17,0x08,0x01,0x12,0x0d,0x6d,0x5f,0x66,0x6c,0x53,
  0x74,0x61,0x72,0x74,0x53,0x69,0x7a,0x65,0x18,0x04,0x20,0x40,0x48,0x20,0x22,0x15,0x08,0x01,0x12,0x0b,
  0x6d,0x5f,0x66,0x6c,0x45,0x6e,0x64,0x53,0x69,0x7a,0x65,0x18,0x04,0x20,0x40,0x48,0x20,0x22,0x19,0x08,
  0x01,0x12,0x0f,0x6d,0x5f,0x66,0x6c,0x53,0x70,0x61,0x77,0x6e,0x52,0x61,0x64,0x69,0x75,0x73,0x18,0x04,
  0x20,0x40,0x48,0x20,0x22,0x11,0x08,0x00,0x12,0x07,0x6d,0x5f,0x62,0x45,0x6d,0x69,0x74,0x18,0x00,0x20,
  0x40,0x48,0x20,0x09,0x65,0x08,0x01,0x12,0x0f,0x44,0x54,0x5f,0x53,0x70,0x6f,0x74,0x6c,0x69,0x67,0x68,
  0x74,0x45,0x6e,0x64,0x18,0x00,0x22,0x20,0x08,0x06,0x12,0x09,0x62,0x61,0x73,0x65,0x63,0x6c,0x61,0x73,
  0x73,0x18,0x00,0x20,0x40,0x2a,0x0d,0x44,0x54,0x5f,0x42,0x61,0x73,0x65,0x45,0x6e,0x74,0x69,0x74,0x79,
  0x22,0x18,0x08,0x01,0x12,0x0e,0x6d,0x5f,0x66,0x6c,0x4c,0x69,0x67,0x68,0x74,0x53,0x63,0x61,0x6c,0x65,
  0x18,0x04,0x20,0x40,0x48,0x20,0x22,0x12,0x08,0x01,0x12,0x08,0x6d,0x5f,0x52,0x61,0x64,0x69,0x75,0x73,
  0x18,0x04,0x20,0x40,0x48,0x20,0x09,0xe0,0x02,0x08,0x01,0x12,0x09,0x44,0x54,0x5f,0x53,0x70,0x72,0x69,
  0x74,0x65,0x18,0x00,0x22,0x20,0x08,0x06,0x12,0x09,0x62,0x61,0x73,0x65,0x63,0x6c,0x61,0x73,0x73,0x18,
  0x00,0x20,0x40,0x2a,0x0d,0x44,0x54,0x5f,0x42,0x61,0x73,0x65,0x45,0x6e,0x74,0x69,0x74,0x79,0x22,0x1d,
  0x08,0x00,0x12,0x13,0x6d,0x5f,0x68,0x41,0x74,0x74,0x61,0x63,0x68,0x65,0x64,0x54,0x6f,0x45,0x6e,0x74,
  0x69,0x74,0x79,0x18,0x00,0x20,0x40,0x48,0x20,0x22,0x17,0x08,0x00,0x12,0x0d,0x6d,0x5f,0x6e,0x41,0x74,
  0x74,0x61,0x63,0x68,0x6d,0x65,0x6e,0x74,0x18,0x00,0x20,0x40,0x48,0x20,0x22,0x17,0x08,0x01,0x12,0x0d,
  0x6d,0x5f,0x66,0x6c,0x53,0x63,0x61,0x6c,0x65,0x54,0x69,0x6d,0x65,0x18,0x04,0x20,0x40,0x48,0x20,0x22,
  0x19,0x08,0x01,0x12,0x0f,0x6d,0x5f,0x66,0x6c,0x53,0x70,0x72,0x69,0x74,0x65,0x53,0x63,0x61,0x6c,0x65,
  0x18,0x04,0x20,0x40,0x48,0x20,0x22,0x1d,0x08,0x01,0x12,0x13,0x6d,0x5f,0x66,0x6c,0x53,0x70,0x72,0x69,
  0x74,0x65,0x46,0x72,0x61,0x6d,0x65,0x72,0x61,0x74,0x65,0x18,0x04,0x20,0x40,0x48,0x20,0x22,0x1b,0x08,
  0x01,0x12,0x11,0x6d,0x5f,0x66,0x6c,0x47,0x6c,0x6f,0x77,0x50,0x72,0x6f,0x78,0x79,0x53,0x69,0x7a,0x65,
  0x18,0x04,0x20,0x40,0x48,0x20,0x22,0x1b,0x08,0x01,0x12,0x11,0x6d,0x5f,0x66,0x6c,0x48,0x44,0x52,0x43,
  0x6f,0x6c,0x6f,0x72,0x53,0x63,0x61,0x6c,0x65,0x18,0x04,0x20,0x40,0x48,0x20,0x22,0x13,0x08,0x01,0x12,
  0x09,0x6d,0x5f,0x66,0x6c,0x46,0x72,0x61,0x6d,0x65,0x18,0x04,0x20,0x40,0x48,0x20,0x22,0x1c,0x08,0x01,
  0x12,0x12,0x6d,0x5f,0x66,0x6c,0x42,0x72,0x69,0x67,0x68,0x74,0x6e,0x65,0x73,0x73,0x54,0x69,0x6d,0x65,
  0x18,0x04,0x20,0x40,0x48,0x20,0x22,0x17,0x08,0x00,0x12,0x0d,0x6d,0x5f,0x6e,0x42,0x72,0x69,0x67,0x68,
  0x74,0x6e,0x65,0x73,0x73,0x18,0x00,0x20,0x40,0x48,0x20,0x22,0x1c,0x08,0x00,0x12,0x12,0x6d,0x5f,0x62,
  0x57,0x6f,0x72,0x6c,0x64,0x53,0x70,0x61,0x63,0x65,0x53,0x63,0x61,0x6c,0x65,0x18,0x00,0x20,0x40,0x48,
  0x20,0x09,0x35,0x08,0x01,0x12,0x11,0x44,0x54,0x5f,0x53,0x70,0x72,0x69,0x74,0x65,0x4f,0x72,0x69,0x65,
  0x6e,0x74,0x65,0x64,0x18,0x00,0x22,0x1c,0x08,0x06,0x12,0x09,0x62,0x61,0x73,0x65,0x63,0x6c,0x61,0x73,
  0x73,0x18,0x00,0x20,0x40,0x2a,0x09,0x44,0x54,0x5f,0x53,0x70,0x72,0x69,0x74,0x65,0x09,0x8d,0x02,0x08,
  0x01,0x12,0x0e,0x44,0x54,0x5f,0x53,0x70,0x72,0x69,0x74,0x65,0x54,0x72,0x61,0x69,0x6c,0x18,0x00,0x22,
  0x1c,0x08,0x06,0x12,0x09,0x62,0x61,0x73,0x65,0x63,0x6c,0x61,0x73,0x73,0x18,0x00,0x20,0x40,0x2a,0x09,
  0x44,0x54,0x5f,0x53,0x70,0x72,0x69,0x74,0x65,0x22,0x16,0x08,0x01,0x12,0x0c,0x6d,0x5f,0x66,0x6c,0x4c,
  0x69,0x66,0x65,0x54,0x69,0x6d,0x65,0x18,0x04,0x20,0x40,0x48,0x20,0x22,0x18,0x08,0x01,0x12,0x0e,0x6d,
  0x5f,0x66,0x6c,0x53,0x74,0x61,0x72,0x74,0x57,0x69,0x64,0x74,0x68,0x18,0x04,0x20,0x40,0x48,0x20,0x22,
  0x16,0x08,0x01,0x12,0x0c,0x6d,0x5f,0x66,0x6c,0x45,0x6e,0x64,0x57,0x69,0x64,0x74,0x68,0x18,0x04,0x20,
  0x40,0x48,0x20,0x22,0x20,0x08,0x01,0x12,0x16,0x6d,0x5f,0x66,0x6c,0x53,0x74,0x61,0x72,0x74,0x57,0x69,
  0x64,0x74,0x68,0x56,0x61,0x72,0x69,0x61,0x6e,0x63,0x65,0x18,0x04,0x20,0x40,0x48,0x20,0x22,0x18,0x08,
  0x01,0x12,0x0e,0x6d,0x5f,0x66,0x6c,0x54,0x65,0x78,0x74,0x75,0x72,0x65,0x52,0x65,0x73,0x18,0x04,0x20,
  0x40,0x48,0x20,0x22,0x1b,0x08,0x01,0x12,0x11,0x6d,0x5f,0x66,0x6c,0x4d,0x69,0x6e,0x46,0x61,0x64,0x65,
  0x4c,0x65,0x6e,0x67,0x74,0x68,0x18,0x04,0x20,0x40,0x48,0x20,0x22,0x1b,0x08,0x02,0x12,0x11,0x6d,0x5f,
  0x76,0x65,0x63,0x53,0x6b,0x79,0x62,0x6f,0x78,0x4f,0x72,0x69,0x67,0x69,0x6e,0x18,0x04,0x20,0x40,0x48,
  0x00,0x22,0x19,0x08,0x01,0x12,0x0f,0x6d,0x5f,0x66,0x6c,0x53,0x6b,0x79,0x62,0x6f,0x78,0x53,0x63,0x61,
  0x6c,0x65,0x18,0x04,0x20,0x40,0x48,0x20,0x09,0xc0,0x01,0x08,0x01,0x12,0x0d,0x44,0x54,0x5f,0x53,0x74,
  0x61,0x74,0x75,0x65,0x50,0x72,0x6f,0x70,0x18,0x00,0x22,0x21,0x08,0x06,0x12,0x09,0x62,0x61,0x73,0x65,
  0x63,0x6c,0x61,0x73,0x73,0x18,0x00,0x20,0x40,0x2a,0x0e,0x44,0x54,0x5f,0x50,0x68,0x79,0x73,0x69,0x63,
  0x73,0x50,0x72,0x6f,0x70,0x22,0x1e,0x08,0x00,0x12,0x14,0x6d,0x5f,0x68,0x49,0x6e,0x69,0x74,0x42,0x61,
  0x73,0x65,0x41,0x6e,0x69,0x6d,0x61,0x74,0x69,0x6e,0x67,0x18,0x00,0x20,0x40,0x48,0x20,0x22,0x14,0x08,
  0x00,0x12,0x0a,0x6d,0x5f,0x62,0x53,0x68,0x61,0x74,0x74,0x65,0x72,0x18,0x00,0x20,0x40,0x48,0x20,0x22,
  0x19,0x08,0x00,0x12,0x0f,0x6d,0x5f,0x6e,0x53,0x68,0x61,0x74,0x74,0x65,0x72,0x46,0x6c,0x61,0x67,0x73,
  0x18,0x00,0x20,0x40,0x48,0x20,0x22,0x1c,0x08,0x02,0x12,0x12,0x6d,0x5f,0x76,0x53,0x68,0x61,0x74,0x74,
  0x65,0x72,0x50,0x6f,0x73,0x69,0x74,0x69,0x6f,0x6e,0x18,0x04,0x20,0x40,0x48,0x00,0x22,0x19,0x08,0x02,
  0x12,0x0f,0x6d,0x5f,0x76,0x53,0x68,0x61,0x74,0x74,0x65,0x72,0x46,0x6f,0x72,0x63,0x65,0x18,0x04,0x20,
  0x40,0x48,0x00,0x09,0xaa,0x02,0x08,0x01,0x12,0x0b,0x44,0x54,0x5f,0x53,0x74,0x65,0x61,0x6d,0x4a,0x65,
  0x74,0x18,0x00,0x22,0x28,0x08,0x06,0x12,0x09,0x62,0x61,0x73,0x65,0x63,0x6c,0x61,0x73,0x73,0x18,0x00,
  0x20,0x40,0x2a,0x15,0x44,0x54,0x5f,0x42,0x61,0x73,0x65,0x50,0x61,0x72,0x74,0x69,0x63,0x6c,0x65,0x45,
  0x6e,0x74,0x69,0x74,0x79,0x22,0x17,0x08,0x01,0x12,0x0d,0x6d,0x5f,0x53,0x70,0x72,0x65,0x61,0x64,0x53,
  0x70,0x65,0x65,0x64,0x18,0x04,0x20,0x40,0x48,0x20,0x22,0x11,0x08,0x01,0x12,0x07,0x6d,0x5f,0x53,0x70,
  0x65,0x65,0x64,0x18,0x04,0x20,0x40,0x48,0x20,0x22,0x15,0x08,0x01,0x12,0x0b,0x6d,0x5f,0x53,0x74,0x61,
  0x72,0x74,0x53,0x69,0x7a,0x65,0x18,0x04,0x20,0x40,0x48,0x20,0x22,0x13,0x08,0x01,0x12,0x09,0x6d,0x5f,
  0x45,0x6e,0x64,0x53,0x69,0x7a,0x65,0x18,0x04,0x20,0x40,0x48,0x20,0x22,0x10,0x08,0x01,0x12,0x06,0x6d,
  0x5f,0x52,0x61,0x74,0x65,0x18,0x04,0x20,0x40,0x48,0x20,0x22,0x15,0x08,0x01,0x12,0x0b,0x6d,0x5f,0x4a,
  0x65,0x74,0x4c,0x65,0x6e,0x67,0x74,0x68,0x18,0x04,0x20,0x40,0x48,0x20,0x22,0x11,0x08,0x00,0x12,0x07,
  0x6d,0x5f,0x62,0x45,0x6d,0x69,0x74,0x18,0x00,0x20,0x40,0x48,0x20,0x22,0x15,0x08,0x00,0x12,0x0b,0x6d,
  0x5f,0x62,0x46,0x61,0x63,0x65,0x4c,0x65,0x66,0x74,0x18,0x00,0x20,0x40,0x48,0x20,0x22,0x11,0x08,0x00,
  0x12,0x07,0x6d,0x5f,0x6e,0x54,0x79,0x70,0x65,0x18,0x00,0x20,0x40,0x48,0x20,0x22,0x16,0x08,0x00,0x12,
  0x0c,0x6d,0x5f,0x73,0x70,0x61,0x77,0x6e,0x66,0x6c,0x61,0x67,0x73,0x18,0x00,0x20,0x40,0x48,0x20,0x22,
  0x17,0x08,0x01,0x12,0x0d,0x6d,0x5f,0x66,0x6c,0x52,0x6f,0x6c,0x6c,0x53,0x70,0x65,0x65,0x64,0x18,0x04,
  0x20,0x40,0x48,0x20,0x09,0xdf,0x01,0x08,0x01,0x12,0x06,0x44,0x54,0x5f,0x53,0x75,0x6e,0x18,0x00,0x22,
  0x15,0x08,0x00,0x12,0x0b,0x6d,0x5f,0x63,0x6c,0x72,0x52,0x65,0x6e,0x64,0x65,0x72,0x18,0x00,0x20,0x40,
  0x48,0x20,0x22,0x16,0x08,0x00,0x12,0x0c,0x6d,0x5f,0x63,0x6c,0x72,0x4f,0x76,0x65,0x72,0x6c,0x61,0x79,
  0x18,0x00,0x20,0x40,0x48,0x20,0x22,0x16,0x08,0x02,0x12,0x0c,0x6d,0x5f,0x76,0x44,0x69,0x72,0x65,0x63,
  0x74,0x69,0x6f,0x6e,0x18,0x04,0x20,0x40,0x48,0x00,0x22,0x0f,0x08,0x00,0x12,0x05,0x6d,0x5f,0x62,0x4f,
  0x6e,0x18,0x00,0x20,0x40,0x48,0x20,0x22,0x11,0x08,0x00,0x12,0x07,0x6d,0x5f,0x6e,0x53,0x69,0x7a,0x65,
  0x18,0x00,0x20,0x40,0x48,0x20,0x22,0x18,0x08,0x00,0x12,0x0e,0x6d,0x5f,0x6e,0x4f,0x76,0x65,0x72,0x6c,
  0x61,0x79,0x53,0x69,0x7a,0x65,0x18,0x00,0x20,0x40,0x48,0x20,0x22,0x15,0x08,0x00,0x12,0x0b,0x6d,0x5f,
  0x6e,0x4d,0x61,0x74,0x65,0x72,0x69,0x61,0x6c,0x18,0x00,0x20,0x40,0x48,0x20,0x22,0x1c,0x08,0x00,0x12,
  0x12,0x6d,0x5f,0x6e,0x4f,0x76,0x65,0x72,0x6c,0x61,0x79,0x4d,0x61,0x74,0x65,0x72,0x69,0x61,0x6c,0x18,
  0x00,0x20,0x40,0x48,0x20,0x22,0x17,0x08,0x01,0x12,0x0d,0x48,0x44,0x52,0x43,0x6f,0x6c,0x6f,0x72,0x53,
  0x63,0x61,0x6c,0x65,0x18,0x04,0x20,0x40,0x48,0x20,0x09,0xc1,0x02,0x08,0x01,0x12,0x18,0x44,0x54,0x5f,
  0x53,0x75,0x6e,0x6c,0x69,0x67,0x68,0x74,0x53,0x68,0x61,0x64,0x6f,0x77,0x43,0x6f,0x6e,0x74,0x72,0x6f,
  0x6c,0x18,0x00,0x22,0x20,0x08,0x06,0x12,0x09,0x62,0x61,0x73,0x65,0x63,0x6c,0x61,0x73,0x73,0x18,0x00,
  0x20,0x40,0x2a,0x0d,0x44,0x54,0x5f,0x42,0x61,0x73,0x65,0x45,0x6e,0x74,0x69,0x74,0x79,0x22,0x1b,0x08,
  0x02,0x12,0x11,0x6d,0x5f,0x73,0x68,0x61,0x64,0x6f,0x77,0x44,0x69,0x72,0x65,0x63,0x74,0x69,0x6f,0x6e,
  0x18,0x04,0x20,0x40,0x48,0x00,0x22,0x14,0x08,0x00,0x12,0x0a,0x6d,0x5f,0x62,0x45,0x6e,0x61,0x62,0x6c,
  0x65,0x64,0x18,0x00,0x20,0x40,0x48,0x20,0x22,0x17,0x08,0x04,0x12,0x0d,0x6d,0x5f,0x54,0x65,0x78,0x74,
  0x75,0x72,0x65,0x4e,0x61,0x6d,0x65,0x18,0x00,0x20,0x40,0x48,0x00,0x22,0x16,0x08,0x00,0x12,0x0c,0x6d,
  0x5f,0x4c,0x69,0x67,0x68,0x74,0x43,0x6f,0x6c,0x6f,0x72,0x18,0x00,0x20,0x40,0x48,0x20,0x22,0x21,0x08,
  0x01,0x12,0x17,0x6d,0x5f,0x66,0x6c,0x43,0x6f,0x6c,0x6f,0x72,0x54,0x72,0x61,0x6e,0x73,0x69,0x74,0x69,
  0x6f,0x6e,0x54,0x69,0x6d,0x65,0x18,0x04,0x20,0x40,0x48,0x20,0x22,0x19,0x08,0x01,0x12,0x0f,0x6d,0x5f,
  0x66,0x6c,0x53,0x75,0x6e,0x44,0x69,0x73,0x74,0x61,0x6e,0x63,0x65,0x18,0x04,0x20,0x40,0x48,0x20,0x22,
  0x11,0x08,0x01,0x12,0x07,0x6d,0x5f,0x66,0x6c,0x46,0x4f,0x56,0x18,0x04,0x20,0x40,0x48,0x20,0x22,0x13,
  0x08,0x01,0x12,0x09,0x6d,0x5f,0x66,0x6c,0x4e,0x65,0x61,0x72,0x5a,0x18,0x04,0x20,0x40,0x48,0x20,0x22,
  0x19,0x08,0x01,0x12,0x0f,0x6d,0x5f,0x66,0x6c,0x4e,0x6f,0x72,0x74,0x68,0x4f,0x66,0x66,0x73,0x65,0x74,
  0x18,0x04,0x20,0x40,0x48,0x20,0x22,0x1a,0x08,0x00,0x12,0x10,0x6d,0x5f,0x62,0x45,0x6e,0x61,0x62,0x6c,
  0x65,0x53,0x68,0x61,0x64,0x6f,0x77,0x73,0x18,0x00,0x20,0x40,0x48,0x20,0x09,0x3d,0x08,0x01,0x12,0x12,
  0x44,0x54,0x5f,0x54,0x45,0x41,0x72,0x6d,0x6f,0x72,0x52,0x69,0x63,0x6f,0x63,0x68,0x65,0x74,0x18,0x00,
  0x22,0x23,0x08,0x06,0x12,0x09,0x62,0x61,0x73,0x65,0x63,0x6c,0x61,0x73,0x73,0x18,0x00,0x20,0x40,0x2a,
  0x10,0x44,0x54,0x5f,0x54,0x45,0x4d,0x65,0x74,0x61,0x6c,0x53,0x70,0x61,0x72,0x6b,0x73,0x09,0x79,0x08,
  0x01,0x12,0x0d,0x44,0x54,0x5f,0x54,0x45,0x42,0x53,0x50,0x44,0x65,0x63,0x61,0x6c,0x18,0x00,0x22,0x24,
  0x08,0x06,0x12,0x09,0x62,0x61,0x73,0x65,0x63,0x6c,0x61,0x73,0x73,0x18,0x00,0x20,0x40,0x2a,0x11,0x44,
  0x54,0x5f,0x42,0x61,0x73,0x65,0x54,0x65,0x6d,0x70,0x45,0x6e,0x74,0x69,0x74,0x79,0x22,0x15,0x08,0x02,
  0x12,0x0b,0x6d,0x5f,0x76,0x65,0x63,0x4f,0x72,0x69,0x67,0x69,0x6e,0x18,0x04,0x20,0x40,0x48,0x00,0x22,
  0x13,0x08,0x00,0x12,0x09,0x6d,0x5f,0x6e,0x45,0x6e,0x74,0x69,0x74,0x79,0x18,0x00,0x20,0x40,0x48,0x20,
  0x22,0x12,0x08,0x00,0x12,0x08,0x6d,0x5f,0x6e,0x49,0x6e,0x64,0x65,0x78,0x18,0x00,0x20,0x40,0x48,0x20,
  0x09,0x9d,0x01,0x08,0x01,0x12,0x11,0x44,0x54,0x5f,0x54,0x45,0x42,0x65,0x61,0x6d,0x45,0x6e,0x74,0x50,
  0x6f,0x69,0x6e,0x74,0x18,0x00,0x22,0x1e,0x08,0x06,0x12,0x09,0x62,0x61,0x73,0x65,0x63,0x6c,0x61,0x73,
  0x73,0x18,0x00,0x20,0x40,0x2a,0x0b,0x44,0x54,0x5f,0x42,0x61,0x73,0x65,0x42,0x65,0x61,0x6d,0x22,0x18,
  0x08,0x00,0x12,0x0e,0x6d,0x5f,0x6e,0x53,0x74,0x61,0x72,0x74,0x45,0x6e,0x74,0x69,0x74,0x79,0x18,0x00,
  0x20,0x40,0x48,0x20,0x22,0x16,0x08,0x00,0x12,0x0c,0x6d,0x5f,0x6e,0x45,0x6e,0x64,0x45,0x6e,0x74,0x69,
  0x74,0x79,0x18,0x00,0x20,0x40,0x48,0x20,0x22,0x19,0x08,0x02,0x12,0x0f,0x6d,0x5f,0x76,0x65,0x63,0x53,
  0x74,0x61,0x72,0x74,0x50,0x6f,0x69,0x6e,0x74,0x18,0x04,0x20,0x40,0x48,0x00,0x22,0x17,0x08,0x02,0x12,
  0x0d,0x6d,0x5f,0x76,0x65,0x63,0x45,0x6e,0x64,0x50,0x6f,0x69,0x6e,0x74,0x18,0x04,0x20,0x40,0x48,0x00,
  0x09,0x65,0x08,0x01,0x12,0x0d,0x44,0x54,0x5f,0x54,0x45,0x42,0x65,0x61,0x6d,0x45,0x6e,0x74,0x73,0x18,
  0x00,0x22,0x1e,0x08,0x06,0x12,0x09,0x62,0x61,0x73,0x65,0x63,0x6c,0x61,0x73,0x73,0x18,0x00,0x20,0x40,
  0x2a,0x0b,0x44,0x54,0x5f,0x42,0x61,0x73,0x65,0x42,0x65,0x61,0x6d,0x22,0x18,0x08,0x00,0x12,0x0e,0x6d,
  0x5f,0x6e,0x53,0x74,0x61,0x72,0x74,0x45,0x6e,0x74,0x69,0x74,0x79,0x18,0x00,0x20,0x40,0x48,0x20,0x22,
  0x16,0x08,0x00,0x12,0x0c,0x6d,0x5f,0x6e,0x45,0x6e,0x64,0x45,0x6e,0x74,0x69,0x74,0x79,0x18,0x00,0x20,
  0x40,0x48,0x20,0x09,0x4c,0x08,0x01,0x12,0x0f,0x44,0x54,0x5f,0x54,0x45,0x42,0x65,0x61,0x6d,0x46,0x6f,
  0x6c,0x6c,0x6f,0x77,0x18,0x00,0x22,0x1e,0x08,0x06,0x12,0x09,0x62,0x61,0x73,0x65,0x63,0x6c,0x61,0x73,
  0x73,0x18,0x00,0x20,0x40,0x2a,0x0b,0x44,0x54,0x5f,0x42,0x61,0x73,0x65,0x42,0x65,0x61,0x6d,0x22,0x15,
  0x08,0x00,0x12,0x0b,0x6d,0x5f,0x69,0x45,0x6e,0x74,0x49,0x6e,0x64,0x65,0x78,0x18,0x00,0x20,0x40,0x48,
  0x20,0x09,0x66,0x08,0x01,0x12,0x0e,0x44,0x54,0x5f,0x54,0x45,0x42,0x65,0x61,0x6d,0x4c,0x61,0x73,0x65,
  0x72,0x18,0x00,0x22,0x1e,0x08,0x06,0x12,0x09,0x62,0x61,0x73,0x65,0x63,0x6c,0x61,0x73,0x73,0x18,0x00,
  0x20,0x40,0x2a,0x0b,0x44,0x54,0x5f,0x42,0x61,0x73,0x65,0x42,0x65,0x61,0x6d,0x22,0x18,0x08,0x00,0x12,
  0x0e,0x6d,0x5f,0x6e,0x53,0x74,0x61,0x72,0x74,0x45,0x6e,0x74,0x69,0x74,0x79,0x18,0x00,0x20,0x40,0x48,
  0x20,0x22,0x16,0x08,0x00,0x12,0x0c,0x6d,0x5f,0x6e,0x45,0x6e,0x64,0x45,0x6e,0x74,0x69,0x74,0x79,0x18,
  0x00,0x20,0x40,0x48,0x20,0x09,0x69,0x08,0x01,0x12,0x0f,0x44,0x54,0x5f,0x54,0x45,0x42,0x65,0x61,0x6d,
  0x50,0x6f,0x69,0x6e,0x74,0x73,0x18,0x00,0x22,0x1e,0x08,0x06,0x12,0x09,0x62,0x61,0x73,0x65,0x63,0x6c,
  0x61,0x73,0x73,0x18,0x00,0x20,0x40,0x2a,0x0b,0x44,0x54,0x5f,0x42,0x61,0x73,0x65,0x42,0x65,0x61,0x6d,
  0x22,0x19,0x08,0x02,0x12,0x0f,0x6d,0x5f,0x76,0x65,0x63,0x53,0x74,0x61,0x72,0x74,0x50,0x6f,0x69,0x6e,
  0x74,0x18,0x04,0x20,0x40,0x48,0x00,0x22,0x17,0x08,0x02,0x12,0x0d,0x6d,0x5f,0x76,0x65,0x63,0x45,0x6e,
  0x64,0x50,0x6f,0x69,0x6e,0x74,0x18,0x04,0x20,0x40,0x48,0x00,0x09,0x65,0x08,0x01,0x12,0x0d,0x44,0x54,
  0x5f,0x54,0x45,0x42,0x65,0x61,0x6d,0x52,0x69,0x6e,0x67,0x18,0x00,0x22,0x1e,0x08,0x06,0x12,0x09,0x62,
  0x61,0x73,0x65,0x63,0x6c,0x61,0x73,0x73,0x18,0x00,0x20,0x40,0x2a,0x0b,0x44,0x54,0x5f,0x42,0x61,0x73,
  0x65,0x42,0x65,0x61,0x6d,0x22,0x18,0x08,0x00,0x12,0x0e,0x6d,0x5f,0x6e,0x53,0x74,0x61,0x72,0x74,0x45,
  0x6e,0x74,0x69,0x74,0x79,0x18,0x00,0x20,0x40,0x48,0x20,0x22,0x16,0x08,0x00,0x12,0x0c,0x6d,0x5f,0x6e,
  0x45,0x6e,0x64,0x45,0x6e,0x74,0x69,0x74,0x79,0x18,0x00,0x20,0x40,0x48,0x20,0x09,0x83,0x01,0x08,0x01,
  0x12,0x12,0x44,0x54,0x5f,0x54,0x45,0x42,0x65,0x61,0x6d,0x52,0x69,0x6e,0x67,0x50,0x6f,0x69,0x6e,0x74,
  0x18,0x00,0x22,0x1e,0x08,0x06,0x12,0x09,0x62,0x61,0x73,0x65,0x63,0x6c,0x61,0x73,0x73,0x18,0x00,0x20,
  0x40,0x2a,0x0b,0x44,0x54,0x5f,0x42,0x61,0x73,0x65,0x42,0x65,0x61,0x6d,0x22,0x15,0x08,0x02,0x12,0x0b,
  0x6d,0x5f,0x76,0x65,0x63,0x43,0x65,0x6e,0x74,0x65,0x72,0x18,0x04,0x20,0x40,0x48,0x00,0x22,0x19,0x08,
  0x01,0x12,0x0f,0x6d,0x5f,0x66,0x6c,0x53,0x74,0x61,0x72,0x74,0x52,0x61,0x64,0x69,0x75,0x73,0x18,0x04,
  0x20,0x40,0x48,0x20,0x22,0x17,0x08,0x01,0x12,0x0d,0x6d,0x5f,0x66,0x6c,0x45,0x6e,0x64,0x52,0x61,0x64,
  0x69,0x75,0x73,0x18,0x04,0x20,0x40,0x48,0x20,0x09,0x5b,0x08,0x01,0x12,0x0f,0x44,0x54,0x5f,0x54,0x45,
  0x42,0x65,0x61,0x6d,0x53,0x70,0x6c,0x69,0x6e,0x65,0x18,0x00,0x22,0x13,0x08,0x00,0x12,0x09,0x6d,0x5f,
  0x6e,0x50,0x6f,0x69,0x6e,0x74,0x73,0x18,0x00,0x20,0x40,0x48,0x20,0x22,0x18,0x08,0x02,0x12,0x0e,0x6d,
  0x5f,0x76,0x65,0x63,0x50,0x6f,0x69,0x6e,0x74,0x73,0x5b,0x30,0x5d,0x18,0x04,0x20,0x40,0x48,0x00,0x22,
  0x15,0x08,0x04,0x12,0x0b,0x6d,0x5f,0x76,0x65,0x63,0x50,0x6f,0x69,0x6e,0x74,0x73,0x18,0x00,0x20,0x40,
  0x48,0x00,0x09,0xbf,0x01,0x08,0x01,0x12,0x10,0x44,0x54,0x5f,0x54,0x45,0x42,0x6c,0x6f,0x6f,0x64,0x53,
  0x70,0x72,0x69,0x74,0x65,0x18,0x00,0x22,0x15,0x08,0x02,0x12,0x0b,0x6d,0x5f,0x76,0x65,0x63,0x4f,0x72,
  0x69,0x67,0x69,0x6e,0x18,0x04,0x20,0x40,0x48,0x00,0x22,0x18,0x08,0x02,0x12,0x0e,0x6d,0x5f,0x76,0x65,
  0x63,0x44,0x69,0x72,0x65,0x63,0x74,0x69,0x6f,0x6e,0x18,0x04,0x20,0x40,0x48,0x00,0x22,0x0b,0x08,0x00,
  0x12,0x01,0x72,0x18,0x00,0x20,0x40,0x48,0x20,0x22,0x0b,0x08,0x00,0x12,0x01,0x67,0x18,0x00,0x20,0x40,
  0x48,0x20,0x22,0x0b,0x08,0x00,0x12,0x01,0x62,0x18,0x00,0x20,0x40,0x48,0x20,0x22,0x0b,0x08,0x00,0x12,
  0x01,0x61,0x18,0x00,0x20,0x40,0x48,0x20,0x22,0x17,0x08,0x00,0x12,0x0d,0x6d,0x5f,0x6e,0x53,0x70,0x72,
  0x61,0x79,0x4d,0x6f,0x64,0x65,0x6c,0x18,0x00,0x20,0x40,0x48,0x20,0x22,0x16,0x08,0x00,0x12,0x0c,0x6d,
  0x5f,0x6e,0x44,0x72,0x6f,0x70,0x4d,0x6f,0x64,0x65,0x6c,0x18,0x00,0x20,0x40,0x48,0x20,0x22,0x11,0x08,
  0x00,0x12,0x07,0x6d,0x5f,0x6e,0x53,0x69,0x7a,0x65,0x18,0x00,0x20,0x40,0x48,0x20,0x09,0xa1,0x01,0x08,
  0x01,0x12,0x10,0x44,0x54,0x5f,0x54,0x45,0x42,0x6c,0x6f,0x6f,0x64,0x53,0x74,0x72,0x65,0x61,0x6d,0x18,
  0x00,0x22,0x26,0x08,0x06,0x12,0x09,0x62,0x61,0x73,0x65,0x63,0x6c,0x61,0x73,0x73,0x18,0x00,0x20,0x40,
  0x2a,0x13,0x44,0x54,0x5f,0x54,0x45,0x50,0x61,0x72,0x74,0x69,0x63,0x6c,0x65,0x53,0x79,0x73,0x74,0x65,
  0x6d,0x22,0x18,0x08,0x02,0x12,0x0e,0x6d,0x5f,0x76,0x65,0x63,0x44,0x69,0x72,0x65,0x63,0x74,0x69,0x6f,
  0x6e,0x18,0x04,0x20,0x40,0x48,0x00,0x22,0x0b,0x08,0x00,0x12,0x01,0x72,0x18,0x00,0x20,0x40,0x48,0x20,
  0x22,0x0b,0x08,0x00,0x12,0x01,0x67,0x18,0x00,0x20,0x40,0x48,0x20,0x22,0x0b,0x08,0x00,0x12,0x01,0x62,
  0x18,0x00,0x20,0x40,0x48,0x20,0x22,0x0b,0x08,0x00,0x12,0x01,0x61,0x18,0x00,0x20,0x40,0x48,0x20,0x22,
  0x13,0x08,0x00,0x12,0x09,0x6d,0x5f,0x6e,0x41,0x6d,0x6f,0x75,0x6e,0x74,0x18,0x00,0x20,0x40,0x48,0x20,
  0x09,0xc4,0x02,0x08,0x01,0x12,0x0f,0x44,0x54,0x5f,0x54,0x45,0x42,0x72,0x65,0x61,0x6b,0x4d,0x6f,0x64,
  0x65,0x6c,0x18,0x00,0x22,0x24,0x08,0x06,0x12,0x09,0x62,0x61,0x73,0x65,0x63,0x6c,0x61,0x73,0x73,0x18,
  0x00,0x20,0x40,0x2a,0x11,0x44,0x54,0x5f,0x42,0x61,0x73,0x65,0x54,0x65,0x6d,0x70,0x45,0x6e,0x74,0x69,
  0x74,0x79,0x22,0x15,0x08,0x02,0x12,0x0b,0x6d,0x5f,0x76,0x65,0x63,0x4f,0x72,0x69,0x67,0x69,0x6e,0x18,
  0x04,0x20,0x40,0x48,0x00,0x22,0x1a,0x08,0x01,0x12,0x10,0x6d,0x5f,0x61,0x6e,0x67,0x52,0x6f,0x74,0x61,
  0x74,0x69,0x6f,0x6e,0x5b,0x30,0x5d,0x18,0x04,0x20,0x40,0x48,0x20,0x22,0x1a,0x08,0x01,0x12,0x10,0x6d,
  0x5f,0x61,0x6e,0x67,0x52,0x6f,0x74,0x61,0x74,0x69,0x6f,0x6e,0x5b,0x31,0x5d,0x18,0x04,0x20,0x40,0x48,
  0x20,0x22,0x1a,0x08,0x01,0x12,0x10,0x6d,0x5f,0x61,0x6e,0x67,0x52,0x6f,0x74,0x61,0x74,0x69,0x6f,0x6e,
  0x5b,0x32,0x5d,0x18,0x04,0x20,0x40,0x48,0x20,0x22,0x13,0x08,0x02,0x12,0x09,0x6d,0x5f,0x76,0x65,0x63,
  0x53,0x69,0x7a,0x65,0x18,0x04,0x20,0x40,0x48,0x00,0x22,0x17,0x08,0x02,0x12,0x0d,0x6d,0x5f,0x76,0x65,
  0x63,0x56,0x65,0x6c,0x6f,0x63,0x69,0x74,0x79,0x18,0x04,0x20,0x40,0x48,0x00,0x22,0x17,0x08,0x00,0x12,
  0x0d,0x6d,0x5f,0x6e,0x4d,0x6f,0x64,0x65,0x6c,0x49,0x6e,0x64,0x65,0x78,0x18,0x00,0x20,0x40,0x48,0x20,
  0x22,0x1a,0x08,0x00,0x12,0x10,0x6d,0x5f,0x6e,0x52,0x61,0x6e,0x64,0x6f,0x6d,0x69,0x7a,0x61,0x74,0x69,
  0x6f,0x6e,0x18,0x00,0x20,0x40,0x48,0x20,0x22,0x12,0x08,0x00,0x12,0x08,0x6d,0x5f,0x6e,0x43,0x6f,0x75,
  0x6e,0x74,0x18,0x00,0x20,0x40,0x48,0x20,0x22,0x11,0x08,0x01,0x12,0x07,0x6d,0x5f,0x66,0x54,0x69,0x6d,
  0x65,0x18,0x04,0x20,0x40,0x48,0x20,0x22,0x12,0x08,0x00,0x12,0x08,0x6d,0x5f,0x6e,0x46,0x6c,0x61,0x67,
  0x73,0x18,0x00,0x20,0x40,0x48,0x20,0x09,0xbd,0x01,0x08,0x01,0x12,0x10,0x44,0x54,0x5f,0x54,0x45,0x42,
  0x75,0x62,0x62,0x6c,0x65,0x54,0x72,0x61,0x69,0x6c,0x18,0x00,0x22,0x24,0x08,0x06,0x12,0x09,0x62,0x61,
  0x73,0x65,0x63,0x6c,0x61,0x73,0x73,0x18,0x00,0x20,0x40,0x2a,0x11,0x44,0x54,0x5f,0x42,0x61,0x73,0x65,
  0x54,0x65,0x6d,0x70,0x45,0x6e,0x74,0x69,0x74,0x79,0x22,0x13,0x08,0x02,0x12,0x09,0x6d,0x5f,0x76,0x65,
  0x63,0x4d,0x69,0x6e,0x73,0x18,0x04,0x20,0x40,0x48,0x00,0x22,0x13,0x08,0x02,0x12,0x09,0x6d,0x5f,0x76,
  0x65,0x63,0x4d,0x61,0x78,0x73,0x18,0x04,0x20,0x40,0x48,0x00,0x22,0x17,0x08,0x00,0x12,0x0d,0x6d,0x5f,
  0x6e,0x4d,0x6f,0x64,0x65,0x6c,0x49,0x6e,0x64,0x65,0x78,0x18,0x00,0x20,0x40,0x48,0x20,0x22,0x14,0x08,
  0x01,0x12,0x0a,0x6d,0x5f,0x66,0x6c,0x57,0x61,0x74,0x65,0x72,0x5a,0x18,0x04,0x20,0x40,0x48,0x20,0x22,
  0x12,0x08,0x00,0x12,0x08,0x6d,0x5f,0x6e,0x43,0x6f,0x75,0x6e,0x74,0x18,0x00,0x20,0x40,0x48,0x20,0x22,
  0x12,0x08,0x01,0x12,0x08,0x6d,0x5f,0x66,0x53,0x70,0x65,0x65,0x64,0x18,0x04,0x20,0x40,0x48,0x20,0x09,
  0xb8,0x01,0x08,0x01,0x12,0x0c,0x44,0x54,0x5f,0x54,0x45,0x42,0x75,0x62,0x62,0x6c,0x65,0x73,0x18,0x00,
  0x22,0x24,0x08,0x06,0x12,0x09,0x62,0x61,0x73,0x65,0x63,0x6c,0x61,0x73,0x73,0x18,0x00,0x20,0x40,0x2a,
  0x11,0x44,0x54,0x5f,0x42,0x61,0x73,0x65,0x54,0x65,0x6d,0x70,0x45,0x6e,0x74,0x69,0x74,0x79,0x22,0x13,
  0x08,0x02,0x12,0x09,0x6d,0x5f,0x76,0x65,0x63,0x4d,0x69,0x6e,0x73,0x18,0x04,0x20,0x40,0x48,0x00,0x22,
  0x13,0x08,0x02,0x12,0x09,0x6d,0x5f,0x76,0x65,0x63,0x4d,0x61,0x78,0x73,0x18,0x04,0x20,0x40,0x48,0x00,
  0x22,0x17,0x08,0x00,0x12,0x0d,0x6d,0x5f,0x6e,0x4d,0x6f,0x64,0x65,0x6c,0x49,0x6e,0x64,0x65,0x78,0x18,
  0x00,0x20,0x40,0x48,0x20,0x22,0x13,0x08,0x01,0x12,0x09,0x6d,0x5f,0x66,0x48,0x65,0x69,0x67,0x68,0x74,
  0x18,0x04,0x20,0x40,0x48,0x20,0x22,0x12,0x08,0x00,0x12,0x08,0x6d,0x5f,0x6e,0x43,0x6f,0x75,0x6e,0x74,
  0x18,0x00,0x20,0x40,0x48,0x20,0x22,0x12,0x08,0x01,0x12,0x08,0x6d,0x5f,0x66,0x53,0x70,0x65,0x65,0x64,
  0x18,0x04,0x20,0x40,0x48,0x20,0x09,0xb5,0x01,0x08,0x01,0x12,0x15,0x44,0x54,0x5f,0x54,0x45,0x43,0x6c,
  0x69,0x65,0x6e,0x74,0x50,0x72,0x6f,0x6a,0x65,0x63,0x74,0x69,0x6c,0x65,0x18,0x00,0x22,0x24,0x08,0x06,
  0x12,0x09,0x62,0x61,0x73,0x65,0x63,0x6c,0x61,0x73,0x73,0x18,0x00,0x20,0x40,0x2a,0x11,0x44,0x54,0x5f,
  0x42,0x61,0x73,0x65,0x54,0x65,0x6d,0x70,0x45,0x6e,0x74,0x69,0x74,0x79,0x22,0x15,0x08,0x02,0x12,0x0b,
  0x6d,0x5f,0x76,0x65,0x63,0x4f,0x72,0x69,0x67,0x69,0x6e,0x18,0x04,0x20,0x40,0x48,0x00,0x22,0x17,0x08,
  0x02,0x12,0x0d,0x6d,0x5f,0x76,0x65,0x63,0x56,0x65,0x6c,0x6f,0x63,0x69,0x74,0x79,0x18,0x04,0x20,0x40,
  0x48,0x00,0x22,0x17,0x08,0x00,0x12,0x0d,0x6d,0x5f,0x6e,0x4d,0x6f,0x64,0x65,0x6c,0x49,0x6e,0x64,0x65,
  0x78,0x18,0x00,0x20,0x40,0x48,0x20,0x22,0x15,0x08,0x00,0x12,0x0b,0x6d,0x5f,0x6e,0x4c,0x69,0x66,0x65,
  0x54,0x69,0x6d,0x65,0x18,0x00,0x20,0x40,0x48,0x20,0x22,0x12,0x08,0x00,0x12,0x08,0x6d,0x5f,0x68,0x4f,
  0x77,0x6e,0x65,0x72,0x18,0x00,0x20,0x40,0x48,0x20,0x09,0xa1,0x01,0x08,0x01,0x12,0x0a,0x44,0x54,0x5f,
  0x54,0x45,0x44,0x65,0x63,0x61,0x6c,0x18,0x00,0x22,0x24,0x08,0x06,0x12,0x09,0x62,0x61,0x73,0x65,0x63,
  0x6c,0x61,0x73,0x73,0x18,0x00,0x20,0x40,0x2a,0x11,0x44,0x54,0x5f,0x42,0x61,0x73,0x65,0x54,0x65,0x6d,
  0x70,0x45,0x6e,0x74,0x69,0x74,0x79,0x22,0x15,0x08,0x02,0x12,0x0b,0x6d,0x5f,0x76,0x65,0x63,0x4f,0x72,
  0x69,0x67,0x69,0x6e,0x18,0x04,0x20,0x40,0x48,0x00,0x22,0x14,0x08,0x02,0x12,0x0a,0x6d,0x5f,0x76,0x65,
  0x63,0x53,0x74,0x61,0x72,0x74,0x18,0x04,0x20,0x40,0x48,0x00,0x22,0x13,0x08,0x00,0x12,0x09,0x6d,0x5f,
  0x6e,0x45,0x6e,0x74,0x69,0x74,0x79,0x18,0x00,0x20,0x40,0x48,0x20,0x22,0x13,0x08,0x00,0x12,0x09,0x6d,
  0x5f,0x6e,0x48,0x69,0x74,0x62,0x6f,0x78,0x18,0x00,0x20,0x40,0x48,0x20,0x22,0x12,0x08,0x00,0x12,0x08,
  0x6d,0x5f,0x6e,0x49,0x6e,0x64,0x65,0x78,0x18,0x00,0x20,0x40,0x48,0x20,0x09,0x7a,0x08,0x01,0x12,0x09,
  0x44,0x54,0x5f,0x54,0x45,0x44,0x75,0x73,0x74,0x18,0x00,0x22,0x26,0x08,0x06,0x12,0x09,0x62,0x61,0x73,
  0x65,0x63,0x6c,0x61,0x73,0x73,0x18,0x00,0x20,0x40,0x2a,0x13,0x44,0x54,0x5f,0x54,0x45,0x50,0x61,0x72,
  0x74,0x69,0x63,0x6c,0x65,0x53,0x79,0x73,0x74,0x65,0x6d,0x22,0x12,0x08,0x01,0x12,0x08,0x6d,0x5f,0x66,
  0x6c,0x53,0x69,0x7a,0x65,0x18,0x04,0x20,0x40,0x48,0x20,0x22,0x13,0x08,0x01,0x12,0x09,0x6d,0x5f,0x66,
  0x6c,0x53,0x70,0x65,0x65,0x64,0x18,0x04,0x20,0x40,0x48,0x20,0x22,0x18,0x08,0x02,0x12,0x0e,0x6d,0x5f,
  0x76,0x65,0x63,0x44,0x69,0x72,0x65,0x63,0x74,0x69,0x6f,0x6e,0x18,0x04,0x20,0x40,0x48,0x00,0x09,0xcb,
  0x01,0x08,0x01,0x12,0x11,0x44,0x54,0x5f,0x54,0x45,0x44,0x79,0x6e,0x61,0x6d,0x69,0x63,0x4c,0x69,0x67,
  0x68,0x74,0x18,0x00,0x22,0x24,0x08,0x06,0x12,0x09,0x62,0x61,0x73,0x65,0x63,0x6c,0x61,0x73,0x73,0x18,
  0x00,0x20,0x40,0x2a,0x11,0x44,0x54,0x5f,0x42,0x61,0x73,0x65,0x54,0x65,0x6d,0x70,0x45,0x6e,0x74,0x69,
  0x74,0x79,0x22,0x15,0x08,0x02,0x12,0x0b,0x6d,0x5f,0x76,0x65,0x63,0x4f,0x72,0x69,0x67,0x69,0x6e,0x18,
  0x04,0x20,0x40,0x48,0x00,0x22,0x0b,0x08,0x00,0x12,0x01,0x72,0x18,0x00,0x20,0x40,0x48,0x20,0x22,0x0b,
  0x08,0x00,0x12,0x01,0x67,0x18,0x00,0x20,0x40,0x48,0x20,0x22,0x0b,0x08,0x00,0x12,0x01,0x62,0x18,0x00,
  0x20,0x40,0x48,0x20,0x22,0x12,0x08,0x00,0x12,0x08,0x65,0x78,0x70,0x6f,0x6e,0x65,0x6e,0x74,0x18,0x00,
  0x20,0x40,0x48,0x20,0x22,0x13,0x08,0x01,0x12,0x09,0x6d,0x5f,0x66,0x52,0x61,0x64,0x69,0x75,0x73,0x18,
  0x04,0x20,0x40,0x48,0x20,0x22,0x11,0x08,0x01,0x12,0x07,0x6d,0x5f,0x66,0x54,0x69,0x6d,0x65,0x18,0x04,
  0x20,0x40,0x48,0x20,0x22,0x12,0x08,0x01,0x12,0x08,0x6d,0x5f,0x66,0x44,0x65,0x63,0x61,0x79,0x18,0x04,
  0x20,0x40,0x48,0x20,0x09,0xf6,0x04,0x08,0x01,0x12,0x13,0x44,0x54,0x5f,0x54,0x45,0x45,0x66,0x66,0x65,
  0x63,0x74,0x44,0x69,0x73,0x70,0x61,0x74,0x63,0x68,0x18,0x00,0x22,0x24,0x08,0x06,0x12,0x09,0x62,0x61,
  0x73,0x65,0x63,0x6c,0x61,0x73,0x73,0x18,0x00,0x20,0x40,0x2a,0x11,0x44,0x54,0x5f,0x42,0x61,0x73,0x65,
  0x54,0x65,0x6d,0x70,0x45,0x6e,0x74,0x69,0x74,0x79,0x22,0x0f,0x08,0x01,0x12,0x04,0x30,0x30,0x30,0x30,
  0x18,0x84,0x02,0x20,0x40,0x48,0x20,0x22,0x16,0x08,0x05,0x12,0x0c,0x6d,0x5f,0x45,0x66,0x66,0x65,0x63,
  0x74,0x44,0x61,0x74,0x61,0x18,0x00,0x20,0x40,0x30,0x16,0x22,0x15,0x08,0x01,0x12,0x0b,0x6d,0x5f,0x76,
  0x4f,0x72,0x69,0x67,0x69,0x6e,0x2e,0x78,0x18,0x04,0x20,0x40,0x48,0x20,0x22,0x15,0x08,0x01,0x12,0x0b,
  0x6d,0x5f,0x76,0x4f,0x72,0x69,0x67,0x69,0x6e,0x2e,0x79,0x18,0x04,0x20,0x40,0x48,0x20,0x22,0x15,0x08,
  0x01,0x12,0x0b,0x6d,0x5f,0x76,0x4f,0x72,0x69,0x67,0x69,0x6e,0x2e,0x7a,0x18,0x04,0x20,0x40,0x48,0x20,
  0x22,0x14,0x08,0x01,0x12,0x0a,0x6d,0x5f,0x76,0x53,0x74,0x61,0x72,0x74,0x2e,0x78,0x18,0x04,0x20,0x40,
  0x48,0x20,0x22,0x14,0x08,0x01,0x12,0x0a,0x6d,0x5f,0x76,0x53,0x74,0x61,0x72,0x74,0x2e,0x79,0x18,0x04,
  0x20,0x40,0x48,0x20,0x22,0x14,0x08,0x01,0x12,0x0a,0x6d,0x5f,0x76,0x53,0x74,0x61,0x72,0x74,0x2e,0x7a,
  0x18,0x04,0x20,0x40,0x48,0x20,0x22,0x13,0x08,0x02,0x12,0x09,0x6d,0x5f,0x76,0x41,0x6e,0x67,0x6c,0x65,
  0x73,0x18,0x04,0x20,0x40,0x48,0x00,0x22,0x13,0x08,0x02,0x12,0x09,0x6d,0x5f,0x76,0x4e,0x6f,0x72,0x6d,
  0x61,0x6c,0x18,0x04,0x20,0x40,0x48,0x00,0x22,0x12,0x08,0x00,0x12,0x08,0x6d,0x5f,0x66,0x46,0x6c,0x61,
  0x67,0x73,0x18,0x00,0x20,0x40,0x48,0x20,0x22,0x17,0x08,0x01,0x12,0x0d,0x6d,0x5f,0x66,0x6c,0x4d,0x61,
  0x67,0x6e,0x69,0x74,0x75,0x64,0x65,0x18,0x04,0x20,0x40,0x48,0x20,0x22,0x13,0x08,0x01,0x12,0x09,0x6d,
  0x5f,0x66,0x6c,0x53,0x63,0x61,0x6c,0x65,0x18,0x04,0x20,0x40,0x48,0x20,0x22,0x1c,0x08,0x00,0x12,0x12,
  0x6d,0x5f,0x6e,0x41,0x74,0x74,0x61,0x63,0x68,0x6d,0x65,0x6e,0x74,0x49,0x6e,0x64,0x65,0x78,0x18,0x00,
  0x20,0x40,0x48,0x20,0x22,0x18,0x08,0x00,0x12,0x0e,0x6d,0x5f,0x6e,0x53,0x75,0x72,0x66,0x61,0x63,0x65,
  0x50,0x72,0x6f,0x70,0x18,0x00,0x20,0x40,0x48,0x20,0x22,0x17,0x08,0x00,0x12,0x0d,0x6d,0x5f,0x69,0x45,
  0x66,0x66,0x65,0x63,0x74,0x4e,0x61,0x6d,0x65,0x18,0x00,0x20,0x40,0x48,0x20,0x22,0x15,0x08,0x00,0x12,
  0x0b,0x6d,0x5f,0x6e,0x4d,0x61,0x74,0x65,0x72,0x69,0x61,0x6c,0x18,0x00,0x20,0x40,0x48,0x20,0x22,0x17,
  0x08,0x00,0x12,0x0d,0x6d,0x5f,0x6e,0x44,0x61,0x6d,0x61,0x67,0x65,0x54,0x79,0x70,0x65,0x18,0x00,0x20,
  0x40,0x48,0x20,0x22,0x13,0x08,0x00,0x12,0x09,0x6d,0x5f,0x6e,0x48,0x69,0x74,0x42,0x6f,0x78,0x18,0x00,
  0x20,0x40,0x48,0x20,0x22,0x12,0x08,0x00,0x12,0x08,0x65,0x6e,0x74,0x69,0x6e,0x64,0x65,0x78,0x18,0x00,
  0x20,0x40,0x48,0x20,0x22,0x1a,0x08,0x00,0x12,0x10,0x6d,0x5f,0x6e,0x4f,0x74,0x68,0x65,0x72,0x45,0x6e,
  0x74,0x49,0x6e,0x64,0x65,0x78,0x18,0x00,0x20,0x40,0x48,0x20,0x22,0x12,0x08,0x00,0x12,0x08,0x6d,0x5f,
  0x6e,0x43,0x6f,0x6c,0x6f,0x72,0x18,0x00,0x20,0x40,0x48,0x20,0x22,0x14,0x08,0x01,0x12,0x0a,0x6d,0x5f,
  0x66,0x6c,0x52,0x61,0x64,0x69,0x75,0x73,0x18,0x04,0x20,0x40,0x48,0x20,0x22,0x29,0x08,0x00,0x12,0x1f,
  0x6d,0x5f,0x62,0x50,0x6f,0x73,0x69,0x74,0x69,0x6f,0x6e,0x73,0x41,0x72,0x65,0x52,0x65,0x6c,0x61,0x74,
  0x69,0x76,0x65,0x54,0x6f,0x45,0x6e,0x74,0x69,0x74,0x79,0x18,0x00,0x20,0x40,0x48,0x20,0x09,0x57,0x08,
  0x01,0x12,0x11,0x44,0x54,0x5f,0x54,0x45,0x45,0x6e,0x65,0x72,0x67,0x79,0x53,0x70,0x6c,0x61,0x73,0x68,
  0x18,0x00,0x22,0x12,0x08,0x02,0x12,0x08,0x6d,0x5f,0x76,0x65,0x63,0x50,0x6f,0x73,0x18,0x04,0x20,0x40,
  0x48,0x00,0x22,0x12,0x08,0x02,0x12,0x08,0x6d,0x5f,0x76,0x65,0x63,0x44,0x69,0x72,0x18,0x04,0x20,0x40,
  0x48,0x00,0x22,0x16,0x08,0x00,0x12,0x0c,0x6d,0x5f,0x62,0x45,0x78,0x70,0x6c,0x6f,0x73,0x69,0x76,0x65,
  0x18,0x00,0x20,0x40,0x48,0x20,0x09,0xf5,0x01,0x08,0x01,0x12,0x0e,0x44,0x54,0x5f,0x54,0x45,0x45,0x78,
  0x70,0x6c,0x6f,0x73,0x69,0x6f,0x6e,0x18,0x00,0x22,0x26,0x08,0x06,0x12,0x09,0x62,0x61,0x73,0x65,0x63,
  0x6c,0x61,0x73,0x73,0x18,0x00,0x20,0x40,0x2a,0x13,0x44,0x54,0x5f,0x54,0x45,0x50,0x61,0x72,0x74,0x69,
  0x63,0x6c,0x65,0x53,0x79,0x73,0x74,0x65,0x6d,0x22,0x17,0x08,0x00,0x12,0x0d,0x6d,0x5f,0x6e,0x4d,0x6f,
  0x64,0x65,0x6c,0x49,0x6e,0x64,0x65,0x78,0x18,0x00,0x20,0x40,0x48,0x20,0x22,0x12,0x08,0x01,0x12,0x08,
  0x6d,0x5f,0x66,0x53,0x63,0x61,0x6c,0x65,0x18,0x04,0x20,0x40,0x48,0x20,0x22,0x16,0x08,0x00,0x12,0x0c,
  0x6d,0x5f,0x6e,0x46,0x72,0x61,0x6d,0x65,0x52,0x61,0x74,0x65,0x18,0x00,0x20,0x40,0x48,0x20,0x22,0x12,
  0x08,0x00,0x12,0x08,0x6d,0x5f,0x6e,0x46,0x6c,0x61,0x67,0x73,0x18,0x00,0x20,0x40,0x48,0x20,0x22,0x15,
  0x08,0x02,0x12,0x0b,0x6d,0x5f,0x76,0x65,0x63,0x4e,0x6f,0x72,0x6d,0x61,0x6c,0x18,0x04,0x20,0x40,0x48,
  0x00,0x22,0x1a,0x08,0x00,0x12,0x10,0x6d,0x5f,0x63,0x68,0x4d,0x61,0x74,0x65,0x72,0x69,0x61,0x6c,0x54,
  0x79,0x70,0x65,0x18,0x00,0x20,0x40,0x48,0x20,0x22,0x13,0x08,0x00,0x12,0x09,0x6d,0x5f,0x6e,0x52,0x61,
  0x64,0x69,0x75,0x73,0x18,0x00,0x20,0x40,0x48,0x20,0x22,0x16,0x08,0x00,0x12,0x0c,0x6d,0x5f,0x6e,0x4d,
  0x61,0x67,0x6e,0x69,0x74,0x75,0x64,0x65,0x18,0x00,0x20,0x40,0x48,0x20,0x09,0xaf,0x02,0x08,0x01,0x12,
  0x10,0x44,0x54,0x5f,0x54,0x45,0x46,0x69,0x72,0x65,0x42,0x75,0x6c,0x6c,0x65,0x74,0x73,0x18,0x00,0x22,
  0x15,0x08,0x02,0x12,0x0b,0x6d,0x5f,0x76,0x65,0x63,0x4f,0x72,0x69,0x67,0x69,0x6e,0x18,0x04,0x20,0x40,
  0x48,0x00,0x22,0x18,0x08,0x01,0x12,0x0e,0x6d,0x5f,0x76,0x65,0x63,0x41,0x6e,0x67,0x6c,0x65,0x73,0x5b,
  0x30,0x5d,0x18,0x04,0x20,0x40,0x48,0x20,0x22,0x18,0x08,0x01,0x12,0x0e,0x6d,0x5f,0x76,0x65,0x63,0x41,
  0x6e,0x67,0x6c,0x65,0x73,0x5b,0x31,0x5d,0x18,0x04,0x20,0x40,0x48,0x20,0x22,0x15,0x08,0x00,0x12,0x0b,
  0x6d,0x5f,0x69,0x57,0x65,0x61,0x70,0x6f,0x6e,0x49,0x44,0x18,0x00,0x20,0x40,0x48,0x20,0x22,0x11,0x08,
  0x00,0x12,0x07,0x6d,0x5f,0x69,0x4d,0x6f,0x64,0x65,0x18,0x00,0x20,0x40,0x48,0x20,0x22,0x11,0x08,0x00,
  0x12,0x07,0x6d,0x5f,0x69,0x53,0x65,0x65,0x64,0x18,0x00,0x20,0x40,0x48,0x20,0x22,0x13,0x08,0x00,0x12,
  0x09,0x6d,0x5f,0x69,0x50,0x6c,0x61,0x79,0x65,0x72,0x18,0x00,0x20,0x40,0x48,0x20,0x22,0x17,0x08,0x01,
  0x12,0x0d,0x6d,0x5f,0x66,0x49,0x6e,0x61,0x63,0x63,0x75,0x72,0x61,0x63,0x79,0x18,0x04,0x20,0x40,0x48,
  0x20,0x22,0x13,0x08,0x01,0x12,0x09,0x6d,0x5f,0x66,0x53,0x70,0x72,0x65,0x61,0x64,0x18,0x04,0x20,0x40,
  0x48,0x20,0x22,0x19,0x08,0x00,0x12,0x0f,0x6d,0x5f,0x6e,0x49,0x74,0x65,0x6d,0x44,0x65,0x66,0x49,0x6e,
  0x64,0x65,0x78,0x18,0x00,0x20,0x40,0x48,0x20,0x22,0x16,0x08,0x00,0x12,0x0c,0x6d,0x5f,0x69,0x53,0x6f,
  0x75,0x6e,0x64,0x54,0x79,0x70,0x65,0x18,0x00,0x20,0x40,0x48,0x20,0x22,0x19,0x08,0x01,0x12,0x0f,0x6d,
  0x5f,0x66,0x6c,0x52,0x65,0x63,0x6f,0x69,0x6c,0x49,0x6e,0x64,0x65,0x78,0x18,0x04,0x20,0x40,0x48,0x20,
  0x09,0x8f,0x01,0x08,0x01,0x12,0x09,0x44,0x54,0x5f,0x54,0x45,0x46,0x69,0x7a,0x7a,0x18,0x00,0x22,0x24,
  0x08,0x06,0x12,0x09,0x62,0x61,0x73,0x65,0x63,0x6c,0x61,0x73,0x73,0x18,0x00,0x20,0x40,0x2a,0x11,0x44,
  0x54,0x5f,0x42,0x61,0x73,0x65,0x54,0x65,0x6d,0x70,0x45,0x6e,0x74,0x69,0x74,0x79,0x22,0x13,0x08,0x00,
  0x12,0x09,0x6d,0x5f,0x6e,0x45,0x6e,0x74,0x69,0x74,0x79,0x18,0x00,0x20,0x40,0x48,0x20,0x22,0x17,0x08,
  0x00,0x12,0x0d,0x6d,0x5f,0x6e,0x4d,0x6f,0x64,0x65,0x6c,0x49,0x6e,0x64,0x65,0x78,0x18,0x00,0x20,0x40,
  0x48,0x20,0x22,0x14,0x08,0x00,0x12,0x0a,0x6d,0x5f,0x6e,0x44,0x65,0x6e,0x73,0x69,0x74,0x79,0x18,0x00,
  0x20,0x40,0x48,0x20,0x22,0x14,0x08,0x00,0x12,0x0a,0x6d,0x5f,0x6e,0x43,0x75,0x72,0x72,0x65,0x6e,0x74,
  0x18,0x00,0x20,0x40,0x48,0x20,0x09,0xb5,0x01,0x08,0x01,0x12,0x13,0x44,0x54,0x5f,0x54,0x45,0x46,0x6f,
  0x6f,0x74,0x70,0x72,0x69,0x6e,0x74,0x44,0x65,0x63,0x61,0x6c,0x18,0x00,0x22,0x24,0x08,0x06,0x12,0x09,
  0x62,0x61,0x73,0x65,0x63,0x6c,0x61,0x73,0x73,0x18,0x00,0x20,0x40,0x2a,0x11,0x44,0x54,0x5f,0x42,0x61,
  0x73,0x65,0x54,0x65,0x6d,0x70,0x45,0x6e,0x74,0x69,0x74,0x79,0x22,0x15,0x08,0x02,0x12,0x0b,0x6d,0x5f,
  0x76,0x65,0x63,0x4f,0x72,0x69,0x67,0x69,0x6e,0x18,0x04,0x20,0x40,0x48,0x00,0x22,0x18,0x08,0x02,0x12,
  0x0e,0x6d,0x5f,0x76,0x65,0x63,0x44,0x69,0x72,0x65,0x63,0x74,0x69,0x6f,0x6e,0x18,0x04,0x20,0x40,0x48,
  0x00,0x22,0x13,0x08,0x00,0x12,0x09,0x6d,0x5f,0x6e,0x45,0x6e,0x74,0x69,0x74,0x79,0x18,0x00,0x20,0x40,
  0x48,0x20,0x22,0x12,0x08,0x00,0x12,0x08,0x6d,0x5f,0x6e,0x49,0x6e,0x64,0x65,0x78,0x18,0x00,0x20,0x40,
  0x48,0x20,0x22,0x1a,0x08,0x00,0x12,0x10,0x6d,0x5f,0x63,0x68,0x4d,0x61,0x74,0x65,0x72,0x69,0x61,0x6c,
  0x54,0x79,0x70,0x65,0x18,0x00,0x20,0x40,0x48,0x20,0x09,0x54,0x08,0x01,0x12,0x13,0x44,0x54,0x5f,0x54,
  0x45,0x46,0x6f,0x75,0x6e,0x64,0x72,0x79,0x48,0x65,0x6c,0x70,0x65,0x72,0x73,0x18,0x00,0x22,0x24,0x08,
  0x06,0x12,0x09,0x62,0x61,0x73,0x65,0x63,0x6c,0x61,0x73,0x73,0x18,0x00,0x20,0x40,0x2a,0x11,0x44,0x54,
  0x5f,0x42,0x61,0x73,0x65,0x54,0x65,0x6d,0x70,0x45,0x6e,0x74,0x69,0x74,0x79,0x22,0x13,0x08,0x00,0x12,
  0x09,0x6d,0x5f,0x69,0x45,0x6e,0x74,0x69,0x74,0x79,0x18,0x00,0x20,0x40,0x48,0x20,0x09,0x6e,0x08,0x01,
  0x12,0x13,0x44,0x54,0x5f,0x54,0x45,0x47,0x61,0x75,0x73,0x73,0x45,0x78,0x70,0x6c,0x6f,0x73,0x69,0x6f,
  0x6e,0x18,0x00,0x22,0x26,0x08,0x06,0x12,0x09,0x62,0x61,0x73,0x65,0x63,0x6c,0x61,0x73,0x73,0x18,0x00,
  0x20,0x40,0x2a,0x13,0x44,0x54,0x5f,0x54,0x45,0x50,0x61,0x72,0x74,0x69,0x63,0x6c,0x65,0x53,0x79,0x73,
  0x74,0x65,0x6d,0x22,0x11,0x08,0x00,0x12,0x07,0x6d,0x5f,0x6e,0x54,0x79,0x70,0x65,0x18,0x00,0x20,0x40,
  0x48,0x20,0x22,0x18,0x08,0x02,0x12,0x0e,0x6d,0x5f,0x76,0x65,0x63,0x44,0x69,0x72,0x65,0x63,0x74,0x69,
  0x6f,0x6e,0x18,0x04,0x20,0x40,0x48,0x00,0x09,0xab,0x01,0x08,0x01,0x12,0x0f,0x44,0x54,0x5f,0x54,0x45,
  0x47,0x6c,0x6f,0x77,0x53,0x70,0x72,0x69,0x74,0x65,0x18,0x00,0x22,0x24,0x08,0x06,0x12,0x09,0x62,0x61,
  0x73,0x65,0x63,0x6c,0x61,0x73,0x73,0x18,0x00,0x20,0x40,0x2a,0x11,0x44,0x54,0x5f,0x42,0x61,0x73,0x65,
  0x54,0x65,0x6d,0x70,0x45,0x6e,0x74,0x69,0x74,0x79,0x22,0x15,0x08,0x02,0x12,0x0b,0x6d,0x5f,0x76,0x65,
  0x63,0x4f,0x72,0x69,0x67,0x69,0x6e,0x18,0x04,0x20,0x40,0x48,0x00,0x22,0x17,0x08,0x00,0x12,0x0d,0x6d,
  0x5f,0x6e,0x4d,0x6f,0x64,0x65,0x6c,0x49,0x6e,0x64,0x65,0x78,0x18,0x00,0x20,0x40,0x48,0x20,0x22,0x12,
  0x08,0x01,0x12,0x08,0x6d,0x5f,0x66,0x53,0x63,0x61,0x6c,0x65,0x18,0x04,0x20,0x40,0x48,0x20,0x22,0x11,
  0x08,0x01,0x12,0x07,0x6d,0x5f,0x66,0x4c,0x69,0x66,0x65,0x18,0x04,0x20,0x40,0x48,0x20,0x22,0x17,0x08,
  0x00,0x12,0x0d,0x6d,0x5f,0x6e,0x42,0x72,0x69,0x67,0x68,0x74,0x6e,0x65,0x73,0x73,0x18,0x00,0x20,0x40,
  0x48,0x20,0x09,0x8d,0x01,0x08,0x01,0x12,0x0b,0x44,0x54,0x5f,0x54,0x45,0x49,0x6d,0x70,0x61,0x63,0x74,
  0x18,0x00,0x22,0x24,0x08,0x06,0x12,0x09,0x62,0x61,0x73,0x65,0x63,0x6c,0x61,0x73,0x73,0x18,0x00,0x20,
  0x40,0x2a,0x11,0x44,0x54,0x5f,0x42,0x61,0x73,0x65,0x54,0x65,0x6d,0x70,0x45,0x6e,0x74,0x69,0x74,0x79,
  0x22,0x15,0x08,0x02,0x12,0x0b,0x6d,0x5f,0x76,0x65,0x63,0x4f,0x72,0x69,0x67,0x69,0x6e,0x18,0x04,0x20,
  0x40,0x48,0x00,0x22,0x15,0x08,0x02,0x12,0x0b,0x6d,0x5f,0x76,0x65,0x63,0x4e,0x6f,0x72,0x6d,0x61,0x6c,
  0x18,0x04,0x20,0x40,0x48,0x00,0x22,0x11,0x08,0x00,0x12,0x07,0x6d,0x5f,0x69,0x54,0x79,0x70,0x65,0x18,
  0x00,0x20,0x40,0x48,0x20,0x22,0x13,0x08,0x00,0x12,0x09,0x6d,0x5f,0x75,0x63,0x46,0x6c,0x61,0x67,0x73,
  0x18,0x00,0x20,0x40,0x48,0x20,0x09,0x5b,0x08,0x01,0x12,0x1a,0x44,0x54,0x5f,0x54,0x45,0x4b,0x69,0x6c,
  0x6c,0x50,0x6c,0x61,0x79,0x65,0x72,0x41,0x74,0x74,0x61,0x63,0x68,0x6d,0x65,0x6e,0x74,0x73,0x18,0x00,
  0x22,0x24,0x08,0x06,0x12,0x09,0x62,0x61,0x73,0x65,0x63,0x6c,0x61,0x73,0x73,0x18,0x00,0x20,0x40,0x2a,
  0x11,0x44,0x54,0x5f,0x42,0x61,0x73,0x65,0x54,0x65,0x6d,0x70,0x45,0x6e,0x74,0x69,0x74,0x79,0x22,0x13,
  0x08,0x00,0x12,0x09,0x6d,0x5f,0x6e,0x50,0x6c,0x61,0x79,0x65,0x72,0x18,0x00,0x20,0x40,0x48,0x20,0x09,
  0x6e,0x08,0x01,0x12,0x10,0x44,0x54,0x5f,0x54,0x45,0x4c,0x61,0x72,0x67,0x65,0x46,0x75,0x6e,0x6e,0x65,
  0x6c,0x18,0x00,0x22,0x26,0x08,0x06,0x12,0x09,0x62,0x61,0x73,0x65,0x63,0x6c,0x61,0x73,0x73,0x18,0x00,
  0x20,0x40,0x2a,0x13,0x44,0x54,0x5f,0x54,0x45,0x50,0x61,0x72,0x74,0x69,0x63,0x6c,0x65,0x53,0x79,0x73,
  0x74,0x65,0x6d,0x22,0x17,0x08,0x00,0x12,0x0d,0x6d,0x5f,0x6e,0x4d,0x6f,0x64,0x65,0x6c,0x49,0x6e,0x64,
  0x65,0x78,0x18,0x00,0x20,0x40,0x48,0x20,0x22,0x15,0x08,0x00,0x12,0x0b,0x6d,0x5f,0x6e,0x52,0x65,0x76,
  0x65,0x72,0x73,0x65,0x64,0x18,0x00,0x20,0x40,0x48,0x20,0x09,0x3e,0x08,0x01,0x12,0x10,0x44,0x54,0x5f,
  0x54,0x45,0x4d,0x65,0x74,0x61,0x6c,0x53,0x70,0x61,0x72,0x6b,0x73,0x18,0x00,0x22,0x12,0x08,0x02,0x12,
  0x08,0x6d,0x5f,0x76,0x65,0x63,0x50,0x6f,0x73,0x18,0x04,0x20,0x40,0x48,0x00,0x22,0x12,0x08,0x02,0x12,
  0x08,0x6d,0x5f,0x76,0x65,0x63,0x44,0x69,0x72,0x18,0x04,0x20,0x40,0x48,0x00,0x09,0x92,0x01,0x08,0x01,
  0x12,0x10,0x44,0x54,0x5f,0x54,0x45,0x4d,0x75,0x7a,0x7a,0x6c,0x65,0x46,0x6c,0x61,0x73,0x68,0x18,0x00,
  0x22,0x24,0x08,0x06,0x12,0x09,0x62,0x61,0x73,0x65,0x63,0x6c,0x61,0x73,0x73,0x18,0x00,0x20,0x40,0x2a,
  0x11,0x44,0x54,0x5f,0x42,0x61,0x73,0x65,0x54,0x65,0x6d,0x70,0x45,0x6e,0x74,0x69,0x74,0x79,0x22,0x15,
  0x08,0x02,0x12,0x0b,0x6d,0x5f,0x76,0x65,0x63,0x4f,0x72,0x69,0x67,0x69,0x6e,0x18,0x04,0x20,0x40,0x48,
  0x00,0x22,0x15,0x08,0x02,0x12,0x0b,0x6d,0x5f,0x76,0x65,0x63,0x41,0x6e,0x67,0x6c,0x65,0x73,0x18,0x04,
  0x20,0x40,0x48,0x00,0x22,0x13,0x08,0x01,0x12,0x09,0x6d,0x5f,0x66,0x6c,0x53,0x63,0x61,0x6c,0x65,0x18,
  0x04,0x20,0x40,0x48,0x20,0x22,0x11,0x08,0x00,0x12,0x07,0x6d,0x5f,0x6e,0x54,0x79,0x70,0x65,0x18,0x00,
  0x20,0x40,0x48,0x20,0x09,0x8d,0x01,0x08,0x01,0x12,0x13,0x44,0x54,0x5f,0x54,0x45,0x50,0x61,0x72,0x74,
  0x69,0x63,0x6c,0x65,0x53,0x79,0x73,0x74,0x65,0x6d,0x18,0x00,0x22,0x24,0x08,0x06,0x12,0x09,0x62,0x61,
  0x73,0x65,0x63,0x6c,0x61,0x73,0x73,0x18,0x00,0x20,0x40,0x2a,0x11,0x44,0x54,0x5f,0x42,0x61,0x73,0x65,
  0x54,0x65,0x6d,0x70,0x45,0x6e,0x74,0x69,0x74,0x79,0x22,0x18,0x08,0x01,0x12,0x0e,0x6d,0x5f,0x76,0x65,
  0x63,0x4f,0x72,0x69,0x67,0x69,0x6e,0x5b,0x30,0x5d,0x18,0x04,0x20,0x40,0x48,0x20,0x22,0x18,0x08,0x01,
  0x12,0x0e,0x6d,0x5f,0x76,0x65,0x63,0x4f,0x72,0x69,0x67,0x69,0x6e,0x5b,0x31,0x5d,0x18,0x04,0x20,0x40,
  0x48,0x20,0x22,0x18,0x08,0x01,0x12,0x0e,0x6d,0x5f,0x76,0x65,0x63,0x4f,0x72,0x69,0x67,0x69,0x6e,0x5b,
  0x32,0x5d,0x18,0x04,0x20,0x40,0x48,0x20,0x09,0xad,0x02,0x08,0x01,0x12,0x10,0x44,0x54,0x5f,0x54,0x45,
  0x50,0x68,0x79,0x73,0x69,0x63,0x73,0x50,0x72,0x6f,0x70,0x18,0x00,0x22,0x24,0x08,0x06,0x12,0x09,0x62,
  0x61,0x73,0x65,0x63,0x6c,0x61,0x73,0x73,0x18,0x00,0x20,0x40,0x2a,0x11,0x44,0x54,0x5f,0x42,0x61,0x73,
  0x65,0x54,0x65,0x6d,0x70,0x45,0x6e,0x74,0x69,0x74,0x79,0x22,0x15,0x08,0x02,0x12,0x0b,0x6d,0x5f,0x76,
  0x65,0x63,0x4f,0x72,0x69,0x67,0x69,0x6e,0x18,0x04,0x20,0x40,0x48,0x00,0x22,0x1a,0x08,0x01,0x12,0x10,
  0x6d,0x5f,0x61,0x6e,0x67,0x52,0x6f,0x74,0x61,0x74,0x69,0x6f,0x6e,0x5b,0x30,0x5d,0x18,0x04,0x20,0x40,
  0x48,0x20,0x22,0x1a,0x08,0x01,0x12,0x10,0x6d,0x5f,0x61,0x6e,0x67,0x52,0x6f,0x74,0x61,0x74,0x69,0x6f,
  0x6e,0x5b,0x31,0x5d,0x18,0x04,0x20,0x40,0x48,0x20,0x22,0x1a,0x08,0x01,0x12,0x10,0x6d,0x5f,0x61,0x6e,
  0x67,0x52,0x6f,0x74,0x61,0x74,0x69,0x6f,0x6e,0x5b,0x32,0x5d,0x18,0x04,0x20,0x40,0x48,0x20,0x22,0x17,
  0x08,0x02,0x12,0x0d,0x6d,0x5f,0x76,0x65,0x63,0x56,0x65,0x6c,0x6f,0x63,0x69,0x74,0x79,0x18,0x04,0x20,
  0x40,0x48,0x00,0x22,0x17,0x08,0x00,0x12,0x0d,0x6d,0x5f,0x6e,0x4d,0x6f,0x64,0x65,0x6c,0x49,0x6e,0x64,
  0x65,0x78,0x18,0x00,0x20,0x40,0x48,0x20,0x22,0x12,0x08,0x00,0x12,0x08,0x6d,0x5f,0x6e,0x46,0x6c,0x61,
  0x67,0x73,0x18,0x00,0x20,0x40,0x48,0x20,0x22,0x11,0x08,0x00,0x12,0x07,0x6d,0x5f,0x6e,0x53,0x6b,0x69,
  0x6e,0x18,0x00,0x20,0x40,0x48,0x20,0x22,0x14,0x08,0x00,0x12,0x0a,0x6d,0x5f,0x6e,0x45,0x66,0x66,0x65,
  0x63,0x74,0x73,0x18,0x00,0x20,0x40,0x48,0x20,0x22,0x15,0x08,0x00,0x12,0x0b,0x6d,0x5f,0x63,0x6c,0x72,
  0x52,0x65,0x6e,0x64,0x65,0x72,0x18,0x00,0x20,0x40,0x48,0x20,0x09,0x54,0x08,0x01,0x12,0x0e,0x44,0x54,
  0x5f,0x54,0x45,0x50,0x6c,0x61,0x6e,0x74,0x42,0x6f,0x6d,0x62,0x18,0x00,0x22,0x15,0x08,0x02,0x12,0x0b,
  0x6d,0x5f,0x76,0x65,0x63,0x4f,0x72,0x69,0x67,0x69,0x6e,0x18,0x04,0x20,0x40,0x48,0x00,0x22,0x13,0x08,
  0x00,0x12,0x09,0x6d,0x5f,0x69,0x50,0x6c,0x61,0x79,0x65,0x72,0x18,0x00,0x20,0x40,0x48,0x20,0x22,0x12,
  0x08,0x00,0x12,0x08,0x6d,0x5f,0x6f,0x70,0x74,0x69,0x6f,0x6e,0x18,0x00,0x20,0x40,0x48,0x20,0x09,0x56,
  0x08,0x01,0x12,0x14,0x44,0x54,0x5f,0x54,0x45,0x50,0x6c,0x61,0x79,0x65,0x72,0x41,0x6e,0x69,0x6d,0x45,
  0x76,0x65,0x6e,0x74,0x18,0x00,0x22,0x13,0x08,0x00,0x12,0x09,0x6d,0x5f,0x68,0x50,0x6c,0x61,0x79,0x65,
  0x72,0x18,0x00,0x20,0x40,0x48,0x20,0x22,0x12,0x08,0x00,0x12,0x08,0x6d,0x5f,0x69,0x45,0x76,0x65,0x6e,
  0x74,0x18,0x00,0x20,0x40,0x48,0x20,0x22,0x11,0x08,0x00,0x12,0x07,0x6d,0x5f,0x6e,0x44,0x61,0x74,0x61,
  0x18,0x00,0x20,0x40,0x48,0x20,0x09,0xbe,0x01,0x08,0x01,0x12,0x10,0x44,0x54,0x5f,0x54,0x45,0x50,0x6c,
  0x61,0x79,0x65,0x72,0x44,0x65,0x63,0x61,0x6c,0x18,0x00,0x22,0x24,0x08,0x06,0x12,0x09,0x62,0x61,0x73,
  0x65,0x63,0x6c,0x61,0x73,0x73,0x18,0x00,0x20,0x40,0x2a,0x11,0x44,0x54,0x5f,0x42,0x61,0x73,0x65,0x54,
  0x65,0x6d,0x70,0x45,0x6e,0x74,0x69,0x74,0x79,0x22,0x15,0x08,0x02,0x12,0x0b,0x6d,0x5f,0x76,0x65,0x63,
  0x4f,0x72,0x69,0x67,0x69,0x6e,0x18,0x04,0x20,0x40,0x48,0x00,0x22,0x14,0x08,0x02,0x12,0x0a,0x6d,0x5f,
  0x76,0x65,0x63,0x53,0x74,0x61,0x72,0x74,0x18,0x04,0x20,0x40,0x48,0x00,0x22,0x14,0x08,0x02,0x12,0x0a,
  0x6d,0x5f,0x76,0x65,0x63,0x52,0x69,0x67,0x68,0x74,0x18,0x04,0x20,0x40,0x48,0x00,0x22,0x13,0x08,0x00,
  0x12,0x09,0x6d,0x5f,0x6e,0x45,0x6e,0x74,0x69,0x74,0x79,0x18,0x00,0x20,0x40,0x48,0x20,0x22,0x13,0x08,
  0x00,0x12,0x09,0x6d,0x5f,0x6e,0x50,0x6c,0x61,0x79,0x65,0x72,0x18,0x00,0x20,0x40,0x48,0x20,0x22,0x13,
  0x08,0x00,0x12,0x09,0x6d,0x5f,0x6e,0x48,0x69,0x74,0x62,0x6f,0x78,0x18,0x00,0x20,0x40,0x48,0x20,0x09,
  0x9b,0x01,0x08,0x01,0x12,0x13,0x44,0x54,0x5f,0x54,0x45,0x50,0x72,0x6f,0x6a,0x65,0x63,0x74,0x65,0x64,
  0x44,0x65,0x63,0x61,0x6c,0x18,0x00,0x22,0x24,0x08,0x06,0x12,0x09,0x62,0x61,0x73,0x65,0x63,0x6c,0x61,
  0x73,0x73,0x18,0x00,0x20,0x40,0x2a,0x11,0x44,0x54,0x5f,0x42,0x61,0x73,0x65,0x54,0x65,0x6d,0x70,0x45,
  0x6e,0x74,0x69,0x74,0x79,0x22,0x15,0x08,0x02,0x12,0x0b,0x6d,0x5f,0x76,0x65,0x63,0x4f,0x72,0x69,0x67,
  0x69,0x6e,0x18,0x04,0x20,0x40,0x48,0x00,0x22,0x17,0x08,0x02,0x12,0x0d,0x6d,0x5f,0x61,0x6e,0x67,0x52,
  0x6f,0x74,0x61,0x74,0x69,0x6f,0x6e,0x18,0x04,0x20,0x40,0x48,0x00,0x22,0x16,0x08,0x01,0x12,0x0c,0x6d,
  0x5f,0x66,0x6c,0x44,0x69,0x73,0x74,0x61,0x6e,0x63,0x65,0x18,0x04,0x20,0x40,0x48,0x20,0x22,0x12,0x08,
  0x00,0x12,0x08,0x6d,0x5f,0x6e,0x49,0x6e,0x64,0x65,0x78,0x18,0x00,0x20,0x40,0x48,0x20,0x09,0x57,0x08,
  0x01,0x12,0x0e,0x44,0x54,0x5f,0x54,0x45,0x52,0x61,0x64,0x69,0x6f,0x49,0x63,0x6f,0x6e,0x18,0x00,0x22,
  0x24,0x08,0x06,0x12,0x09,0x62,0x61,0x73,0x65,0x63,0x6c,0x61,0x73,0x73,0x18,0x00,0x20,0x40,0x2a,0x11,
  0x44,0x54,0x5f,0x42,0x61,0x73,0x65,0x54,0x65,0x6d,0x70,0x45,0x6e,0x74,0x69,0x74,0x79,0x22,0x1b,0x08,
  0x00,0x12,0x11,0x6d,0x5f,0x69,0x41,0x74,0x74,0x61,0x63,0x68,0x54,0x6f,0x43,0x6c,0x69,0x65,0x6e,0x74,
  0x18,0x00,0x20,0x40,0x48,0x20,0x09,0xab,0x03,0x08,0x01,0x12,0x13,0x44,0x54,0x5f,0x54,0x45,0x53,0x68,
  0x61,0x74,0x74,0x65,0x72,0x53,0x75,0x72,0x66,0x61,0x63,0x65,0x18,0x00,0x22,0x24,0x08,0x06,0x12,0x09,
  0x62,0x61,0x73,0x65,0x63,0x6c,0x61,0x73,0x73,0x18,0x00,0x20,0x40,0x2a,0x11,0x44,0x54,0x5f,0x42,0x61,
  0x73,0x65,0x54,0x65,0x6d,0x70,0x45,0x6e,0x74,0x69,0x74,0x79,0x22,0x15,0x08,0x02,0x12,0x0b,0x6d,0x5f,
  0x76,0x65,0x63,0x4f,0x72,0x69,0x67,0x69,0x6e,0x18,0x04,0x20,0x40,0x48,0x00,0x22,0x15,0x08,0x02,0x12,
  0x0b,0x6d,0x5f,0x76,0x65,0x63,0x41,0x6e,0x67,0x6c,0x65,0x73,0x18,0x04,0x20,0x40,0x48,0x00,0x22,0x14,
  0x08,0x02,0x12,0x0a,0x6d,0x5f,0x76,0x65,0x63,0x46,0x6f,0x72,0x63,0x65,0x18,0x04,0x20,0x40,0x48,0x00,
  0x22,0x17,0x08,0x02,0x12,0x0d,0x6d,0x5f,0x76,0x65,0x63,0x46,0x6f,0x72,0x63,0x65,0x50,0x6f,0x73,0x18,
  0x04,0x20,0x40,0x48,0x00,0x22,0x13,0x08,0x01,0x12,0x09,0x6d,0x5f,0x66,0x6c,0x57,0x69,0x64,0x74,0x68,
  0x18,0x04,0x20,0x40,0x48,0x20,0x22,0x14,0x08,0x01,0x12,0x0a,0x6d,0x5f,0x66,0x6c,0x48,0x65,0x69,0x67,
  0x68,0x74,0x18,0x04,0x20,0x40,0x48,0x20,0x22,0x17,0x08,0x01,0x12,0x0d,0x6d,0x5f,0x66,0x6c,0x53,0x68,
  0x61,0x72,0x64,0x53,0x69,0x7a,0x65,0x18,0x04,0x20,0x40,0x48,0x20,0x22,0x18,0x08,0x00,0x12,0x0e,0x6d,
  0x5f,0x6e,0x53,0x75,0x72,0x66,0x61,0x63,0x65,0x54,0x79,0x70,0x65,0x18,0x00,0x20,0x40,0x48,0x20,0x22,
  0x1c,0x08,0x00,0x12,0x12,0x6d,0x5f,0x75,0x63,0x68,0x46,0x72,0x6f,0x6e,0x74,0x43,0x6f,0x6c,0x6f,0x72,
  0x5b,0x30,0x5d,0x18,0x00,0x20,0x40,0x48,0x20,0x22,0x1c,0x08,0x00,0x12,0x12,0x6d,0x5f,0x75,0x63,0x68,
  0x46,0x72,0x6f,0x6e,0x74,0x43,0x6f,0x6c,0x6f,0x72,0x5b,0x31,0x5d,0x18,0x00,0x20,0x40,0x48,0x20,0x22,
  0x1c,0x08,0x00,0x12,0x12,0x6d,0x5f,0x75,0x63,0x68,0x46,0x72,0x6f,0x6e,0x74,0x43,0x6f,0x6c,0x6f,0x72,
  0x5b,0x32,0x5d,0x18,0x00,0x20,0x40,0x48,0x20,0x22,0x1b,0x08,0x00,0x12,0x11,0x6d,0x5f,0x75,0x63,0x68,
  0x42,0x61,0x63,0x6b,0x43,0x6f,0x6c,0x6f,0x72,0x5b,0x30,0x5d,0x18,0x00,0x20,0x40,0x48,0x20,0x22,0x1b,
  0x08,0x00,0x12,0x11,0x6d,0x5f,0x75,0x63,0x68,0x42,0x61,0x63,0x6b,0x43,0x6f,0x6c,0x6f,0x72,0x5b,0x31,
  0x5d,0x18,0x00,0x20,0x40,0x48,0x20,0x22,0x1b,0x08,0x00,0x12,0x11,0x6d,0x5f,0x75,0x63,0x68,0x42,0x61,
  0x63,0x6b,0x43,0x6f,0x6c,0x6f,0x72,0x5b,0x32,0x5d,0x18,0x00,0x20,0x40,0x48,0x20,0x09,0x4f,0x08,0x01,
  0x12,0x0d,0x44,0x54,0x5f,0x54,0x45,0x53,0x68,0x6f,0x77,0x4c,0x69,0x6e,0x65,0x18,0x00,0x22,0x26,0x08,
  0x06,0x12,0x09,0x62,0x61,0x73,0x65,0x63,0x6c,0x61,0x73,0x73,0x18,0x00,0x20,0x40,0x2a,0x13,0x44,0x54,
  0x5f,0x54,0x45,0x50,0x61,0x72,0x74,0x69,0x63,0x6c,0x65,0x53,0x79,0x73,0x74,0x65,0x6d,0x22,0x12,0x08,
  0x02,0x12,0x08,0x6d,0x5f,0x76,0x65,0x63,0x45,0x6e,0x64,0x18,0x04,0x20,0x40,0x48,0x00,0x09,0x92,0x01,
  0x08,0x01,0x12,0x0a,0x44,0x54,0x5f,0x54,0x45,0x53,0x6d,0x6f,0x6b,0x65,0x18,0x00,0x22,0x24,0x08,0x06,
  0x12,0x09,0x62,0x61,0x73,0x65,0x63,0x6c,0x61,0x73,0x73,0x18,0x00,0x20,0x40,0x2a,0x11,0x44,0x54,0x5f,
  0x42,0x61,0x73,0x65,0x54,0x65,0x6d,0x70,0x45,0x6e,0x74,0x69,0x74,0x79,0x22,0x15,0x08,0x02,0x12,0x0b,
  0x6d,0x5f,0x76,0x65,0x63,0x4f,0x72,0x69,0x67,0x69,0x6e,0x18,0x04,0x20,0x40,0x48,0x00,0x22,0x17,0x08,
  0x00,0x12,0x0d,0x6d,0x5f,0x6e,0x4d,0x6f,0x64,0x65,0x6c,0x49,0x6e,0x64,0x65,0x78,0x18,0x00,0x20,0x40,
  0x48,0x20,0x22,0x12,0x08,0x01,0x12,0x08,0x6d,0x5f,0x66,0x53,0x63,0x61,0x6c,0x65,0x18,0x04,0x20,0x40,
  0x48,0x20,0x22,0x16,0x08,0x00,0x12,0x0c,0x6d,0x5f,0x6e,0x46,0x72,0x61,0x6d,0x65,0x52,0x61,0x74,0x65,
  0x18,0x00,0x20,0x40,0x48,0x20,0x09,0x7f,0x08,0x01,0x12,0x0b,0x44,0x54,0x5f,0x54,0x45,0x53,0x70,0x61,
  0x72,0x6b,0x73,0x18,0x00,0x22,0x26,0x08,0x06,0x12,0x09,0x62,0x61,0x73,0x65,0x63,0x6c,0x61,0x73,0x73,
  0x18,0x00,0x20,0x40,0x2a,0x13,0x44,0x54,0x5f,0x54,0x45,0x50,0x61,0x72,0x74,0x69,0x63,0x6c,0x65,0x53,
  0x79,0x73,0x74,0x65,0x6d,0x22,0x16,0x08,0x00,0x12,0x0c,0x6d,0x5f,0x6e,0x4d,0x61,0x67,0x6e,0x69,0x74,
  0x75,0x64,0x65,0x18,0x00,0x20,0x40,0x48,0x20,0x22,0x18,0x08,0x00,0x12,0x0e,0x6d,0x5f,0x6e,0x54,0x72,
  0x61,0x69,0x6c,0x4c,0x65,0x6e,0x67,0x74,0x68,0x18,0x00,0x20,0x40,0x48,0x20,0x22,0x12,0x08,0x02,0x12,
  0x08,0x6d,0x5f,0x76,0x65,0x63,0x44,0x69,0x72,0x18,0x04,0x20,0x40,0x48,0x00,0x09,0x94,0x01,0x08,0x01,
  0x12,0x0b,0x44,0x54,0x5f,0x54,0x45,0x53,0x70,0x72,0x69,0x74,0x65,0x18,0x00,0x22,0x24,0x08,0x06,0x12,
  0x09,0x62,0x61,0x73,0x65,0x63,0x6c,0x61,0x73,0x73,0x18,0x00,0x20,0x40,0x2a,0x11,0x44,0x54,0x5f,0x42,
  0x61,0x73,0x65,0x54,0x65,0x6d,0x70,0x45,0x6e,0x74,0x69,0x74,0x79,0x22,0x15,0x08,0x02,0x12,0x0b,0x6d,
  0x5f,0x76,0x65,0x63,0x4f,0x72,0x69,0x67,0x69,0x6e,0x18,0x04,0x20,0x40,0x48,0x00,0x22,0x17,0x08,0x00,
  0x12,0x0d,0x6d,0x5f,0x6e,0x4d,0x6f,0x64,0x65,0x6c,0x49,0x6e,0x64,0x65,0x78,0x18,0x00,0x20,0x40,0x48,
  0x20,0x22,0x12,0x08,0x01,0x12,0x08,0x6d,0x5f,0x66,0x53,0x63,0x61,0x6c,0x65,0x18,0x04,0x20,0x40,0x48,
  0x20,0x22,0x17,0x08,0x00,0x12,0x0d,0x6d,0x5f,0x6e,0x42,0x72,0x69,0x67,0x68,0x74,0x6e,0x65,0x73,0x73,
  0x18,0x00,0x20,0x40,0x48,0x20,0x09,0xc2,0x01,0x08,0x01,0x12,0x10,0x44,0x54,0x5f,0x54,0x45,0x53,0x70,
  0x72,0x69,0x74,0x65,0x53,0x70,0x72,0x61,0x79,0x18,0x00,0x22,0x24,0x08,0x06,0x12,0x09,0x62,0x61,0x73,
  0x65,0x63,0x6c,0x61,0x73,0x73,0x18,0x00,0x20,0x40,0x2a,0x11,0x44,0x54,0x5f,0x42,0x61,0x73,0x65,0x54,
  0x65,0x6d,0x70,0x45,0x6e,0x74,0x69,0x74,0x79,0x22,0x15,0x08,0x02,0x12,0x0b,0x6d,0x5f,0x76,0x65,0x63,
  0x4f,0x72,0x69,0x67,0x69,0x6e,0x18,0x04,0x20,0x40,0x48,0x00,0x22,0x18,0x08,0x02,0x12,0x0e,0x6d,0x5f,
  0x76,0x65,0x63,0x44,0x69,0x72,0x65,0x63,0x74,0x69,0x6f,0x6e,0x18,0x04,0x20,0x40,0x48,0x00,0x22,0x17,
  0x08,0x00,0x12,0x0d,0x6d,0x5f,0x6e,0x4d,0x6f,0x64,0x65,0x6c,0x49,0x6e,0x64,0x65,0x78,0x18,0x00,0x20,
  0x40,0x48,0x20,0x22,0x12,0x08,0x01,0x12,0x08,0x6d,0x5f,0x66,0x4e,0x6f,0x69,0x73,0x65,0x18,0x04,0x20,
  0x40,0x48,0x20,0x22,0x12,0x08,0x00,0x12,0x08,0x6d,0x5f,0x6e,0x43,0x6f,0x75,0x6e,0x74,0x18,0x00,0x20,
  0x40,0x48,0x20,0x22,0x12,0x08,0x00,0x12,0x08,0x6d,0x5f,0x6e,0x53,0x70,0x65,0x65,0x64,0x18,0x00,0x20,
  0x40,0x48,0x20,0x09,0x66,0x08,0x01,0x12,0x0f,0x44,0x54,0x5f,0x54,0x45,0x57,0x6f,0x72,0x6c,0x64,0x44,
  0x65,0x63,0x61,0x6c,0x18,0x00,0x22,0x24,0x08,0x06,0x12,0x09,0x62,0x61,0x73,0x65,0x63,0x6c,0x61,0x73,
  0x73,0x18,0x00,0x20,0x40,0x2a,0x11,0x44,0x54,0x5f,0x42,0x61,0x73,0x65,0x54,0x65,0x6d,0x70,0x45,0x6e,
  0x74,0x69,0x74,0x79,0x22,0x15,0x08,0x02,0x12,0x0b,0x6d,0x5f,0x76,0x65,0x63,0x4f,0x72,0x69,0x67,0x69,
  0x6e,0x18,0x04,0x20,0x40,0x48,0x00,0x22,0x12,0x08,0x00,0x12,0x08,0x6d,0x5f,0x6e,0x49,0x6e,0x64,0x65,
  0x78,0x18,0x00,0x20,0x40,0x48,0x20,0x09,0xe3,0x03,0x08,0x01,0x12,0x07,0x44,0x54,0x5f,0x54,0x65,0x61,
  0x6d,0x18,0x00,0x22,0x14,0x08,0x00,0x12,0x0a,0x6d,0x5f,0x69,0x54,0x65,0x61,0x6d,0x4e,0x75,0x6d,0x18,
  0x00,0x20,0x40,0x48,0x20,0x22,0x18,0x08,0x00,0x12,0x0e,0x6d,0x5f,0x62,0x53,0x75,0x72,0x72,0x65,0x6e,
  0x64,0x65,0x72,0x65,0x64,0x18,0x00,0x20,0x40,0x48,0x20,0x22,0x16,0x08,0x00,0x12,0x0c,0x6d,0x5f,0x73,
  0x63,0x6f,0x72,0x65,0x54,0x6f,0x74,0x61,0x6c,0x18,0x00,0x20,0x40,0x48,0x20,0x22,0x1a,0x08,0x00,0x12,
  0x10,0x6d,0x5f,0x73,0x63,0x6f,0x72,0x65,0x46,0x69,0x72,0x73,0x74,0x48,0x61,0x6c,0x66,0x18,0x00,0x20,
  0x40,0x48,0x20,0x22,0x1b,0x08,0x00,0x12,0x11,0x6d,0x5f,0x73,0x63,0x6f,0x72,0x65,0x53,0x65,0x63,0x6f,
  0x6e,0x64,0x48,0x61,0x6c,0x66,0x18,0x00,0x20,0x40,0x48,0x20,0x22,0x19,0x08,0x00,0x12,0x0f,0x6d,0x5f,
  0x73,0x63,0x6f,0x72,0x65,0x4f,0x76,0x65,0x72,0x74,0x69,0x6d,0x65,0x18,0x00,0x20,0x40,0x48,0x20,0x22,
  0x13,0x08,0x00,0x12,0x09,0x6d,0x5f,0x69,0x43,0x6c,0x61,0x6e,0x49,0x44,0x18,0x00,0x20,0x40,0x48,0x20,
  0x22,0x16,0x08,0x04,0x12,0x0c,0x6d,0x5f,0x73,0x7a,0x54,0x65,0x61,0x6d,0x6e,0x61,0x6d,0x65,0x18,0x00,
  0x20,0x40,0x48,0x00,0x22,0x1a,0x08,0x04,0x12,0x10,0x6d,0x5f,0x73,0x7a,0x43,0x6c,0x61,0x6e,0x54,0x65,
  0x61,0x6d,0x6e,0x61,0x6d,0x65,0x18,0x00,0x20,0x40,0x48,0x00,0x22,0x1b,0x08,0x04,0x12,0x11,0x6d,0x5f,
  0x73,0x7a,0x54,0x65,0x61,0x6d,0x46,0x6c,0x61,0x67,0x49,0x6d,0x61,0x67,0x65,0x18,0x00,0x20,0x40,0x48,
  0x00,0x22,0x1b,0x08,0x04,0x12,0x11,0x6d,0x5f,0x73,0x7a,0x54,0x65,0x61,0x6d,0x4c,0x6f,0x67,0x6f,0x49,
  0x6d,0x61,0x67,0x65,0x18,0x00,0x20,0x40,0x48,0x00,0x22,0x1b,0x08,0x04,0x12,0x11,0x6d,0x5f,0x73,0x7a,
  0x54,0x65,0x61,0x6d,0x4d,0x61,0x74,0x63,0x68,0x53,0x74,0x61,0x74,0x18,0x00,0x20,0x40,0x48,0x00,0x22,
  0x20,0x08,0x00,0x12,0x16,0x6d,0x5f,0x6e,0x47,0x47,0x4c,0x65,0x61,0x64,0x65,0x72,0x45,0x6e,0x74,0x49,
  0x6e,0x64,0x65,0x78,0x5f,0x43,0x54,0x18,0x00,0x20,0x40,0x48,0x20,0x22,0x1f,0x08,0x00,0x12,0x15,0x6d,
  0x5f,0x6e,0x47,0x47,0x4c,0x65,0x61,0x64,0x65,0x72,0x45,0x6e,0x74,0x49,0x6e,0x64,0x65,0x78,0x5f,0x54,
  0x18,0x00,0x20,0x40,0x48,0x20,0x22,0x1b,0x08,0x00,0x12,0x11,0x6d,0x5f,0x6e,0x75,0x6d,0x4d,0x61,0x70,
  0x56,0x69,0x63,0x74,0x6f,0x72,0x69,0x65,0x73,0x18,0x00,0x20,0x40,0x48,0x20,0x22,0x1e,0x08,0x00,0x12,
  0x14,0x70,0x6c,0x61,0x79,0x65,0x72,0x5f,0x61,0x72,0x72,0x61,0x79,0x5f,0x65,0x6c,0x65,0x6d,0x65,0x6e,
  0x74,0x18,0x00,0x20,0x40,0x48,0x20,0x22,0x18,0x08,0x04,0x12,0x0e,0x22,0x70,0x6c,0x61,0x79,0x65,0x72,
  0x5f,0x61,0x72,0x72,0x61,0x79,0x22,0x18,0x00,0x20,0x40,0x48,0x00,0x09,0xcc,0x03,0x08,0x01,0x12,0x1a,
  0x44,0x54,0x5f,0x54,0x65,0x61,0x6d,0x70,0x6c,0x61,0x79,0x52,0x6f,0x75,0x6e,0x64,0x42,0x61,0x73,0x65,
  0x64,0x52,0x75,0x6c,0x65,0x73,0x18,0x00,0x22,0x17,0x08,0x00,0x12,0x0d,0x6d,0x5f,0x69,0x52,0x6f,0x75,
  0x6e,0x64,0x53,0x74,0x61,0x74,0x65,0x18,0x00,0x20,0x40,0x48,0x20,0x22,0x20,0x08,0x00,0x12,0x16,0x6d,
  0x5f,0x62,0x49,0x6e,0x57,0x61,0x69,0x74,0x69,0x6e,0x67,0x46,0x6f,0x72,0x50,0x6c,0x61,0x79,0x65,0x72,
  0x73,0x18,0x00,0x20,0x40,0x48,0x20,0x22,0x18,0x08,0x00,0x12,0x0e,0x6d,0x5f,0x69,0x57,0x69,0x6e,0x6e,
  0x69,0x6e,0x67,0x54,0x65,0x61,0x6d,0x18,0x00,0x20,0x40,0x48,0x20,0x22,0x17,0x08,0x00,0x12,0x0d,0x6d,
  0x5f,0x62,0x49,0x6e,0x4f,0x76,0x65,0x72,0x74,0x69,0x6d,0x65,0x18,0x00,0x20,0x40,0x48,0x20,0x22,0x14,
  0x08,0x00,0x12,0x0a,0x6d,0x5f,0x62,0x49,0x6e,0x53,0x65,0x74,0x75,0x70,0x18,0x00,0x20,0x40,0x48,0x20,
  0x22,0x23,0x08,0x00,0x12,0x19,0x6d,0x5f,0x62,0x53,0x77,0x69,0x74,0x63,0x68,0x65,0x64,0x54,0x65,0x61,
  0x6d,0x73,0x54,0x68,0x69,0x73,0x52,0x6f,0x75,0x6e,0x64,0x18,0x00,0x20,0x40,0x48,0x20,0x22,0x21,0x08,
  0x00,0x12,0x17,0x6d,0x5f,0x62,0x41,0x77,0x61,0x69,0x74,0x69,0x6e,0x67,0x52,0x65,0x61,0x64,0x79,0x52,
  0x65,0x73,0x74,0x61,0x72,0x74,0x18,0x00,0x20,0x40,0x48,0x20,0x22,0x1e,0x08,0x01,0x12,0x14,0x6d,0x5f,
  0x66,0x6c,0x52,0x65,0x73,0x74,0x61,0x72,0x74,0x52,0x6f,0x75,0x6e,0x64,0x54,0x69,0x6d,0x65,0x18,0x04,
  0x20,0x40,0x48,0x20,0x22,0x1a,0x08,0x01,0x12,0x10,0x6d,0x5f,0x66,0x6c,0x4d,0x61,0x70,0x52,0x65,0x73,
  0x65,0x74,0x54,0x69,0x6d,0x65,0x18,0x04,0x20,0x40,0x48,0x20,0x22,0x0f,0x08,0x00,0x12,0x04,0x30,0x30,
  0x30,0x30,0x18,0x80,0x02,0x20,0x40,0x48,0x20,0x22,0x1d,0x08,0x05,0x12,0x13,0x6d,0x5f,0x66,0x6c,0x4e,
  0x65,0x78,0x74,0x52,0x65,0x73,0x70,0x61,0x77,0x6e,0x57,0x61,0x76,0x65,0x18,0x00,0x20,0x40,0x30,0x41,
  0x22,0x0f,0x08,0x00,0x12,0x04,0x30,0x30,0x30,0x30,0x18,0x80,0x02,0x20,0x40,0x48,0x20,0x22,0x20,0x08,
  0x05,0x12,0x16,0x6d,0x5f,0x54,0x65,0x61,0x6d,0x52,0x65,0x73,0x70,0x61,0x77,0x6e,0x57,0x61,0x76,0x65,
  0x54,0x69,0x6d,0x65,0x73,0x18,0x00,0x20,0x40,0x30,0x40,0x22,0x0f,0x08,0x00,0x12,0x04,0x30,0x30,0x30,
  0x30,0x18,0x80,0x02,0x20,0x40,0x48,0x20,0x22,0x16,0x08,0x05,0x12,0x0c,0x6d,0x5f,0x62,0x54,0x65,0x61,
  0x6d,0x52,0x65,0x61,0x64,0x79,0x18,0x00,0x20,0x40,0x30,0x21,0x22,0x16,0x08,0x00,0x12,0x0c,0x6d,0x5f,
  0x62,0x53,0x74,0x6f,0x70,0x57,0x61,0x74,0x63,0x68,0x18,0x00,0x20,0x40,0x48,0x20,0x09,0x92,0x01,0x08,
  0x01,0x12,0x1f,0x44,0x54,0x5f,0x54,0x65,0x61,0x6d,0x70,0x6c,0x61,0x79,0x52,0x6f,0x75,0x6e,0x64,0x42,
  0x61,0x73,0x65,0x64,0x52,0x75,0x6c,0x65,0x73,0x50,0x72,0x6f,0x78,0x79,0x18,0x00,0x22,0x24,0x08,0x06,
  0x12,0x09,0x62,0x61,0x73,0x65,0x63,0x6c,0x61,0x73,0x73,0x18,0x00,0x20,0x40,0x2a,0x11,0x44,0x54,0x5f,
  0x47,0x61,0x6d,0x65,0x52,0x75,0x6c,0x65,0x73,0x50,0x72,0x6f,0x78,0x79,0x22,0x45,0x08,0x06,0x12,0x21,
  0x74,0x65,0x61,0x6d,0x70,0x6c,0x61,0x79,0x72,0x6f,0x75,0x6e,0x64,0x62,0x61,0x73,0x65,0x64,0x5f,0x67,
  0x61,0x6d,0x65,0x72,0x75,0x6c,0x65,0x73,0x5f,0x64,0x61,0x74,0x61,0x18,0x00,0x20,0x40,0x2a,0x1a,0x44,
  0x54,0x5f,0x54,0x65,0x61,0x6d,0x70,0x6c,0x61,0x79,0x52,0x6f,0x75,0x6e,0x64,0x42,0x61,0x73,0x65,0x64,
  0x52,0x75,0x6c,0x65,0x73,0x09,0x62,0x08,0x01,0x12,0x08,0x44,0x54,0x5f,0x54,0x65,0x73,0x6c,0x61,0x18,
  0x00,0x22,0x20,0x08,0x06,0x12,0x09,0x62,0x61,0x73,0x65,0x63,0x6c,0x61,0x73,0x73,0x18,0x00,0x20,0x40,
  0x2a,0x0d,0x44,0x54,0x5f,0x42,0x61,0x73,0x65,0x45,0x6e,0x74,0x69,0x74,0x79,0x22,0x15,0x08,0x04,0x12,
  0x0b,0x6d,0x5f,0x53,0x6f,0x75,0x6e,0x64,0x4e,0x61,0x6d,0x65,0x18,0x00,0x20,0x40,0x48,0x00,0x22,0x19,
  0x08,0x04,0x12,0x0f,0x6d,0x5f,0x69,0x73,0x7a,0x53,0x70,0x72,0x69,0x74,0x65,0x4e,0x61,0x6d,0x65,0x18,
  0x00,0x20,0x40,0x48,0x00,0x09,0xae,0x01,0x08,0x01,0x12,0x10,0x44,0x54,0x5f,0x54,0x65,0x73,0x74,0x54,
  0x72,0x61,0x63,0x65,0x6c,0x69,0x6e,0x65,0x18,0x00,0x22,0x15,0x08,0x00,0x12,0x0b,0x6d,0x5f,0x63,0x6c,
  0x72,0x52,0x65,0x6e,0x64,0x65,0x72,0x18,0x00,0x20,0x40,0x48,0x20,0x22,0x15,0x08,0x02,0x12,0x0b,0x6d,
  0x5f,0x76,0x65,0x63,0x4f,0x72,0x69,0x67,0x69,0x6e,0x18,0x04,0x20,0x40,0x48,0x00,0x22,0x1a,0x08,0x01,
  0x12,0x10,0x6d,0x5f,0x61,0x6e,0x67,0x52,0x6f,0x74,0x61,0x74,0x69,0x6f,0x6e,0x5b,0x30,0x5d,0x18,0x04,
  0x20,0x40,0x48,0x20,0x22,0x1a,0x08,0x01,0x12,0x10,0x6d,0x5f,0x61,0x6e,0x67,0x52,0x6f,0x74,0x61,0x74,
  0x69,0x6f,0x6e,0x5b,0x31,0x5d,0x18,0x04,0x20,0x40,0x48,0x20,0x22,0x1a,0x08,0x01,0x12,0x10,0x6d,0x5f,
  0x61,0x6e,0x67,0x52,0x6f,0x74,0x61,0x74,0x69,0x6f,0x6e,0x5b,0x32,0x5d,0x18,0x04,0x20,0x40,0x48,0x20,
  0x22,0x14,0x08,0x00,0x12,0x0a,0x6d,0x6f,0x76,0x65,0x70,0x61,0x72,0x65,0x6e,0x74,0x18,0x00,0x20,0x40,
  0x48,0x20,0x09,0x41,0x08,0x01,0x12,0x18,0x44,0x54,0x5f,0x54,0x72,0x69,0x67,0x67,0x65,0x72,0x50,0x6c,
  0x61,0x79,0x65,0x72,0x4d,0x6f,0x76,0x65,0x6d,0x65,0x6e,0x74,0x18,0x00,0x22,0x21,0x08,0x06,0x12,0x09,
  0x62,0x61,0x73,0x65,0x63,0x6c,0x61,0x73,0x73,0x18,0x00,0x20,0x40,0x2a,0x0e,0x44,0x54,0x5f,0x42,0x61,
  0x73,0x65,0x54,0x72,0x69,0x67,0x67,0x65,0x72,0x09,0x5c,0x08,0x01,0x12,0x17,0x44,0x54,0x5f,0x54,0x72,
  0x69,0x67,0x67,0x65,0x72,0x53,0x6f,0x75,0x6e,0x64,0x4f,0x70,0x65,0x72,0x61,0x74,0x6f,0x72,0x18,0x00,
  0x22,0x21,0x08,0x06,0x12,0x09,0x62,0x61,0x73,0x65,0x63,0x6c,0x61,0x73,0x73,0x18,0x00,0x20,0x40,0x2a,
  0x0e,0x44,0x54,0x5f,0x42,0x61,0x73,0x65,0x54,0x72,0x69,0x67,0x67,0x65,0x72,0x22,0x1a,0x08,0x00,0x12,
  0x10,0x6d,0x5f,0x6e,0x53,0x6f,0x75,0x6e,0x64,0x4f,0x70,0x65,0x72,0x61,0x74,0x6f,0x72,0x18,0x00,0x20,
  0x40,0x48,0x20,0x09,0xe8,0x01,0x08,0x01,0x12,0x0d,0x44,0x54,0x5f,0x56,0x47,0x75,0x69,0x53,0x63,0x72,
  0x65,0x65,0x6e,0x18,0x00,0x22,0x20,0x08,0x06,0x12,0x09,0x62,0x61,0x73,0x65,0x63,0x6c,0x61,0x73,0x73,
  0x18,0x00,0x20,0x40,0x2a,0x0d,0x44,0x54,0x5f,0x42,0x61,0x73,0x65,0x45,0x6e,0x74,0x69,0x74,0x79,0x22,
  0x13,0x08,0x01,0x12,0x09,0x6d,0x5f,0x66,0x6c,0x57,0x69,0x64,0x74,0x68,0x18,0x04,0x20,0x40,0x48,0x20,
  0x22,0x14,0x08,0x01,0x12,0x0a,0x6d,0x5f,0x66,0x6c,0x48,0x65,0x69,0x67,0x68,0x74,0x18,0x04,0x20,0x40,
  0x48,0x20,0x22,0x18,0x08,0x00,0x12,0x0e,0x6d,0x5f,0x66,0x53,0x63,0x72,0x65,0x65,0x6e,0x46,0x6c,0x61,
  0x67,0x73,0x18,0x00,0x20,0x40,0x48,0x20,0x22,0x16,0x08,0x00,0x12,0x0c,0x6d,0x5f,0x6e,0x50,0x61,0x6e,
  0x65,0x6c,0x4e,0x61,0x6d,0x65,0x18,0x00,0x20,0x40,0x48,0x20,0x22,0x1c,0x08,0x00,0x12,0x12,0x6d,0x5f,
  0x6e,0x41,0x74,0x74,0x61,0x63,0x68,0x6d,0x65,0x6e,0x74,0x49,0x6e,0x64,0x65,0x78,0x18,0x00,0x20,0x40,
  0x48,0x20,0x22,0x1c,0x08,0x00,0x12,0x12,0x6d,0x5f,0x6e,0x4f,0x76,0x65,0x72,0x6c,0x61,0x79,0x4d,0x61,
  0x74,0x65,0x72,0x69,0x61,0x6c,0x18,0x00,0x20,0x40,0x48,0x20,0x22,0x18,0x08,0x00,0x12,0x0e,0x6d,0x5f,
  0x68,0x50,0x6c,0x61,0x79,0x65,0x72,0x4f,0x77,0x6e,0x65,0x72,0x18,0x00,0x20,0x40,0x48,0x20,0x09,0xdb,
  0x01,0x08,0x01,0x12,0x11,0x44,0x54,0x5f,0x56,0x6f,0x74,0x65,0x43,0x6f,0x6e,0x74,0x72,0x6f,0x6c,0x6c,
  0x65,0x72,0x18,0x00,0x22,0x20,0x08,0x06,0x12,0x09,0x62,0x61,0x73,0x65,0x63,0x6c,0x61,0x73,0x73,0x18,
  0x00,0x20,0x40,0x2a,0x0d,0x44,0x54,0x5f,0x42,0x61,0x73,0x65,0x45,0x6e,0x74,0x69,0x74,0x79,0x22,0x1d,
  0x08,0x00,0x12,0x13,0x6d,0x5f,0x69,0x41,0x63,0x74,0x69,0x76,0x65,0x49,0x73,0x73,0x75,0x65,0x49,0x6e,
  0x64,0x65,0x78,0x18,0x00,0x20,0x40,0x48,0x20,0x22,0x1b,0x08,0x00,0x12,0x11,0x6d,0x5f,0x69,0x4f,0x6e,
  0x6c,0x79,0x54,0x65,0x61,0x6d,0x54,0x6f,0x56,0x6f,0x74,0x65,0x18,0x00,0x20,0x40,0x48,0x20,0x22,0x0f,
  0x08,0x00,0x12,0x04,0x30,0x30,0x30,0x30,0x18,0x80,0x02,0x20,0x40,0x48,0x20,0x22,0x1c,0x08,0x05,0x12,
  0x12,0x6d,0x5f,0x6e,0x56,0x6f,0x74,0x65,0x4f,0x70,0x74,0x69,0x6f,0x6e,0x43,0x6f,0x75,0x6e,0x74,0x18,
  0x00,0x20,0x40,0x30,0x05,0x22,0x1b,0x08,0x00,0x12,0x11,0x6d,0x5f,0x6e,0x50,0x6f,0x74,0x65,0x6e,0x74,
  0x69,0x61,0x6c,0x56,0x6f,0x74,0x65,0x73,0x18,0x00,0x20,0x40,0x48,0x20,0x22,0x18,0x08,0x00,0x12,0x0e,
  0x6d,0x5f,0x62,0x49,0x73,0x59,0x65,0x73,0x4e,0x6f,0x56,0x6f,0x74,0x65,0x18,0x00,0x20,0x40,0x48,0x20,
  0x09,0x39,0x08,0x01,0x12,0x0e,0x44,0x54,0x5f,0x57,0x61,0x74,0x65,0x72,0x42,0x75,0x6c,0x6c,0x65,0x74,
  0x18,0x00,0x22,0x23,0x08,0x06,0x12,0x09,0x62,0x61,0x73,0x65,0x63,0x6c,0x61,0x73,0x73,0x18,0x00,0x20,
  0x40,0x2a,0x10,0x44,0x54,0x5f,0x42,0x61,0x73,0x65,0x41,0x6e,0x69,0x6d,0x61,0x74,0x69,0x6e,0x67,0x09,
  0x86,0x01,0x08,0x01,0x12,0x12,0x44,0x54,0x5f,0x57,0x61,0x74,0x65,0x72,0x4c,0x4f,0x44,0x43,0x6f,0x6e,
  0x74,0x72,0x6f,0x6c,0x18,0x00,0x22,0x20,0x08,0x06,0x12,0x09,0x62,0x61,0x73,0x65,0x63,0x6c,0x61,0x73,
  0x73,0x18,0x00,0x20,0x40,0x2a,0x0d,0x44,0x54,0x5f,0x42,0x61,0x73,0x65,0x45,0x6e,0x74,0x69,0x74,0x79,
  0x22,0x25,0x08,0x01,0x12,0x1b,0x6d,0x5f,0x66,0x6c,0x43,0x68,0x65,0x61,0x70,0x57,0x61,0x74,0x65,0x72,
  0x53,0x74,0x61,0x72,0x74,0x44,0x69,0x73,0x74,0x61,0x6e,0x63,0x65,0x18,0x04,0x20,0x40,0x48,0x20,0x22,
  0x23,0x08,0x01,0x12,0x19,0x6d,0x5f,0x66,0x6c,0x43,0x68,0x65,0x61,0x70,0x57,0x61,0x74,0x65,0x72,0x45,
  0x6e,0x64,0x44,0x69,0x73,0x74,0x61,0x6e,0x63,0x65,0x18,0x04,0x20,0x40,0x48,0x20,0x09,0x3a,0x08,0x01,
  0x12,0x0d,0x44,0x54,0x5f,0x57,0x65,0x61,0x70,0x6f,0x6e,0x41,0x4b,0x34,0x37,0x18,0x00,0x22,0x25,0x08,
  0x06,0x12,0x09,0x62,0x61,0x73,0x65,0x63,0x6c,0x61,0x73,0x73,0x18,0x00,0x20,0x40,0x2a,0x12,0x44,0x54,
  0x5f,0x57,0x65,0x61,0x70,0x6f,0x6e,0x43,0x53,0x42,0x61,0x73,0x65,0x47,0x75,0x6e,0x09,0x39,0x08,0x01,
  0x12,0x0c,0x44,0x54,0x5f,0x57,0x65,0x61,0x70,0x6f,0x6e,0x41,0x57,0x50,0x18,0x00,0x22,0x25,0x08,0x06,
  0x12,0x09,0x62,0x61,0x73,0x65,0x63,0x6c,0x61,0x73,0x73,0x18,0x00,0x20,0x40,0x2a,0x12,0x44,0x54,0x5f,
  0x57,0x65,0x61,0x70,0x6f,0x6e,0x43,0x53,0x42,0x61,0x73,0x65,0x47,0x75,0x6e,0x09,0x39,0x08,0x01,0x12,
  0x0c,0x44,0x54,0x5f,0x57,0x65,0x61,0x70,0x6f,0x6e,0x41,0x75,0x67,0x18,0x00,0x22,0x25,0x08,0x06,0x12,
  0x09,0x62,0x61,0x73,0x65,0x63,0x6c,0x61,0x73,0x73,0x18,0x00,0x20,0x40,0x2a,0x12,0x44,0x54,0x5f,0x57,
  0x65,0x61,0x70,0x6f,0x6e,0x43,0x53,0x42,0x61,0x73,0x65,0x47,0x75,0x6e,0x09,0x50,0x08,0x01,0x12,0x11,
  0x44,0x54,0x5f,0x57,0x65,0x61,0x70,0x6f,0x6e,0x42,0x61,0x73,0x65,0x49,0x74,0x65,0x6d,0x18,0x00,0x22,
  0x22,0x08,0x06,0x12,0x09,0x62,0x61,0x73,0x65,0x63,0x6c,0x61,0x73,0x73,0x18,0x00,0x20,0x40,0x2a,0x0f,
  0x44,0x54,0x5f,0x57,0x65,0x61,0x70,0x6f,0x6e,0x43,0x53,0x42,0x61,0x73,0x65,0x22,0x13,0x08,0x00,0x12,
  0x09,0x6d,0x5f,0x62,0x52,0x65,0x64,0x72,0x61,0x77,0x18,0x00,0x20,0x40,0x48,0x20,0x09,0x3b,0x08,0x01,
  0x12,0x0e,0x44,0x54,0x5f,0x57,0x65,0x61,0x70,0x6f,0x6e,0x42,0x69,0x7a,0x6f,0x6e,0x18,0x00,0x22,0x25,
  0x08,0x06,0x12,0x09,0x62,0x61,0x73,0x65,0x63,0x6c,0x61,0x73,0x73,0x18,0x00,0x20,0x40,0x2a,0x12,0x44,
  0x54,0x5f,0x57,0x65,0x61,0x70,0x6f,0x6e,0x43,0x53,0x42,0x61,0x73,0x65,0x47,0x75,0x6e,0x09,0xc2,0x01,
  0x08,0x01,0x12,0x0b,0x44,0x54,0x5f,0x57,0x65,0x61,0x70,0x6f,0x6e,0x43,0x34,0x18,0x00,0x22,0x22,0x08,
  0x06,0x12,0x09,0x62,0x61,0x73,0x65,0x63,0x6c,0x61,0x73,0x73,0x18,0x00,0x20,0x40,0x2a,0x0f,0x44,0x54,
  0x5f,0x57,0x65,0x61,0x70,0x6f,0x6e,0x43,0x53,0x42,0x61,0x73,0x65,0x22,0x1a,0x08,0x00,0x12,0x10,0x6d,
  0x5f,0x62,0x53,0x74,0x61,0x72,0x74,0x65,0x64,0x41,0x72,0x6d,0x69,0x6e,0x67,0x18,0x00,0x20,0x40,0x48,
  0x20,0x22,0x20,0x08,0x00,0x12,0x16,0x6d,0x5f,0x62,0x42,0x6f,0x6d,0x62,0x50,0x6c,0x61,0x63,0x65,0x64,
  0x41,0x6e,0x69,0x6d,0x61,0x74,0x69,0x6f,0x6e,0x18,0x00,0x20,0x40,0x48,0x20,0x22,0x16,0x08,0x01,0x12,
  0x0c,0x6d,0x5f,0x66,0x41,0x72,0x6d,0x65,0x64,0x54,0x69,0x6d,0x65,0x18,0x04,0x20,0x40,0x48,0x20,0x22,
  0x16,0x08,0x00,0x12,0x0c,0x6d,0x5f,0x62,0x53,0x68,0x6f,0x77,0x43,0x34,0x4c,0x45,0x44,0x18,0x00,0x20,
  0x40,0x48,0x20,0x22,0x1d,0x08,0x00,0x12,0x13,0x6d,0x5f,0x62,0x49,0x73,0x50,0x6c,0x61,0x6e,0x74,0x69,
  0x6e,0x67,0x56,0x69,0x61,0x55,0x73,0x65,0x18,0x00,0x20,0x40,0x48,0x20,0x09,0xb8,0x03,0x08,0x01,0x12,
  0x0f,0x44,0x54,0x5f,0x57,0x65,0x61,0x70,0x6f,0x6e,0x43,0x53,0x42,0x61,0x73,0x65,0x18,0x00,0x22,0x26,
  0x08,0x06,0x12,0x09,0x62,0x61,0x73,0x65,0x63,0x6c,0x61,0x73,0x73,0x18,0x00,0x20,0x40,0x2a,0x13,0x44,
  0x54,0x5f,0x42,0x61,0x73,0x65,0x43,0x6f,0x6d,0x62,0x61,0x74,0x57,0x65,0x61,0x70,0x6f,0x6e,0x22,0x16,
  0x08,0x00,0x12,0x0c,0x6d,0x5f,0x77,0x65,0x61,0x70,0x6f,0x6e,0x4d,0x6f,0x64,0x65,0x18,0x00,0x20,0x40,
  0x48,0x20,0x22,0x1c,0x08,0x01,0x12,0x12,0x6d,0x5f,0x66,0x41,0x63,0x63,0x75,0x72,0x61,0x63,0x79,0x50,
  0x65,0x6e,0x61,0x6c,0x74,0x79,0x18,0x04,0x20,0x40,0x48,0x20,0x22,0x19,0x08,0x01,0x12,0x0f,0x6d,0x5f,
  0x66,0x4c,0x61,0x73,0x74,0x53,0x68,0x6f,0x74,0x54,0x69,0x6d,0x65,0x18,0x04,0x20,0x40,0x48,0x20,0x22,
  0x18,0x08,0x00,0x12,0x0e,0x6d,0x5f,0x69,0x52,0x65,0x63,0x6f,0x69,0x6c,0x49,0x6e,0x64,0x65,0x78,0x18,
  0x00,0x20,0x40,0x48,0x20,0x22,0x19,0x08,0x01,0x12,0x0f,0x6d,0x5f,0x66,0x6c,0x52,0x65,0x63,0x6f,0x69,
  0x6c,0x49,0x6e,0x64,0x65,0x78,0x18,0x04,0x20,0x40,0x48,0x20,0x22,0x16,0x08,0x00,0x12,0x0c,0x6d,0x5f,
  0x68,0x50,0x72,0x65,0x76,0x4f,0x77,0x6e,0x65,0x72,0x18,0x00,0x20,0x40,0x48,0x20,0x22,0x16,0x08,0x00,
  0x12,0x0c,0x6d,0x5f,0x62,0x42,0x75,0x72,0x73,0x74,0x4d,0x6f,0x64,0x65,0x18,0x00,0x20,0x40,0x48,0x20,
  0x22,0x23,0x08,0x01,0x12,0x19,0x6d,0x5f,0x66,0x6c,0x50,0x6f,0x73,0x74,0x70,0x6f,0x6e,0x65,0x46,0x69,
  0x72,0x65,0x52,0x65,0x61,0x64,0x79,0x54,0x69,0x6d,0x65,0x18,0x04,0x20,0x40,0x48,0x20,0x22,0x23,0x08,
  0x00,0x12,0x19,0x6d,0x5f,0x62,0x52,0x65,0x6c,0x6f,0x61,0x64,0x56,0x69,0x73,0x75,0x61,0x6c,0x6c,0x79,
  0x43,0x6f,0x6d,0x70,0x6c,0x65,0x74,0x65,0x18,0x00,0x20,0x40,0x48,0x20,0x22,0x17,0x08,0x00,0x12,0x0d,
  0x6d,0x5f,0x62,0x53,0x69,0x6c,0x65,0x6e,0x63,0x65,0x72,0x4f,0x6e,0x18,0x00,0x20,0x40,0x48,0x20,0x22,
  0x23,0x08,0x01,0x12,0x19,0x6d,0x5f,0x66,0x6c,0x44,0x6f,0x6e,0x65,0x53,0x77,0x69,0x74,0x63,0x68,0x69,
  0x6e,0x67,0x53,0x69,0x6c,0x65,0x6e,0x63,0x65,0x72,0x18,0x04,0x20,0x40,0x48,0x20,0x22,0x1f,0x08,0x00,
  0x12,0x15,0x6d,0x5f,0x69,0x4f,0x72,0x69,0x67,0x69,0x6e,0x61,0x6c,0x54,0x65,0x61,0x6d,0x4e,0x75,0x6d,
  0x62,0x65,0x72,0x18,0x00,0x20,0x40,0x48,0x20,0x22,0x1a,0x08,0x00,0x12,0x10,0x6d,0x5f,0x69,0x49,0x72,
  0x6f,0x6e,0x53,0x69,0x67,0x68,0x74,0x4d,0x6f,0x64,0x65,0x18,0x00,0x20,0x40,0x48,0x20,0x09,0x75,0x08,
  0x01,0x12,0x12,0x44,0x54,0x5f,0x57,0x65,0x61,0x70,0x6f,0x6e,0x43,0x53,0x42,0x61,0x73,0x65,0x47,0x75,
  0x6e,0x18,0x00,0x22,0x22,0x08,0x06,0x12,0x09,0x62,0x61,0x73,0x65,0x63,0x6c,0x61,0x73,0x73,0x18,0x00,
  0x20,0x40,0x2a,0x0f,0x44,0x54,0x5f,0x57,0x65,0x61,0x70,0x6f,0x6e,0x43,0x53,0x42,0x61,0x73,0x65,0x22,
  0x15,0x08,0x00,0x12,0x0b,0x6d,0x5f,0x7a,0x6f,0x6f,0x6d,0x4c,0x65,0x76,0x65,0x6c,0x18,0x00,0x20,0x40,
  0x48,0x20,0x22,0x20,0x08,0x00,0x12,0x16,0x6d,0x5f,0x69,0x42,0x75,0x72,0x73,0x74,0x53,0x68,0x6f,0x74,
  0x73,0x52,0x65,0x6d,0x61,0x69,0x6e,0x69,0x6e,0x67,0x18,0x00,0x20,0x40,0x48,0x20,0x09,0x3e,0x08,0x01,
  0x12,0x10,0x44,0x54,0x5f,0x57,0x65,0x61,0x70,0x6f,0x6e,0x43,0x75,0x62,0x65,0x6d,0x61,0x70,0x18,0x00,
  0x22,0x26,0x08,0x06,0x12,0x09,0x62,0x61,0x73,0x65,0x63,0x6c,0x61,0x73,0x73,0x18,0x00,0x20,0x40,0x2a,
  0x13,0x44,0x54,0x5f,0x42,0x61,0x73,0x65,0x43,0x6f,0x6d,0x62,0x61,0x74,0x57,0x65,0x61,0x70,0x6f,0x6e,
  0x09,0x3d,0x08,0x01,0x12,0x0f,0x44,0x54,0x5f,0x57,0x65,0x61,0x70,0x6f,0x6e,0x43,0x79,0x63,0x6c,0x65,
  0x72,0x18,0x00,0x22,0x26,0x08,0x06,0x12,0x09,0x62,0x61,0x73,0x65,0x63,0x6c,0x61,0x73,0x73,0x18,0x00,
  0x20,0x40,0x2a,0x13,0x44,0x54,0x5f,0x42,0x61,0x73,0x65,0x43,0x6f,0x6d,0x62,0x61,0x74,0x57,0x65,0x61,
  0x70,0x6f,0x6e,0x09,0x3c,0x08,0x01,0x12,0x0f,0x44,0x54,0x5f,0x57,0x65,0x61,0x70,0x6f,0x6e,0x44,0x45,
  0x61,0x67,0x6c,0x65,0x18,0x00,0x22,0x25,0x08,0x06,0x12,0x09,0x62,0x61,0x73,0x65,0x63,0x6c,0x61,0x73,
  0x73,0x18,0x00,0x20,0x40,0x2a,0x12,0x44,0x54,0x5f,0x57,0x65,0x61,0x70,0x6f,0x6e,0x43,0x53,0x42,0x61,
  0x73,0x65,0x47,0x75,0x6e,0x09,0x3b,0x08,0x01,0x12,0x0e,0x44,0x54,0x5f,0x57,0x65,0x61,0x70,0x6f,0x6e,
  0x45,0x6c,0x69,0x74,0x65,0x18,0x00,0x22,0x25,0x08,0x06,0x12,0x09,0x62,0x61,0x73,0x65,0x63,0x6c,0x61,
  0x73,0x73,0x18,0x00,0x20,0x40,0x2a,0x12,0x44,0x54,0x5f,0x57,0x65,0x61,0x70,0x6f,0x6e,0x43,0x53,0x42,
  0x61,0x73,0x65,0x47,0x75,0x6e,0x09,0x3b,0x08,0x01,0x12,0x0e,0x44,0x54,0x5f,0x57,0x65,0x61,0x70,0x6f,
  0x6e,0x46,0x61,0x6d,0x61,0x73,0x18,0x00,0x22,0x25,0x08,0x06,0x12,0x09,0x62,0x61,0x73,0x65,0x63,0x6c,
  0x61,0x73,0x73,0x18,0x00,0x20,0x40,0x2a,0x12,0x44,0x54,0x5f,0x57,0x65,0x61,0x70,0x6f,0x6e,0x43,0x53,
  0x42,0x61,0x73,0x65,0x47,0x75,0x6e,0x09,0x3f,0x08,0x01,0x12,0x12,0x44,0x54,0x5f,0x57,0x65,0x61,0x70,
  0x6f,0x6e,0x46,0x69,0x76,0x65,0x53,0x65,0x76,0x65,0x6e,0x18,0x00,0x22,0x25,0x08,0x06,0x12,0x09,0x62,
  0x61,0x73,0x65,0x63,0x6c,0x61,0x73,0x73,0x18,0x00,0x20,0x40,0x2a,0x12,0x44,0x54,0x5f,0x57,0x65,0x61,
  0x70,0x6f,0x6e,0x43,0x53,0x42,0x61,0x73,0x65,0x47,0x75,0x6e,0x09,0x3b,0x08,0x01,0x12,0x0e,0x44,0x54,
  0x5f,0x57,0x65,0x61,0x70,0x6f,0x6e,0x47,0x33,0x53,0x47,0x31,0x18,0x00,0x22,0x25,0x08,0x06,0x12,0x09,
  0x62,0x61,0x73,0x65,0x63,0x6c,0x61,0x73,0x73,0x18,0x00,0x20,0x40,0x2a,0x12,0x44,0x54,0x5f,0x57,0x65,
  0x61,0x70,0x6f,0x6e,0x43,0x53,0x42,0x61,0x73,0x65,0x47,0x75,0x6e,0x09,0x3b,0x08,0x01,0x12,0x0e,0x44,
  0x54,0x5f,0x57,0x65,0x61,0x70,0x6f,0x6e,0x47,0x61,0x6c,0x69,0x6c,0x18,0x00,0x22,0x25,0x08,0x06,0x12,
  0x09,0x62,0x61,0x73,0x65,0x63,0x6c,0x61,0x73,0x73,0x18,0x00,0x20,0x40,0x2a,0x12,0x44,0x54,0x5f,0x57,
  0x65,0x61,0x70,0x6f,0x6e,0x43,0x53,0x42,0x61,0x73,0x65,0x47,0x75,0x6e,0x09,0x3d,0x08,0x01,0x12,0x10,
  0x44,0x54,0x5f,0x57,0x65,0x61,0x70,0x6f,0x6e,0x47,0x61,0x6c,0x69,0x6c,0x41,0x52,0x18,0x00,0x22,0x25,
  0x08,0x06,0x12,0x09,0x62,0x61,0x73,0x65,0x63,0x6c,0x61,0x73,0x73,0x18,0x00,0x20,0x40,0x2a,0x12,0x44,
  0x54,0x5f,0x57,0x65,0x61,0x70,0x6f,0x6e,0x43,0x53,0x42,0x61,0x73,0x65,0x47,0x75,0x6e,0x09,0x3b,0x08,
  0x01,0x12,0x0e,0x44,0x54,0x5f,0x57,0x65,0x61,0x70,0x6f,0x6e,0x47,0x6c,0x6f,0x63,0x6b,0x18,0x00,0x22,
  0x25,0x08,0x06,0x12,0x09,0x62,0x61,0x73,0x65,0x63,0x6c,0x61,0x73,0x73,0x18,0x00,0x20,0x40,0x2a,0x12,
  0x44,0x54,0x5f,0x57,0x65,0x61,0x70,0x6f,0x6e,0x43,0x53,0x42,0x61,0x73,0x65,0x47,0x75,0x6e,0x09,0x3d,
  0x08,0x01,0x12,0x10,0x44,0x54,0x5f,0x57,0x65,0x61,0x70,0x6f,0x6e,0x48,0x4b,0x50,0x32,0x30,0x30,0x30,
  0x18,0x00,0x22,0x25,0x08,0x06,0x12,0x09,0x62,0x61,0x73,0x65,0x63,0x6c,0x61,0x73,0x73,0x18,0x00,0x20,
  0x40,0x2a,0x12,0x44,0x54,0x5f,0x57,0x65,0x61,0x70,0x6f,0x6e,0x43,0x53,0x42,0x61,0x73,0x65,0x47,0x75,
  0x6e,0x09,0x38,0x08,0x01,0x12,0x0e,0x44,0x54,0x5f,0x57,0x65,0x61,0x70,0x6f,0x6e,0x4b,0x6e,0x69,0x66,
  0x65,0x18,0x00,0x22,0x22,0x08,0x06,0x12,0x09,0x62,0x61,0x73,0x65,0x63,0x6c,0x61,0x73,0x73,0x18,0x00,
  0x20,0x40,0x2a,0x0f,0x44,0x54,0x5f,0x57,0x65,0x61,0x70,0x6f,0x6e,0x43,0x53,0x42,0x61,0x73,0x65,0x09,
  0x39,0x08,0x01,0x12,0x10,0x44,0x54,0x5f,0x57,0x65,0x61,0x70,0x6f,0x6e,0x4b,0x6e,0x69,0x66,0x65,0x47,
  0x47,0x18,0x00,0x22,0x21,0x08,0x06,0x12,0x09,0x62,0x61,0x73,0x65,0x63,0x6c,0x61,0x73,0x73,0x18,0x00,
  0x20,0x40,0x2a,0x0e,0x44,0x54,0x5f,0x57,0x65,0x61,0x70,0x6f,0x6e,0x4b,0x6e,0x69,0x66,0x65,0x09,0x3a,
  0x08,0x01,0x12,0x0d,0x44,0x54,0x5f,0x57,0x65,0x61,0x70,0x6f,0x6e,0x4d,0x32,0x34,0x39,0x18,0x00,0x22,
  0x25,0x08,0x06,0x12,0x09,0x62,0x61,0x73,0x65,0x63,0x6c,0x61,0x73,0x73,0x18,0x00,0x20,0x40,0x2a,0x12,
  0x44,0x54,0x5f,0x57,0x65,0x61,0x70,0x6f,0x6e,0x43,0x53,0x42,0x61,0x73,0x65,0x47,0x75,0x6e,0x09,0x4e,
  0x08,0x01,0x12,0x0b,0x44,0x54,0x5f,0x57,0x65,0x61,0x70,0x6f,0x6e,0x4d,0x33,0x18,0x00,0x22,0x22,0x08,
  0x06,0x12,0x09,0x62,0x61,0x73,0x65,0x63,0x6c,0x61,0x73,0x73,0x18,0x00,0x20,0x40,0x2a,0x0f,0x44,0x54,
  0x5f,0x57,0x65,0x61,0x70,0x6f,0x6e,0x43,0x53,0x42,0x61,0x73,0x65,0x22,0x17,0x08,0x00,0x12,0x0d,0x6d,
  0x5f,0x72,0x65,0x6c,0x6f,0x61,0x64,0x53,0x74,0x61,0x74,0x65,0x18,0x00,0x20,0x40,0x48,0x20,0x09,0x3a,
  0x08,0x01,0x12,0x0d,0x44,0x54,0x5f,0x57,0x65,0x61,0x70,0x6f,0x6e,0x4d,0x34,0x41,0x31,0x18,0x00,0x22,
  0x25,0x08,0x06,0x12,0x09,0x62,0x61,0x73,0x65,0x63,0x6c,0x61,0x73,0x73,0x18,0x00,0x20,0x40,0x2a,0x12,
  0x44,0x54,0x5f,0x57,0x65,0x61,0x70,0x6f,0x6e,0x43,0x53,0x42,0x61,0x73,0x65,0x47,0x75,0x6e,0x09,0x3b,
  0x08,0x01,0x12,0x0e,0x44,0x54,0x5f,0x57,0x65,0x61,0x70,0x6f,0x6e,0x4d,0x41,0x43,0x31,0x30,0x18,0x00,
  0x22,0x25,0x08,0x06,0x12,0x09,0x62,0x61,0x73,0x65,0x63,0x6c,0x61,0x73,0x73,0x18,0x00,0x20,0x40,0x2a,
  0x12,0x44,0x54,0x5f,0x57,0x65,0x61,0x70,0x6f,0x6e,0x43,0x53,0x42,0x61,0x73,0x65,0x47,0x75,0x6e,0x09,
  0x3d,0x08,0x01,0x12,0x10,0x44,0x54,0x5f,0x57,0x65,0x61,0x70,0x6f,0x6e,0x4d,0x50,0x35,0x4e,0x61,0x76,
  0x79,0x18,0x00,0x22,0x25,0x08,0x06,0x12,0x09,0x62,0x61,0x73,0x65,0x63,0x6c,0x61,0x73,0x73,0x18,0x00,
  0x20,0x40,0x2a,0x12,0x44,0x54,0x5f,0x57,0x65,0x61,0x70,0x6f,0x6e,0x43,0x53,0x42,0x61,0x73,0x65,0x47,
  0x75,0x6e,0x09,0x39,0x08,0x01,0x12,0x0c,0x44,0x54,0x5f,0x57,0x65,0x61,0x70,0x6f,0x6e,0x4d,0x50,0x37,
  0x18,0x00,0x22,0x25,0x08,0x06,0x12,0x09,0x62,0x61,0x73,0x65,0x63,0x6c,0x61,0x73,0x73,0x18,0x00,0x20,
  0x40,0x2a,0x12,0x44,0x54,0x5f,0x57,0x65,0x61,0x70,0x6f,0x6e,0x43,0x53,0x42,0x61,0x73,0x65,0x47,0x75,
  0x6e,0x09,0x39,0x08,0x01,0x12,0x0c,0x44,0x54,0x5f,0x57,0x65,0x61,0x70,0x6f,0x6e,0x4d,0x50,0x39,0x18,
  0x00,0x22,0x25,0x08,0x06,0x12,0x09,0x62,0x61,0x73,0x65,0x63,0x6c,0x61,0x73,0x73,0x18,0x00,0x20,0x40,
  0x2a,0x12,0x44,0x54,0x5f,0x57,0x65,0x61,0x70,0x6f,0x6e,0x43,0x53,0x42,0x61,0x73,0x65,0x47,0x75,0x6e,
  0x09,0x3a,0x08,0x01,0x12,0x0d,0x44,0x54,0x5f,0x57,0x65,0x61,0x70,0x6f,0x6e,0x4d,0x61,0x67,0x37,0x18,
  0x00,0x22,0x25,0x08,0x06,0x12,0x09,0x62,0x61,0x73,0x65,0x63,0x6c,0x61,0x73,0x73,0x18,0x00,0x20,0x40,
  0x2a,0x12,0x44,0x54,0x5f,0x57,0x65,0x61,0x70,0x6f,0x6e,0x43,0x53,0x42,0x61,0x73,0x65,0x47,0x75,0x6e,
  0x09,0x50,0x08,0x01,0x12,0x0d,0x44,0x54,0x5f,0x57,0x65,0x61,0x70,0x6f,0x6e,0x4e,0x4f,0x56,0x41,0x18,
  0x00,0x22,0x22,0x08,0x06,0x12,0x09,0x62,0x61,0x73,0x65,0x63,0x6c,0x61,0x73,0x73,0x18,0x00,0x20,0x40,
  0x2a,0x0f,0x44,0x54,0x5f,0x57,0x65,0x61,0x70,0x6f,0x6e,0x43,0x53,0x42,0x61,0x73,0x65,0x22,0x17,0x08,
  0x00,0x12,0x0d,0x6d,0x5f,0x72,0x65,0x6c,0x6f,0x61,0x64,0x53,0x74,0x61,0x74,0x65,0x18,0x00,0x20,0x40,
  0x48,0x20,0x09,0x3b,0x08,0x01,0x12,0x0e,0x44,0x54,0x5f,0x57,0x65,0x61,0x70,0x6f,0x6e,0x4e,0x65,0x67,
  0x65,0x76,0x18,0x00,0x22,0x25,0x08,0x06,0x12,0x09,0x62,0x61,0x73,0x65,0x63,0x6c,0x61,0x73,0x73,0x18,
  0x00,0x20,0x40,0x2a,0x12,0x44,0x54,0x5f,0x57,0x65,0x61,0x70,0x6f,0x6e,0x43,0x53,0x42,0x61,0x73,0x65,
  0x47,0x75,0x6e,0x09,0x3a,0x08,0x01,0x12,0x0d,0x44,0x54,0x5f,0x57,0x65,0x61,0x70,0x6f,0x6e,0x50,0x32,
  0x32,0x38,0x18,0x00,0x22,0x25,0x08,0x06,0x12,0x09,0x62,0x61,0x73,0x65,0x63,0x6c,0x61,0x73,0x73,0x18,
  0x00,0x20,0x40,0x2a,0x12,0x44,0x54,0x5f,0x57,0x65,0x61,0x70,0x6f,0x6e,0x43,0x53,0x42,0x61,0x73,0x65,
  0x47,0x75,0x6e,0x09,0x3a,0x08,0x01,0x12,0x0d,0x44,0x54,0x5f,0x57,0x65,0x61,0x70,0x6f,0x6e,0x50,0x32,
  0x35,0x30,0x18,0x00,0x22,0x25,0x08,0x06,0x12,0x09,0x62,0x61,0x73,0x65,0x63,0x6c,0x61,0x73,0x73,0x18,
  0x00,0x20,0x40,0x2a,0x12,0x44,0x54,0x5f,0x57,0x65,0x61,0x70,0x6f,0x6e,0x43,0x53,0x42,0x61,0x73,0x65,
  0x47,0x75,0x6e,0x09,0x39,0x08,0x01,0x12,0x0c,0x44,0x54,0x5f,0x57,0x65,0x61,0x70,0x6f,0x6e,0x50,0x39,
  0x30,0x18,0x00,0x22,0x25,0x08,0x06,0x12,0x09,0x62,0x61,0x73,0x65,0x63,0x6c,0x61,0x73,0x73,0x18,0x00,
  0x20,0x40,0x2a,0x12,0x44,0x54,0x5f,0x57,0x65,0x61,0x70,0x6f,0x6e,0x43,0x53,0x42,0x61,0x73,0x65,0x47,
  0x75,0x6e,0x09,0x3c,0x08,0x01,0x12,0x0f,0x44,0x54,0x5f,0x57,0x65,0x61,0x70,0x6f,0x6e,0x53,0x43,0x41,
  0x52,0x31,0x37,0x18,0x00,0x22,0x25,0x08,0x06,0x12,0x09,0x62,0x61,0x73,0x65,0x63,0x6c,0x61,0x73,0x73,
  0x18,0x00,0x20,0x40,0x2a,0x12,0x44,0x54,0x5f,0x57,0x65,0x61,0x70,0x6f,0x6e,0x43,0x53,0x42,0x61,0x73,
  0x65,0x47,0x75,0x6e,0x09,0x3c,0x08,0x01,0x12,0x0f,0x44,0x54,0x5f,0x57,0x65,0x61,0x70,0x6f,0x6e,0x53,
  0x43,0x41,0x52,0x32,0x30,0x18,0x00,0x22,0x25,0x08,0x06,0x12,0x09,0x62,0x61,0x73,0x65,0x63,0x6c,0x61,
  0x73,0x73,0x18,0x00,0x20,0x40,0x2a,0x12,0x44,0x54,0x5f,0x57,0x65,0x61,0x70,0x6f,0x6e,0x43,0x53,0x42,
  0x61,0x73,0x65,0x47,0x75,0x6e,0x09,0x3b,0x08,0x01,0x12,0x0e,0x44,0x54,0x5f,0x57,0x65,0x61,0x70,0x6f,
  0x6e,0x53,0x47,0x35,0x35,0x30,0x18,0x00,0x22,0x25,0x08,0x06,0x12,0x09,0x62,0x61,0x73,0x65,0x63,0x6c,
  0x61,0x73,0x73,0x18,0x00,0x20,0x40,0x2a,0x12,0x44,0x54,0x5f,0x57,0x65,0x61,0x70,0x6f,0x6e,0x43,0x53,
  0x42,0x61,0x73,0x65,0x47,0x75,0x6e,0x09,0x3b,0x08,0x01,0x12,0x0e,0x44,0x54,0x5f,0x57,0x65,0x61,0x70,
  0x6f,0x6e,0x53,0x47,0x35,0x35,0x32,0x18,0x00,0x22,0x25,0x08,0x06,0x12,0x09,0x62,0x61,0x73,0x65,0x63,
  0x6c,0x61,0x73,0x73,0x18,0x00,0x20,0x40,0x2a,0x12,0x44,0x54,0x5f,0x57,0x65,0x61,0x70,0x6f,0x6e,0x43,
  0x53,0x42,0x61,0x73,0x65,0x47,0x75,0x6e,0x09,0x3b,0x08,0x01,0x12,0x0e,0x44,0x54,0x5f,0x57,0x65,0x61,
  0x70,0x6f,0x6e,0x53,0x47,0x35,0x35,0x36,0x18,0x00,0x22,0x25,0x08,0x06,0x12,0x09,0x62,0x61,0x73,0x65,
  0x63,0x6c,0x61,0x73,0x73,0x18,0x00,0x20,0x40,0x2a,0x12,0x44,0x54,0x5f,0x57,0x65,0x61,0x70,0x6f,0x6e,
  0x43,0x53,0x42,0x61,0x73,0x65,0x47,0x75,0x6e,0x09,0x3b,0x08,0x01,0x12,0x0e,0x44,0x54,0x5f,0x57,0x65,
  0x61,0x70,0x6f,0x6e,0x53,0x53,0x47,0x30,0x38,0x18,0x00,0x22,0x25,0x08,0x06,0x12,0x09,0x62,0x61,0x73,
  0x65,0x63,0x6c,0x61,0x73,0x73,0x18,0x00,0x20,0x40,0x2a,0x12,0x44,0x54,0x5f,0x57,0x65,0x61,0x70,0x6f,
  0x6e,0x43,0x53,0x42,0x61,0x73,0x65,0x47,0x75,0x6e,0x09,0x54,0x08,0x01,0x12,0x11,0x44,0x54,0x5f,0x57,
  0x65,0x61,0x70,0x6f,0x6e,0x53,0x61,0x77,0x65,0x64,0x6f,0x66,0x66,0x18,0x00,0x22,0x22,0x08,0x06,0x12,
  0x09,0x62,0x61,0x73,0x65,0x63,0x6c,0x61,0x73,0x73,0x18,0x00,0x20,0x40,0x2a,0x0f,0x44,0x54,0x5f,0x57,
  0x65,0x61,0x70,0x6f,0x6e,0x43,0x53,0x42,0x61,0x73,0x65,0x22,0x17,0x08,0x00,0x12,0x0d,0x6d,0x5f,0x72,
  0x65,0x6c,0x6f,0x61,0x64,0x53,0x74,0x61,0x74,0x65,0x18,0x00,0x20,0x40,0x48,0x20,0x09,0x3b,0x08,0x01,
  0x12,0x0e,0x44,0x54,0x5f,0x57,0x65,0x61,0x70,0x6f,0x6e,0x53,0x63,0x6f,0x75,0x74,0x18,0x00,0x22,0x25,
  0x08,0x06,0x12,0x09,0x62,0x61,0x73,0x65,0x63,0x6c,0x61,0x73,0x73,0x18,0x00,0x20,0x40,0x2a,0x12,0x44,
  0x54,0x5f,0x57,0x65,0x61,0x70,0x6f,0x6e,0x43,0x53,0x42,0x61,0x73,0x65,0x47,0x75,0x6e,0x09,0x39,0x08,
  0x01,0x12,0x0c,0x44,0x54,0x5f,0x57,0x65,0x61,0x70,0x6f,0x6e,0x54,0x4d,0x50,0x18,0x00,0x22,0x25,0x08,
  0x06,0x12,0x09,0x62,0x61,0x73,0x65,0x63,0x6c,0x61,0x73,0x73,0x18,0x00,0x20,0x40,0x2a,0x12,0x44,0x54,
  0x5f,0x57,0x65,0x61,0x70,0x6f,0x6e,0x43,0x53,0x42,0x61,0x73,0x65,0x47,0x75,0x6e,0x09,0x52,0x08,0x01,
  0x12,0x0e,0x44,0x54,0x5f,0x57,0x65,0x61,0x70,0x6f,0x6e,0x54,0x61,0x73,0x65,0x72,0x18,0x00,0x22,0x25,
  0x08,0x06,0x12,0x09,0x62,0x61,0x73,0x65,0x63,0x6c,0x61,0x73,0x73,0x18,0x00,0x20,0x40,0x2a,0x12,0x44,
  0x54,0x5f,0x57,0x65,0x61,0x70,0x6f,0x6e,0x43,0x53,0x42,0x61,0x73,0x65,0x47,0x75,0x6e,0x22,0x15,0x08,
  0x01,0x12,0x0b,0x6d,0x5f,0x66,0x46,0x69,0x72,0x65,0x54,0x69,0x6d,0x65,0x18,0x04,0x20,0x40,0x48,0x20,
  0x09,0x3a,0x08,0x01,0x12,0x0d,0x44,0x54,0x5f,0x57,0x65,0x61,0x70,0x6f,0x6e,0x54,0x65,0x63,0x39,0x18,
  0x00,0x22,0x25,0x08,0x06,0x12,0x09,0x62,0x61,0x73,0x65,0x63,0x6c,0x61,0x73,0x73,0x18,0x00,0x20,0x40,
  0x2a,0x12,0x44,0x54,0x5f,0x57,0x65,0x61,0x70,0x6f,0x6e,0x43,0x53,0x42,0x61,0x73,0x65,0x47,0x75,0x6e,
  0x09,0x3b,0x08,0x01,0x12,0x0e,0x44,0x54,0x5f,0x57,0x65,0x61,0x70,0x6f,0x6e,0x55,0x4d,0x50,0x34,0x35,
  0x18,0x00,0x22,0x25,0x08,0x06,0x12,0x09,0x62,0x61,0x73,0x65,0x63,0x6c,0x61,0x73,0x73,0x18,0x00,0x20,
  0x40,0x2a,0x12,0x44,0x54,0x5f,0x57,0x65,0x61,0x70,0x6f,0x6e,0x43,0x53,0x42,0x61,0x73,0x65,0x47,0x75,
  0x6e,0x09,0x39,0x08,0x01,0x12,0x0c,0x44,0x54,0x5f,0x57,0x65,0x61,0x70,0x6f,0x6e,0x55,0x53,0x50,0x18,
  0x00,0x22,0x25,0x08,0x06,0x12,0x09,0x62,0x61,0x73,0x65,0x63,0x6c,0x61,0x73,0x73,0x18,0x00,0x20,0x40,
  0x2a,0x12,0x44,0x54,0x5f,0x57,0x65,0x61,0x70,0x6f,0x6e,0x43,0x53,0x42,0x61,0x73,0x65,0x47,0x75,0x6e,
  0x09,0x52,0x08,0x01,0x12,0x0f,0x44,0x54,0x5f,0x57,0x65,0x61,0x70,0x6f,0x6e,0x58,0x4d,0x31,0x30,0x31,
  0x34,0x18,0x00,0x22,0x22,0x08,0x06,0x12,0x09,0x62,0x61,0x73,0x65,0x63,0x6c,0x61,0x73,0x73,0x18,0x00,
  0x20,0x40,0x2a,0x0f,0x44,0x54,0x5f,0x57,0x65,0x61,0x70,0x6f,0x6e,0x43,0x53,0x42,0x61,0x73,0x65,0x22,
  0x17,0x08,0x00,0x12,0x0d,0x6d,0x5f,0x72,0x65,0x6c,0x6f,0x61,0x64,0x53,0x74,0x61,0x74,0x65,0x18,0x00,
  0x20,0x40,0x48,0x20,0x09,0x37,0x08,0x01,0x12,0x0f,0x44,0x54,0x5f,0x57,0x65,0x61,0x72,0x61,0x62,0x6c,
  0x65,0x49,0x74,0x65,0x6d,0x18,0x00,0x22,0x20,0x08,0x06,0x12,0x09,0x62,0x61,0x73,0x65,0x63,0x6c,0x61,
  0x73,0x73,0x18,0x00,0x20,0x40,0x2a,0x0d,0x44,0x54,0x5f,0x45,0x63,0x6f,0x6e,0x45,0x6e,0x74,0x69,0x74,
  0x79,0x09,0xf1,0x02,0x08,0x01,0x12,0x08,0x44,0x54,0x5f,0x57,0x6f,0x72,0x6c,0x64,0x18,0x00,0x22,0x20,
  0x08,0x06,0x12,0x09,0x62,0x61,0x73,0x65,0x63,0x6c,0x61,0x73,0x73,0x18,0x00,0x20,0x40,0x2a,0x0d,0x44,
  0x54,0x5f,0x42,0x61,0x73,0x65,0x45,0x6e,0x74,0x69,0x74,0x79,0x22,0x18,0x08,0x01,0x12,0x0e,0x6d,0x5f,
  0x66,0x6c,0x57,0x61,0x76,0x65,0x48,0x65,0x69,0x67,0x68,0x74,0x18,0x04,0x20,0x40,0x48,0x20,0x22,0x15,
  0x08,0x02,0x12,0x0b,0x6d,0x5f,0x57,0x6f,0x72,0x6c,0x64,0x4d,0x69,0x6e,0x73,0x18,0x04,0x20,0x40,0x48,
  0x00,0x22,0x15,0x08,0x02,0x12,0x0b,0x6d,0x5f,0x57,0x6f,0x72,0x6c,0x64,0x4d,0x61,0x78,0x73,0x18,0x04,
  0x20,0x40,0x48,0x00,0x22,0x16,0x08,0x00,0x12,0x0c,0x6d,0x5f,0x62,0x53,0x74,0x61,0x72,0x74,0x44,0x61,
  0x72,0x6b,0x18,0x00,0x20,0x40,0x48,0x20,0x22,0x1d,0x08,0x01,0x12,0x13,0x6d,0x5f,0x66,0x6c,0x4d,0x61,
  0x78,0x4f,0x63,0x63,0x6c,0x75,0x64,0x65,0x65,0x41,0x72,0x65,0x61,0x18,0x04,0x20,0x40,0x48,0x20,0x22,
  0x1d,0x08,0x01,0x12,0x13,0x6d,0x5f,0x66,0x6c,0x4d,0x69,0x6e,0x4f,0x63,0x63,0x6c,0x75,0x64,0x65,0x72,
  0x41,0x72,0x65,0x61,0x18,0x04,0x20,0x40,0x48,0x20,0x22,0x25,0x08,0x01,0x12,0x1b,0x6d,0x5f,0x66,0x6c,
  0x4d,0x61,0x78,0x50,0x72,0x6f,0x70,0x53,0x63,0x72,0x65,0x65,0x6e,0x53,0x70,0x61,0x63,0x65,0x57,0x69,
  0x64,0x74,0x68,0x18,0x04,0x20,0x40,0x48,0x20,0x22,0x25,0x08,0x01,0x12,0x1b,0x6d,0x5f,0x66,0x6c,0x4d,
  0x69,0x6e,0x50,0x72,0x6f,0x70,0x53,0x63,0x72,0x65,0x65,0x6e,0x53,0x70,0x61,0x63,0x65,0x57,0x69,0x64,
  0x74,0x68,0x18,0x04,0x20,0x40,0x48,0x20,0x22,0x23,0x08,0x04,0x12,0x19,0x6d,0x5f,0x69,0x73,0x7a,0x44,
  0x65,0x74,0x61,0x69,0x6c,0x53,0x70,0x72,0x69,0x74,0x65,0x4d,0x61,0x74,0x65,0x72,0x69,0x61,0x6c,0x18,
  0x00,0x20,0x40,0x48,0x00,0x22,0x16,0x08,0x00,0x12,0x0c,0x6d,0x5f,0x62,0x43,0x6f,0x6c,0x64,0x57,0x6f,
  0x72,0x6c,0x64,0x18,0x00,0x20,0x40,0x48,0x20,0x22,0x16,0x08,0x00,0x12,0x0c,0x6d,0x5f,0x69,0x54,0x69,
  0x6d,0x65,0x4f,0x66,0x44,0x61,0x79,0x18,0x00,0x20,0x40,0x48,0x20,
};

typedef struct { unsigned int name_hash; unsigned int off; unsigned int len; } dt_entry;
static const dt_entry g_dt_index[DT_BLOB_TABLES] = {
  { 0x2cbd49e3u, 0u, 16u }, /* DT_Empty */
  { 0x77fffa7au, 16u, 25u }, /* DT_BaseTempEntity */
  { 0x885db665u, 41u, 25u }, /* DT_GameRulesProxy */
  { 0x337eca4bu, 66u, 362u }, /* DT_AI_BaseNPC */
  { 0x054aff69u, 428u, 708u }, /* DT_BaseAnimating */
  { 0xa4e09ef9u, 1136u, 89u }, /* DT_Animationlayer */
  { 0xfbc2c5c0u, 1225u, 128u }, /* DT_OverlayVars */
  { 0x1aa6da7fu, 1353u, 106u }, /* DT_BaseAnimatingOverlay */
  { 0x07d0e389u, 1459u, 97u }, /* DT_ScriptCreatedAttribute */
  { 0xbf2c8704u, 1556u, 420u }, /* DT_ScriptCreatedItem */
  { 0xece4b9a1u, 1976u, 726u }, /* DT_AttributeManager */
  { 0xcd2ed041u, 2702u, 117u }, /* DT_BaseAttributableItem */
  { 0x9e76422cu, 2819u, 321u }, /* DT_BaseBeam */
  { 0x43d0157bu, 3140u, 75u }, /* DT_BaseButton */
  { 0x7384d671u, 3215u, 222u }, /* DT_BaseCSGrenade */
  { 0x56cf550eu, 3437u, 121u }, /* DT_BaseCSGrenadeProjectile */
  { 0xd4b70d2bu, 3558u, 251u }, /* DT_BCCNonLocalPlayerExclusive */
  { 0x9195ac5cu, 3809u, 331u }, /* DT_BCCLocalPlayerExclusive */
  { 0x97f07a62u, 4140u, 113u }, /* DT_BaseCombatCharacter */
  { 0x032ba761u, 4253u, 691u }, /* DT_LocalWeaponData */
  { 0xf2f193b3u, 4944u, 106u }, /* DT_BaseCombatWeapon */
  { 0x1675c9f3u, 5050u, 79u }, /* DT_BaseDoor */
  { 0x55cf9c5bu, 5129u, 764u }, /* DT_CollisionProperty */
  { 0xa1a40920u, 5893u, 1415u }, /* DT_AnimTimeMustBeFirst */
  { 0x1eee87ccu, 7308u, 74u }, /* DT_BaseEntity */
  { 0xac00ede4u, 7382u, 154u }, /* DT_BaseFlex */
  { 0xf95c0843u, 7536u, 193u }, /* DT_BaseGrenade */
  { 0x619bb1d2u, 7729u, 63u }, /* DT_BaseParticleEntity */
  { 0x3be75595u, 7792u, 2036u }, /* DT_Local */
  { 0x38791ab8u, 9828u, 1136u }, /* DT_PlayerState */
  { 0xa378ce58u, 10964u, 3219u }, /* DT_LocalPlayerExclusive */
  { 0x4e9f1122u, 14183u, 108u }, /* DT_BasePlayer */
  { 0xd32407f2u, 14291u, 58u }, /* DT_BasePropDoor */
  { 0xaff7b52du, 14349u, 1149u }, /* DT_BaseTeamObjectiveResource */
  { 0xbabf4037u, 15498u, 138u }, /* DT_BaseToggle */
  { 0xb3a79bddu, 15636u, 114u }, /* DT_BaseTrigger */
  { 0xe8cf1ee0u, 15750u, 64u }, /* DT_BaseVPhysicsTrigger */
  { 0x22961f03u, 15814u, 401u }, /* DT_BaseViewModel */
  { 0xf9fe877eu, 16215u, 153u }, /* DT_BaseWeaponWorldModel */
  { 0xfbf7c861u, 16368u, 624u }, /* DT_Beam */
  { 0x14674653u, 16992u, 292u }, /* DT_BeamSpotlight */
  { 0x90fdf926u, 17284u, 105u }, /* DT_BoneFollower */
  { 0x69eaffe8u, 17389u, 131u }, /* DT_BreakableProp */
  { 0x1a5c4c4cu, 17520u, 296u }, /* DT_BreakableSurface */
  { 0x33e62e12u, 17816u, 103u }, /* DT_CChicken */
  { 0x2e94d96du, 17919u, 177u }, /* DT_CFish */
  { 0xa921a4a0u, 18096u, 358u }, /* DT_CHostage */
  { 0x271d0a29u, 18454u, 2936u }, /* DT_CSGameRules */
  { 0xeecb237fu, 21390u, 108u }, /* DT_CSGameRulesProxy */
  { 0xc04fe73du, 21498u, 3261u }, /* DT_CSTeam */
  { 0x6d9741c5u, 24759u, 3360u }, /* DT_CSNonLocalPlayerExclusive */
  { 0xc181ed36u, 28119u, 3756u }, /* DT_CSLocalPlayerExclusive */
  { 0x72e242a1u, 31875u, 101u }, /* DT_CSPlayer */
  { 0x73940841u, 31976u, 1347u }, /* DT_CSPlayerResource */
  { 0x2aafa737u, 33323u, 349u }, /* DT_CSRagdoll */
  { 0x01bb1a24u, 33672u, 260u }, /* DT_CascadeLight */
  { 0x5c4145c5u, 33932u, 366u }, /* DT_ColorCorrection */
  { 0xc1b4deafu, 34298u, 187u }, /* DT_ColorCorrectionVolume */
  { 0x271af19cu, 34485u, 60u }, /* DT_DecoyGrenade */
  { 0x3f6bd915u, 34545u, 73u }, /* DT_DecoyProjectile */
  { 0x624f4793u, 34618u, 83u }, /* DT_DetailController */
  { 0x60245c52u, 34701u, 374u }, /* DT_DustTrail */
  { 0x0964fa55u, 35075u, 215u }, /* DT_DynamicLight */
  { 0xcac6fba6u, 35290u, 195u }, /* DT_DynamicProp */
  { 0x5e5b71f8u, 35485u, 102u }, /* DT_EconEntity */
  { 0x5becaff2u, 35587u, 136u }, /* DT_Embers */
  { 0x8a90fff8u, 35723u, 108u }, /* DT_EntityFlame */
  { 0x01f039bdu, 35831u, 189u }, /* DT_EntityFreezing */
  { 0x441c2ea5u, 36020u, 238u }, /* DT_EntityParticleTrail */
  { 0xdcd33ce9u, 36258u, 85u }, /* DT_EnvAmbientLight */
  { 0xccee439au, 36343u, 262u }, /* DT_EnvDOFController */
  { 0x2108c2f4u, 36605u, 94u }, /* DT_EnvParticleScript */
  { 0xf3c702aau, 36699u, 629u }, /* DT_EnvProjectedTexture */
  { 0xe6cad9e4u, 37328u, 103u }, /* DT_EnvScreenEffect */
  { 0x23812b33u, 37431u, 259u }, /* DT_EnvScreenOverlay */
  { 0x29daf1bdu, 37690u, 520u }, /* DT_EnvTonemapController */
  { 0xf90eb24bu, 38210u, 406u }, /* DT_EnvWind */
  { 0x2c12d1a3u, 38616u, 419u }, /* DT_FEPlayerDecal */
  { 0xa78b6b3bu, 39035u, 58u }, /* DT_FireCrackerBlast */
  { 0xaeb3112bu, 39093u, 216u }, /* DT_FireSmoke */
  { 0xd4b5ae06u, 39309u, 111u }, /* DT_FireTrail */
  { 0x69972e2eu, 39420u, 57u }, /* DT_Flashbang */
  { 0xc8f9fc46u, 39477u, 533u }, /* DT_FogController */
  { 0x9d9a6761u, 40010u, 106u }, /* DT_FootstepControl */
  { 0xdec16f2fu, 40116u, 187u }, /* DT_FuncAreaPortalWindow */
  { 0x0f2df548u, 40303u, 54u }, /* DT_FuncBrush */
  { 0xa54a70d5u, 40357u, 86u }, /* DT_FuncConveyor */
  { 0xb05745acu, 40443u, 188u }, /* DT_FuncLadder */
  { 0xd72dac9eu, 40631u, 55u }, /* DT_FuncMonitor */
  { 0xb85e50f0u, 40686u, 104u }, /* DT_FuncMoveLinear */
  { 0x4a11a823u, 40790u, 106u }, /* DT_FuncOccluder */
  { 0x75abb73fu, 40896u, 63u }, /* DT_FuncReflectiveGlass */
  { 0x5ea4ab00u, 40959u, 195u }, /* DT_FuncRotating */
  { 0xd429d1bbu, 41154u, 628u }, /* DT_FuncSmokeVolume */
  { 0xee724ed7u, 41782u, 59u }, /* DT_FuncTrackTrain */
  { 0x549c00b5u, 41841u, 647u }, /* DT_Func_Dust */
  { 0x399546a8u, 42488u, 115u }, /* DT_Func_LOD */
  { 0x94d849cdu, 42603u, 57u }, /* DT_HEGrenade */
  { 0xca0580fcu, 42660u, 100u }, /* DT_HandleTest */
  { 0xc3fbf9ebu, 42760u, 68u }, /* DT_HostageCarriableProp */
  { 0x4a370e3au, 42828u, 66u }, /* DT_IncendiaryGrenade */
  { 0x46ff3e75u, 42894u, 248u }, /* DT_Inferno */
  { 0x346f205bu, 43142u, 63u }, /* DT_InfoLadderDismount */
  { 0x5922922du, 43205u, 86u }, /* DT_InfoOverlayAccessor */
  { 0x819acc2du, 43291u, 77u }, /* DT_Item */
  { 0xfd8bdb24u, 43368u, 119u }, /* DT_ItemAssaultSuitUseable */
  { 0x5cb30c7cu, 43487u, 103u }, /* DT_ItemDogtags */
  { 0xf4086a24u, 43590u, 64u }, /* DT_Item_Healthshot */
  { 0x99db47cfu, 43654u, 319u }, /* DT_LightGlow */
  { 0xc2fe4102u, 43973u, 445u }, /* DT_MaterialModifyControl */
  { 0xbaeb0ef2u, 44418u, 62u }, /* DT_MolotovGrenade */
  { 0x24490733u, 44480u, 102u }, /* DT_MolotovProjectile */
  { 0x4f52c44cu, 44582u, 317u }, /* DT_MovieDisplay */
  { 0x4c5cf991u, 44899u, 67u }, /* DT_MovieExplosion */
  { 0xd3856f40u, 44966u, 61u }, /* DT_NextBot */
  { 0xed369cc4u, 45027u, 68u }, /* DT_ParticleFire */
  { 0x681658e8u, 45095u, 123u }, /* DT_ParticlePerformanceMonitor */
  { 0x39b055c1u, 45218u, 221u }, /* DT_ParticleSmokeGrenade */
  { 0x97b32ea1u, 45439u, 513u }, /* DT_ParticleSystem */
  { 0x1c12bd77u, 45952u, 70u }, /* DT_PhysBox */
  { 0x1bef54c5u, 46022u, 105u }, /* DT_PhysBoxMultiplayer */
  { 0xa4aefbe4u, 46127u, 58u }, /* DT_PhysMagnet */
  { 0x1e31e74au, 46185u, 103u }, /* DT_PhysicsProp */
  { 0x62a3ec7au, 46288u, 168u }, /* DT_PhysicsPropMultiplayer */
  { 0xfda73f75u, 46456u, 244u }, /* DT_PlantedC4 */
  { 0xe13a9578u, 46700u, 236u }, /* DT_Plasma */
  { 0x38d4fdc3u, 46936u, 415u }, /* DT_PlayerResource */
  { 0x3762580fu, 47351u, 275u }, /* DT_PointCamera */
  { 0xeee03de1u, 47626u, 286u }, /* DT_PointCommentaryNode */
  { 0x34b11773u, 47912u, 126u }, /* DT_PointWorldText */
  { 0x4b4e454fu, 48038u, 389u }, /* DT_PoseController */
  { 0x75d1a929u, 48427u, 142u }, /* DT_PostProcessController */
  { 0x5530e805u, 48569u, 83u }, /* DT_Precipitation */
  { 0x0a9f1d35u, 48652u, 65u }, /* DT_PrecipitationBlocker */
  { 0x0697c494u, 48717u, 66u }, /* DT_PredictedViewModel */
  { 0x867a83a7u, 48783u, 63u }, /* DT_PropDoorRotating */
  { 0x834857c3u, 48846u, 91u }, /* DT_PropJeep */
  { 0x9a959108u, 48937u, 593u }, /* DT_PropVehicleChoreoGeneric */
  { 0x04e1bc13u, 49530u, 437u }, /* DT_PropVehicleDriveable */
  { 0xa7219425u, 49967u, 142u }, /* DT_Prop_Hallucination */
  { 0xb426d1e2u, 50109u, 112u }, /* DT_ProxyToggle */
  { 0xfbd80667u, 50221u, 161u }, /* DT_QuadraticBeam */
  { 0xd01ea401u, 50382u, 229u }, /* DT_Ragdoll */
  { 0x98462cd0u, 50611u, 62u }, /* DT_RagdollManager */
  { 0xbe684322u, 50673u, 209u }, /* DT_Ragdoll_Attached */
  { 0x4f063902u, 50882u, 416u }, /* DT_RocketTrail */
  { 0xe5d76fcau, 51298u, 665u }, /* DT_RopeKeyframe */
  { 0x32bab1cdu, 51963u, 300u }, /* DT_SceneEntity */
  { 0xee917ee6u, 52263u, 61u }, /* DT_SensorGrenade */
  { 0x75c9aa45u, 52324u, 81u }, /* DT_SensorGrenadeProjectile */
  { 0xf97cf8c3u, 52405u, 209u }, /* DT_ShadowControl */
  { 0xa5a30a94u, 52614u, 301u }, /* DT_SlideshowDisplay */
  { 0x0b767407u, 52915u, 60u }, /* DT_SmokeGrenade */
  { 0x65118c5cu, 52975u, 145u }, /* DT_SmokeGrenadeProjectile */
  { 0xf56ecf59u, 53120u, 535u }, /* DT_SmokeStack */
  { 0x9f6ba2c5u, 53655u, 427u }, /* DT_SmokeTrail */
  { 0x3388fcbdu, 54082u, 177u }, /* DT_SpatialEntity */
  { 0x0eefd46au, 54259u, 244u }, /* DT_SporeExplosion */
  { 0x5f95c809u, 54503u, 240u }, /* DT_SporeTrail */
  { 0xd92c47dfu, 54743u, 103u }, /* DT_SpotlightEnd */
  { 0x21c64a4fu, 54846u, 355u }, /* DT_Sprite */
  { 0x3fafa133u, 55201u, 55u }, /* DT_SpriteOriented */
  { 0x9fc42c3du, 55256u, 272u }, /* DT_SpriteTrail */
  { 0xf116605bu, 55528u, 195u }, /* DT_StatueProp */
  { 0x70399335u, 55723u, 301u }, /* DT_SteamJet */
  { 0xd60de9c8u, 56024u, 226u }, /* DT_Sun */
  { 0x64d42d8du, 56250u, 324u }, /* DT_SunlightShadowControl */
  { 0xf8e5915du, 56574u, 63u }, /* DT_TEArmorRicochet */
  { 0x339c01e7u, 56637u, 123u }, /* DT_TEBSPDecal */
  { 0x660188abu, 56760u, 160u }, /* DT_TEBeamEntPoint */
  { 0x388ec2d0u, 56920u, 103u }, /* DT_TEBeamEnts */
  { 0x9c484443u, 57023u, 78u }, /* DT_TEBeamFollow */
  { 0x762dc31du, 57101u, 104u }, /* DT_TEBeamLaser */
  { 0x2de20e41u, 57205u, 107u }, /* DT_TEBeamPoints */
  { 0x758f978cu, 57312u, 103u }, /* DT_TEBeamRing */
  { 0xce651282u, 57415u, 134u }, /* DT_TEBeamRingPoint */
  { 0x2b5cf38fu, 57549u, 93u }, /* DT_TEBeamSpline */
  { 0xef8ac952u, 57642u, 194u }, /* DT_TEBloodSprite */
  { 0x0567e8a3u, 57836u, 164u }, /* DT_TEBloodStream */
  { 0x71981f81u, 58000u, 327u }, /* DT_TEBreakModel */
  { 0xdfb683f9u, 58327u, 192u }, /* DT_TEBubbleTrail */
  { 0x44c8e020u, 58519u, 187u }, /* DT_TEBubbles */
  { 0x4f321d61u, 58706u, 184u }, /* DT_TEClientProjectile */
  { 0x7f87095au, 58890u, 164u }, /* DT_TEDecal */
  { 0x46e5ebc9u, 59054u, 124u }, /* DT_TEDust */
  { 0xabf283ceu, 59178u, 206u }, /* DT_TEDynamicLight */
  { 0x16a83ecau, 59384u, 633u }, /* DT_TEEffectDispatch */
  { 0xac83724au, 60017u, 89u }, /* DT_TEEnergySplash */
  { 0xf14842dcu, 60106u, 248u }, /* DT_TEExplosion */
  { 0x2e0c91eeu, 60354u, 306u }, /* DT_TEFireBullets */
  { 0xcc851cb0u, 60660u, 146u }, /* DT_TEFizz */
  { 0xc8918b7du, 60806u, 184u }, /* DT_TEFootprintDecal */
  { 0xdab79413u, 60990u, 86u }, /* DT_TEFoundryHelpers */
  { 0xf0251a55u, 61076u, 112u }, /* DT_TEGaussExplosion */
  { 0xe6d04b71u, 61188u, 174u }, /* DT_TEGlowSprite */
  { 0x636cb1d3u, 61362u, 144u }, /* DT_TEImpact */
  { 0x37b2ac2au, 61506u, 93u }, /* DT_TEKillPlayerAttachments */
  { 0xad0ef03cu, 61599u, 112u }, /* DT_TELargeFunnel */
  { 0x11487b4au, 61711u, 64u }, /* DT_TEMetalSparks */
  { 0x33d76b92u, 61775u, 149u }, /* DT_TEMuzzleFlash */
  { 0xcdd57f2au, 61924u, 144u }, /* DT_TEParticleSystem */
  { 0x3914d037u, 62068u, 304u }, /* DT_TEPhysicsProp */
  { 0xd5bfd512u, 62372u, 86u }, /* DT_TEPlantBomb */
  { 0x5cbc2e8bu, 62458u, 88u }, /* DT_TEPlayerAnimEvent */
  { 0x1cfa82d1u, 62546u, 193u }, /* DT_TEPlayerDecal */
  { 0x267bee14u, 62739u, 158u }, /* DT_TEProjectedDecal */
  { 0xf849fdd9u, 62897u, 89u }, /* DT_TERadioIcon */
  { 0x086f5fe9u, 62986u, 430u }, /* DT_TEShatterSurface */
  { 0xd4be0862u, 63416u, 81u }, /* DT_TEShowLine */
  { 0xc16d6132u, 63497u, 149u }, /* DT_TESmoke */
  { 0x29f74f47u, 63646u, 129u }, /* DT_TESparks */
  { 0x70bc1008u, 63775u, 151u }, /* DT_TESprite */
  { 0xf3c25aadu, 63926u, 197u }, /* DT_TESpriteSpray */
  { 0x3f9b94d0u, 64123u, 104u }, /* DT_TEWorldDecal */
  { 0x27a017a7u, 64227u, 486u }, /* DT_Team */
  { 0x14caabd9u, 64713u, 463u }, /* DT_TeamplayRoundBasedRules */
  { 0x082c370fu, 65176u, 149u }, /* DT_TeamplayRoundBasedRulesProxy */
  { 0x6251540du, 65325u, 100u }, /* DT_Tesla */
  { 0xe9635781u, 65425u, 177u }, /* DT_TestTraceline */
  { 0xc8de5e96u, 65602u, 67u }, /* DT_TriggerPlayerMovement */
  { 0xc95d981du, 65669u, 94u }, /* DT_TriggerSoundOperator */
  { 0xda74c77fu, 65763u, 235u }, /* DT_VGuiScreen */
  { 0xd70f3e8au, 65998u, 222u }, /* DT_VoteController */
  { 0xa9b80a15u, 66220u, 59u }, /* DT_WaterBullet */
  { 0xc31d0d11u, 66279u, 137u }, /* DT_WaterLODControl */
  { 0x44dd9ebfu, 66416u, 60u }, /* DT_WeaponAK47 */
  { 0x8beefebau, 66476u, 59u }, /* DT_WeaponAWP */
  { 0x969ae0fdu, 66535u, 59u }, /* DT_WeaponAug */
  { 0x0ef40804u, 66594u, 82u }, /* DT_WeaponBaseItem */
  { 0x40b34d82u, 66676u, 61u }, /* DT_WeaponBizon */
  { 0x03b14389u, 66737u, 197u }, /* DT_WeaponC4 */
  { 0x20093b89u, 66934u, 443u }, /* DT_WeaponCSBase */
  { 0xea7e6f79u, 67377u, 119u }, /* DT_WeaponCSBaseGun */
  { 0xda9f6ecbu, 67496u, 64u }, /* DT_WeaponCubemap */
  { 0x6bddf1a6u, 67560u, 63u }, /* DT_WeaponCycler */
  { 0x1de532bau, 67623u, 62u }, /* DT_WeaponDEagle */
  { 0x46094fbdu, 67685u, 61u }, /* DT_WeaponElite */
  { 0xb299ecaeu, 67746u, 61u }, /* DT_WeaponFamas */
  { 0x2683afd3u, 67807u, 65u }, /* DT_WeaponFiveSeven */
  { 0x4a3ed269u, 67872u, 61u }, /* DT_WeaponG3SG1 */
  { 0x00536aa3u, 67933u, 61u }, /* DT_WeaponGalil */
  { 0x12ea3bfcu, 67994u, 63u }, /* DT_WeaponGalilAR */
  { 0x8561f254u, 68057u, 61u }, /* DT_WeaponGlock */
  { 0x75773093u, 68118u, 63u }, /* DT_WeaponHKP2000 */
  { 0x649eb127u, 68181u, 58u }, /* DT_WeaponKnife */
  { 0xcf5ef025u, 68239u, 59u }, /* DT_WeaponKnifeGG */
  { 0x91863ac2u, 68298u, 60u }, /* DT_WeaponM249 */
  { 0x8c98834eu, 68358u, 80u }, /* DT_WeaponM3 */
  { 0xdc0cf6b9u, 68438u, 60u }, /* DT_WeaponM4A1 */
  { 0x20794e60u, 68498u, 61u }, /* DT_WeaponMAC10 */
  { 0xb008669eu, 68559u, 63u }, /* DT_WeaponMP5Navy */
  { 0x4d63a144u, 68622u, 59u }, /* DT_WeaponMP7 */
  { 0x43639186u, 68681u, 59u }, /* DT_WeaponMP9 */
  { 0x38922b4eu, 68740u, 60u }, /* DT_WeaponMag7 */
  { 0xc16c21c0u, 68800u, 82u }, /* DT_WeaponNOVA */
  { 0xa9a17723u, 68882u, 61u }, /* DT_WeaponNegev */
  { 0x80fb0682u, 68943u, 60u }, /* DT_WeaponP228 */
  { 0xfb028255u, 69003u, 60u }, /* DT_WeaponP250 */
  { 0xa6e2ac9bu, 69063u, 59u }, /* DT_WeaponP90 */
  { 0x554e0d57u, 69122u, 62u }, /* DT_WeaponSCAR17 */
  { 0x4c4bc095u, 69184u, 62u }, /* DT_WeaponSCAR20 */
  { 0xab6389eau, 69246u, 61u }, /* DT_WeaponSG550 */
  { 0xa96386c4u, 69307u, 61u }, /* DT_WeaponSG552 */
  { 0xa5638078u, 69368u, 61u }, /* DT_WeaponSG556 */
  { 0x7ae2de11u, 69429u, 61u }, /* DT_WeaponSSG08 */
  { 0x644ac72bu, 69490u, 86u }, /* DT_WeaponSawedoff */
  { 0x4fc528c0u, 69576u, 61u }, /* DT_WeaponScout */
  { 0xd2c6cfbbu, 69637u, 59u }, /* DT_WeaponTMP */
  { 0xa0237eadu, 69696u, 84u }, /* DT_WeaponTaser */
  { 0x5c9082cdu, 69780u, 60u }, /* DT_WeaponTec9 */
  { 0x1e6d5ec7u, 69840u, 61u }, /* DT_WeaponUMP45 */
  { 0xf9a462e2u, 69901u, 59u }, /* DT_WeaponUSP */
  { 0x191ed549u, 69960u, 84u }, /* DT_WeaponXM1014 */
  { 0xc2549df2u, 70044u, 57u }, /* DT_WearableItem */
  { 0x3879ee82u, 70101u, 372u }, /* DT_World */
};

typedef struct { unsigned int name_hash; const char *dt_name; } class_alias;
static const class_alias g_class_alias[210] = {
  { 0x94d56933u, "DT_WeaponAK47" }, /* CAK47 */
  { 0xe3820c5eu, "DT_WeaponAWP" }, /* CAWP */
  { 0xc6cb8069u, "DT_WeaponAug" }, /* CAug */
  { 0xd134a6b7u, "DT_BaseCombatWeapon" }, /* CBaseCombatWeapon */
  { 0x4fbffc77u, "DT_BaseViewModel" }, /* CBaseViewModel */
  { 0xd467de2eu, "DT_WeaponBizon" }, /* CBizon */
  { 0x1d49b0b5u, "DT_WeaponC4" }, /* CC4 */
  { 0x242d3adbu, "DT_CSGameRulesProxy" }, /* CCSGameRulesProxy */
  { 0xbee9b915u, "DT_CSPlayerResource" }, /* CCSPlayerResource */
  { 0x8290c3ebu, "DT_CSRagdoll" }, /* CCSRagdoll */
  { 0x1ce326c9u, "DT_CSTeam" }, /* CCSTeam */
  { 0x66d7920du, "DT_CChicken" }, /* CChicken */
  { 0x785fd286u, "DT_WeaponDEagle" }, /* CDEagle */
  { 0x46eac559u, "DT_WeaponElite" }, /* CElite */
  { 0x7e5b4d7au, "DT_WeaponFamas" }, /* CFamas */
  { 0xc43c8434u, "DT_CFish" }, /* CFish */
  { 0x96acd417u, "DT_WeaponFiveSeven" }, /* CFiveSeven */
  { 0xb15ddf75u, "DT_WeaponG3SG1" }, /* CG3SG1 */
  { 0x8d9c6bb7u, "DT_WeaponGalil" }, /* CGalil */
  { 0xca873530u, "DT_WeaponGalilAR" }, /* CGalilAR */
  { 0xdbfb5968u, "DT_WeaponGlock" }, /* CGlock */
  { 0x0cd8b76fu, "DT_WeaponHKP2000" }, /* CHKP2000 */
  { 0x1a122bdfu, "DT_CHostage" }, /* CHostage */
  { 0x94e0448eu, "DT_IncendiaryGrenade" }, /* CIncendiaryGrenade */
  { 0x2551a83bu, "DT_WeaponKnife" }, /* CKnife */
  { 0x30c19609u, "DT_WeaponKnifeGG" }, /* CKnifeGG */
  { 0x94e478e6u, "DT_WeaponM249" }, /* CM249 */
  { 0x2e6c5dbau, "DT_WeaponM3" }, /* CM3 */
  { 0x166e688du, "DT_WeaponM4A1" }, /* CM4A1 */
  { 0x8eb539c4u, "DT_WeaponMAC10" }, /* CMAC10 */
  { 0x4024eefau, "DT_WeaponMP5Navy" }, /* CMP5Navy */
  { 0x12833950u, "DT_WeaponMP7" }, /* CMP7 */
  { 0x20834f5au, "DT_WeaponMP9" }, /* CMP9 */
  { 0xc351dbcau, "DT_WeaponMag7" }, /* CMag7 */
  { 0xc6cb3bbcu, "DT_WeaponNOVA" }, /* CNOVA */
  { 0xe041a7a7u, "DT_WeaponNegev" }, /* CNegev */
  { 0x82b31ed6u, "DT_WeaponP228" }, /* CP228 */
  { 0x0ca72c21u, "DT_WeaponP250" }, /* CP250 */
  { 0x4f2790a7u, "DT_WeaponP90" }, /* CP90 */
  { 0x6c3cbea7u, "DT_PlayerResource" }, /* CPlayerResource */
  { 0x3de3b560u, "DT_PredictedViewModel" }, /* CPredictedViewModel */
  { 0x5b282693u, "DT_WeaponSCAR17" }, /* CSCAR17 */
  { 0x5a25e669u, "DT_WeaponSCAR20" }, /* CSCAR20 */
  { 0x24b3de5eu, "DT_WeaponSG550" }, /* CSG550 */
  { 0x22b3db38u, "DT_WeaponSG552" }, /* CSG552 */
  { 0x26b3e184u, "DT_WeaponSG556" }, /* CSG556 */
  { 0xd38406d5u, "DT_WeaponSSG08" }, /* CSSG08 */
  { 0x634219afu, "DT_WeaponSawedoff" }, /* CSawedoff */
  { 0x2da90614u, "DT_WeaponScout" }, /* CScout */
  { 0x21b68727u, "DT_WeaponTMP" }, /* CTMP */
  { 0xe76f6ef9u, "DT_WeaponTaser" }, /* CTaser */
  { 0xaf5a77e3u, "DT_Team" }, /* CTeam */
  { 0xdf5f40a1u, "DT_WeaponTec9" }, /* CTec9 */
  { 0x553d44c3u, "DT_WeaponUMP45" }, /* CUMP45 */
  { 0x78a7ed96u, "DT_WeaponUSP" }, /* CUSP */
  { 0x22860ef3u, "DT_WeaponAK47" }, /* CWeaponAK47 */
  { 0xda7c9e1eu, "DT_WeaponAWP" }, /* CWeaponAWP */
  { 0xbdc7a529u, "DT_WeaponAug" }, /* CWeaponAug */
  { 0x675961eeu, "DT_WeaponBizon" }, /* CWeaponBizon */
  { 0x46b626f5u, "DT_WeaponC4" }, /* CWeaponC4 */
  { 0x6fac8095u, "DT_WeaponCSBase" }, /* CWeaponCSBase */
  { 0x3b072f95u, "DT_WeaponCSBaseGun" }, /* CWeaponCSBaseGun */
  { 0x0a930346u, "DT_WeaponDEagle" }, /* CWeaponDEagle */
  { 0xdc56b219u, "DT_WeaponElite" }, /* CWeaponElite */
  { 0x5953003au, "DT_WeaponFamas" }, /* CWeaponFamas */
  { 0x4601d2d7u, "DT_WeaponFiveSeven" }, /* CWeaponFiveSeven */
  { 0xda6fb535u, "DT_WeaponG3SG1" }, /* CWeaponG3SG1 */
  { 0x6619b577u, "DT_WeaponGalil" }, /* CWeaponGalil */
  { 0xdd5389f0u, "DT_WeaponGalilAR" }, /* CWeaponGalilAR */
  { 0xb6f30c28u, "DT_WeaponGlock" }, /* CWeaponGlock */
  { 0xd1a2682fu, "DT_WeaponHKP2000" }, /* CWeaponHKP2000 */
  { 0xbabf27fbu, "DT_WeaponKnife" }, /* CWeaponKnife */
  { 0xa7ce7dc9u, "DT_WeaponKnifeGG" }, /* CWeaponKnifeGG */
  { 0xaf3b7926u, "DT_WeaponM249" }, /* CWeaponM249 */
  { 0x57d8d3fau, "DT_WeaponM3" }, /* CWeaponM3 */
  { 0x32029d4du, "DT_WeaponM4A1" }, /* CWeaponM4A1 */
  { 0xbc317084u, "DT_WeaponMAC10" }, /* CWeaponMAC10 */
  { 0x7f55133au, "DT_WeaponMP5Navy" }, /* CWeaponMP5Navy */
  { 0x87042b90u, "DT_WeaponMP7" }, /* CWeaponMP7 */
  { 0x9504419au, "DT_WeaponMP9" }, /* CWeaponMP9 */
  { 0x6912020au, "DT_WeaponMag7" }, /* CWeaponMag7 */
  { 0xd5b84c7cu, "DT_WeaponNOVA" }, /* CWeaponNOVA */
  { 0x9f73cf67u, "DT_WeaponNegev" }, /* CWeaponNegev */
  { 0x9d0a1f16u, "DT_WeaponP228" }, /* CWeaponP228 */
  { 0x26fe2c61u, "DT_WeaponP250" }, /* CWeaponP250 */
  { 0xc4e5b767u, "DT_WeaponP90" }, /* CWeaponP90 */
  { 0xe9a07453u, "DT_WeaponSCAR17" }, /* CWeaponSCAR17 */
  { 0xe89e3429u, "DT_WeaponSCAR20" }, /* CWeaponSCAR20 */
  { 0xf1c8cb9eu, "DT_WeaponSG550" }, /* CWeaponSG550 */
  { 0xefc8c878u, "DT_WeaponSG552" }, /* CWeaponSG552 */
  { 0xf3c8cec4u, "DT_WeaponSG556" }, /* CWeaponSG556 */
  { 0x13f29995u, "DT_WeaponSSG08" }, /* CWeaponSSG08 */
  { 0x382a766fu, "DT_WeaponSawedoff" }, /* CWeaponSawedoff */
  { 0x0627e2d4u, "DT_WeaponScout" }, /* CWeaponScout */
  { 0x18b2abe7u, "DT_WeaponTMP" }, /* CWeaponTMP */
  { 0xa91a6cb9u, "DT_WeaponTaser" }, /* CWeaponTaser */
  { 0x6bd2b1e1u, "DT_WeaponTec9" }, /* CWeaponTec9 */
  { 0x95abd783u, "DT_WeaponUMP45" }, /* CWeaponUMP45 */
  { 0x6fa27f56u, "DT_WeaponUSP" }, /* CWeaponUSP */
  { 0xd072d1bdu, "DT_WeaponXM1014" }, /* CWeaponXM1014 */
  { 0x5fc918fdu, "DT_WeaponXM1014" }, /* CXM1014 */
/* Task 34-d (R45): +109 алиасов CS2 C_* -> S1 DT_* (спецификация t35-spec-r45).
 * S2 svc_ClassInfo.class_name несёт имена клиентских классов CS2 ("C_CSPlayerPawn");
 * правило c2b_rule_dt() префикс "C_" не снимает (p[1]=='_') и цель "DT_C_..." в
 * блобе отсутствует -> g_dt_misses. Хеши = c2b_fnv1a(S2-имя), алгоритм сверен с
 * существующими 101 записями (воспроизводит все). Каждая DT-цель проверена на
 * вхождение в g_dt_index (275 записей) -- см. analysis/audit_t35/r45_alias.md. */
  { 0x87cce03eu, "DT_CSPlayer" }, /* C_CSPlayerPawn */
  { 0xabb6d743u, "DT_CSPlayer" }, /* C_CSPlayerPawnBase */
  { 0xe5ba5295u, "DT_CSPlayer" }, /* C_CSObserverPawn */
  { 0xc6b70690u, "DT_CSPlayer" }, /* C_CSPlayerController */
  { 0x4ab1b579u, "DT_BasePlayer" }, /* C_BasePlayerPawn */
  { 0x6312b19fu, "DT_BasePlayer" }, /* C_BasePlayerController */
  { 0x0c4c0820u, "DT_BaseCombatCharacter" }, /* C_BasePawn */
  { 0x00d6ba60u, "DT_CSRagdoll" }, /* C_CSRagdoll */
  { 0x313072e3u, "DT_BaseCombatWeapon" }, /* C_BasePlayerWeapon */
  { 0x345f9af6u, "DT_BaseCombatWeapon" }, /* C_BaseCombatWeapon */
  { 0x94928a30u, "DT_WeaponCSBase" }, /* C_WeaponCSBase */
  { 0x0625ed0au, "DT_WeaponCSBaseGun" }, /* C_WeaponCSBaseGun */
  { 0x4cced851u, "DT_WeaponBaseItem" }, /* C_WeaponBaseItem */
  { 0xf2d957f3u, "DT_BaseWeaponWorldModel" }, /* C_BaseWeaponWorldModel */
  { 0xffedba19u, "DT_EconEntity" }, /* C_EconEntity */
  { 0x17799faeu, "DT_WeaponAK47" }, /* C_AK47 */
  { 0xbd33cf6du, "DT_WeaponAWP" }, /* C_AWP */
  { 0x95e85d56u, "DT_WeaponAug" }, /* C_Aug */
  { 0xcbb23301u, "DT_WeaponBizon" }, /* C_Bizon */
  { 0x75ddc158u, "DT_WeaponC4" }, /* C_C4 */
  { 0x5e46422bu, "DT_WeaponDEagle" }, /* C_DEagle */
  { 0x6719de52u, "DT_WeaponElite" }, /* C_Elite */
  { 0x379f7c79u, "DT_WeaponFamas" }, /* C_Famas */
  { 0x29c0e1e8u, "DT_WeaponFiveSeven" }, /* C_FiveSeven */
  { 0x8c4e31deu, "DT_WeaponG3SG1" }, /* C_G3SG1 */
  { 0x26d8c0f0u, "DT_WeaponGalil" }, /* C_Galil */
  { 0x501ddd63u, "DT_WeaponGalilAR" }, /* C_GalilAR */
  { 0x78c00237u, "DT_WeaponGlock" }, /* C_Glock */
  { 0x70ca6f04u, "DT_WeaponHKP2000" }, /* C_HKP2000 */
  { 0x3b23e3edu, "DT_WeaponUSP" }, /* C_USP */
  { 0x9593395bu, "DT_WeaponM249" }, /* C_M249 */
  { 0xcc48e864u, "DT_WeaponM4A1" }, /* C_M4A1 */
  { 0xc948e3abu, "DT_WeaponM4A1" }, /* C_M4A4 */
  { 0xaca0db93u, "DT_WeaponMAC10" }, /* C_MAC10 */
  { 0xb5fd67eau, "DT_WeaponMP5Navy" }, /* C_MP5SD */
  { 0x088998d7u, "DT_WeaponMP7" }, /* C_MP7 */
  { 0xfe898919u, "DT_WeaponMP9" }, /* C_MP9 */
  { 0xe2f855bbu, "DT_WeaponMag7" }, /* C_Mag7 */
  { 0x92bb5a8du, "DT_WeaponNOVA" }, /* C_NOVA */
  { 0x6f5289d0u, "DT_WeaponNegev" }, /* C_Negev */
  { 0x288fa270u, "DT_WeaponP250" }, /* C_P250 */
  { 0x6569210cu, "DT_WeaponP90" }, /* C_P90 */
  { 0x4b51a0cau, "DT_WeaponSCAR17" }, /* C_SCAR17 */
  { 0x344ac0d0u, "DT_WeaponSCAR20" }, /* C_SCAR20 */
  { 0x0974d1d7u, "DT_WeaponSG556" }, /* C_SG556 */
  { 0xf321c8b6u, "DT_WeaponSSG08" }, /* C_SSG08 */
  { 0xcd5f4cc6u, "DT_WeaponSawedoff" }, /* C_Sawedoff */
  { 0x6ef741c4u, "DT_WeaponTec9" }, /* C_Tec9 */
  { 0x82da2250u, "DT_WeaponUMP45" }, /* C_UMP45 */
  { 0xe57f0de4u, "DT_WeaponXM1014" }, /* C_XM1014 */
  { 0x008e7614u, "DT_WeaponKnife" }, /* C_Knife */
  { 0xa27882aau, "DT_WeaponKnifeGG" }, /* C_KnifeGG */
  { 0xce6ed5dau, "DT_WeaponTaser" }, /* C_Taser */
  { 0xcd6a98e0u, "DT_BaseGrenade" }, /* C_BaseGrenade */
  { 0xa5918131u, "DT_Flashbang" }, /* C_Flashbang */
  { 0x17061a06u, "DT_HEGrenade" }, /* C_HEGrenade */
  { 0x461e9086u, "DT_SmokeGrenade" }, /* C_SmokeGrenade */
  { 0x4e65f325u, "DT_SmokeGrenadeProjectile" }, /* C_SmokeGrenadeProjectile */
  { 0x39576cb7u, "DT_MolotovGrenade" }, /* C_MolotovGrenade */
  { 0xf6ca69ecu, "DT_MolotovProjectile" }, /* C_MolotovProjectile */
  { 0xa3c79b95u, "DT_IncendiaryGrenade" }, /* C_IncendiaryGrenade */
  { 0x09dbd8fdu, "DT_DecoyGrenade" }, /* C_DecoyGrenade */
  { 0x40987e9au, "DT_DecoyProjectile" }, /* C_DecoyProjectile */
  { 0x24ea7ab1u, "DT_SensorGrenade" }, /* C_SensorGrenade */
  { 0x00e52e4eu, "DT_SensorGrenadeProjectile" }, /* C_SensorGrenadeProjectile */
  { 0x53418125u, "DT_BaseCSGrenadeProjectile" }, /* C_BaseCSGrenadeProjectile */
  { 0xf9c281cau, "DT_PlantedC4" }, /* C_PlantedC4 */
  { 0x75bf5742u, "DT_CSGameRulesProxy" }, /* C_CSGameRulesProxy */
  { 0xf034a77cu, "DT_CSPlayerResource" }, /* C_CSPlayerResource */
  { 0x1982508eu, "DT_PlayerResource" }, /* C_PlayerResource */
  { 0x9ef17d26u, "DT_Team" }, /* C_Team */
  { 0x911d9134u, "DT_CSTeam" }, /* C_CSTeam */
  { 0x8f3361a3u, "DT_VoteController" }, /* C_VoteController */
  { 0xfd860c36u, "DT_TeamplayRoundBasedRulesProxy" }, /* C_TeamplayRoundBasedRulesProxy */
  { 0xf5c64e48u, "DT_GameRulesProxy" }, /* C_GameRulesProxy */
  { 0xc5e5f750u, "DT_BaseViewModel" }, /* C_BaseViewModel */
  { 0x45e92f39u, "DT_PredictedViewModel" }, /* C_PredictedViewModel */
  { 0xa969397fu, "DT_WearableItem" }, /* C_WearableItem */
  { 0x8d5ea197u, "DT_Item_Healthshot" }, /* C_Item_Healthshot */
  { 0x567409b3u, "DT_ItemDogtags" }, /* C_ItemDogtags */
  { 0xfc218c30u, "DT_Item" }, /* C_Item */
  { 0x94f0c692u, "DT_CChicken" }, /* C_Chicken */
  { 0x6d5cd2edu, "DT_CFish" }, /* C_Fish */
  { 0x0a2c3d20u, "DT_CHostage" }, /* C_Hostage */
  { 0x4c48072eu, "DT_HostageCarriableProp" }, /* C_HostageCarriableProp */
  { 0x41a8368eu, "DT_Inferno" }, /* C_Inferno */
  { 0xad839a2du, "DT_PhysicsProp" }, /* C_PhysicsProp */
  { 0x5c7cb773u, "DT_PhysicsPropMultiplayer" }, /* C_PhysicsPropMultiplayer */
  { 0xd91e9005u, "DT_DynamicProp" }, /* C_DynamicProp */
  { 0xeb8ebf5eu, "DT_PropDoorRotating" }, /* C_PropDoorRotating */
  { 0x2a1e8345u, "DT_World" }, /* C_World */
  { 0x6a873a3fu, "DT_BreakableProp" }, /* C_BreakableProp */
  { 0xd72b7e9du, "DT_BreakableSurface" }, /* C_BreakableSurface */
  { 0xb9d89d1du, "DT_BaseFlex" }, /* C_BaseFlex */
  { 0x8c86dfe9u, "DT_BaseEntity" }, /* C_BaseEntity */
  { 0x557d5a10u, "DT_BaseEntity" }, /* C_BaseModelEntity */
  { 0x8485ee40u, "DT_Beam" }, /* C_Beam */
  { 0x646bb5ccu, "DT_BeamSpotlight" }, /* C_BeamSpotlight */
  { 0x0e788f39u, "DT_CascadeLight" }, /* C_CascadeLight */
  { 0xa53aa77au, "DT_EnvAmbientLight" }, /* C_EnvAmbientLight */
  { 0x2c3d93ddu, "DT_EnvProjectedTexture" }, /* C_EnvProjectedTexture */
  { 0x1dfc85e8u, "DT_EnvWind" }, /* C_EnvWind */
  { 0x6aa7980cu, "DT_EnvTonemapController" }, /* C_EnvTonemapController */
  { 0x5a6d6f4du, "DT_FogController" }, /* C_FogController */
  { 0xf5fe194fu, "DT_Sun" }, /* C_Sun */
  { 0xafba4a58u, "DT_ParticleSystem" }, /* C_ParticleSystem */
  { 0x6b1b73aau, "DT_SceneEntity" }, /* C_SceneEntity */
  { 0xf2b5ec60u, "DT_PointCamera" }, /* C_PointCamera */
  { 0x1a59dea3u, "DT_EntityFlame" }, /* C_EntityFlame */

};

#endif /* S2S1_DT_BLOB_H */
